location,time,latitude,longitude
*AT PUBLIC LOT / W BROADWAY,4:57:00 PM,,
1 BROOK MARSHALL RD,12:39:00 PM,,
1 BROOK MARSHALL RD,12:40:00 PM,,
1 BROOK MARSHALL RD,12:41:00 PM,,
1 HUDSON ST,6:31:00 PM,42.3511,-71.0603
1 HUDSON ST,12:51:00 PM,42.3511,-71.0603
1 WARRENTON PL,12:03:00 PM,,
10 ARLINGTON ST,4:12:00 PM,42.3543,-71.0722
10 ARLINGTON ST,4:11:00 PM,42.3543,-71.0722
10 ARLINGTON ST,4:10:00 PM,42.3543,-71.0722
10 BEACON ST,1:39:00 PM,,
10 BEACON ST,12:18:00 PM,,
10 BOWDOIN ST,4:10:00 PM,42.3605,-71.0625
10 OTIS ST,3:45:00 PM,,
10 OTIS ST,1:49:00 PM,,
10 OTIS ST,1:48:00 PM,,
100 BLACKSTONE ST,2:17:00 PM,42.3616,-71.0564
100 CAMBRIDGE ST,12:12:00 PM,42.3606,-71.0621
100 CAMBRIDGE ST,3:25:00 PM,42.3606,-71.0621
100 EAST NEWTON ST,12:10:00 PM,42.3363,-71.0702
100 MILK ST,5:47:00 PM,42.3572,-71.0555
100 MILK ST,5:48:00 PM,42.3572,-71.0555
101 SYDNEY ST,5:29:00 PM,42.3151,-71.0524
102 SYDNEY ST,5:28:00 PM,42.3153,-71.0527
105 SYDNEY ST,12:56:00 PM,42.3153,-71.0524
106 ALBAN ST,2:12:00 PM,,
106 COMMERCIAL ST,2:07:00 PM,42.3619,-71.053
107 SYDNEY ST,5:26:00 PM,42.3153,-71.0524
108 BLACKSTONE ST,2:57:00 PM,42.3617,-71.0565
11 CHURCH ST,1:56:00 PM,42.3485,-71.0676
11 HUDSON ST,6:33:00 PM,42.3508,-71.0601
11 HUDSON ST,12:53:00 PM,42.3508,-71.0601
11 TYLER ST,12:48:00 PM,42.2465,-71.1254
11 TYLER ST,6:42:00 PM,42.2465,-71.1254
11 TYLER ST,3:41:00 PM,42.2465,-71.1254
11 TYLER ST,12:47:00 PM,42.2465,-71.1254
110 NEWBURY ST C-D,3:56:00 PM,,
110 NEWBURY ST C-D,2:45:00 PM,,
111 ALBAN ST,2:10:00 PM,42.2887,-71.0669
112 EDGERLY RD,1:46:00 PM,,
12 BEACON ST,1:40:00 PM,42.3578,-71.0623
12 BOWDOIN ST,2:07:00 PM,42.2997,-71.073
121 W 1ST ST,5:23:00 PM,,
1211 COMMONWEALTH AV,4:18:00 PM,42.3509,-71.1307
122 DEWITT DR,12:48:00 PM,42.3328,-71.0847
122 DEWITT DR,12:48:00 PM,42.3328,-71.0847
1237 COMMONWEALTH AV,4:25:00 PM,42.3505,-71.1316
1243 COMMONWEALTH AV,4:28:00 PM,,
1245 COMMONWEALTH AV,4:34:00 PM,,
1245 COMMONWEALTH AV,4:31:00 PM,,
1247 COMMONWEALTH AV,4:35:00 PM,42.3503,-71.132
1247 COMMONWEALTH AV,4:38:00 PM,42.3503,-71.132
125 KINGSTON ST,1:04:00 PM,42.352,-71.0595
125 TREMONT ST,12:00:00 PM,,
1251 COMMONWEALTH AVE,4:32:00 PM,42.3501,-71.1326
126 HIGH ST,2:10:00 PM,42.3556,-71.0539
126 HIGH ST,2:10:00 PM,42.3556,-71.0539
126 N WASHINGTON,5:14:00 PM,,
13 WORCESTER ST,5:16:00 PM,42.3379,-71.0759
131 CLARENDON ST,1:52:00 PM,,
131 DARTMOUTH ST,3:54:00 PM,42.3466,-71.0754
131 DARTMOUTH ST,12:44:00 PM,42.3466,-71.0754
135 CLARENDON ST,12:03:00 PM,,
135 NEWBURY ST C-D,2:41:00 PM,,
136 HARRISON AVE,6:01:00 PM,42.3498,-71.0615
137 BRIGHTON AVE,1:59:00 PM,42.3531,-71.1314
138 FULTON ST,1:01:00 PM,42.3635,-71.0522
139 BRIGHTON AVE,2:00:00 PM,42.3531,-71.1315
14 BEACON ST,12:17:00 PM,42.253,-71.1176
14 BOWDOIN ST,2:09:00 PM,42.2997,-71.073
14 BOWDOIN ST,4:10:00 PM,42.2997,-71.073
14 BOWDOIN ST,4:10:00 PM,42.2997,-71.073
14 BOWDOIN ST,5:43:00 PM,42.2997,-71.073
14 COTTAGE ST,1:08:00 PM,42.3661,-71.0367
14 COTTAGE ST,1:07:00 PM,42.3661,-71.0367
140 CLARENDON ST,1:56:00 PM,42.3486,-71.0744
140 CLARENDON ST,12:12:00 PM,42.3486,-71.0744
143 BRIGHTON AVE,2:01:00 PM,42.3531,-71.1315
15 BOSWORTH ST,1:41:00 PM,,
15 CARSON ST,12:12:00 PM,42.32,-71.0539
15 LONDON ST,12:42:00 PM,,
15 SAINT GEORGE STREET,1:02:00 PM,42.3381,-71.0724
15 SPRING GARDEN ST,12:40:00 PM,42.3182,-71.0535
15 UNION ST,2:43:00 PM,42.3609,-71.0567
150 HARRISON AV,5:43:00 PM,42.3494,-71.0618
150 HARRISON AVE,6:03:00 PM,42.3494,-71.0618
154 NEWBURY ST,2:39:00 PM,42.3505,-71.0781
154 STUART ST,2:49:00 PM,,
155 WARREN AVE,2:52:00 PM,42.3442,-71.0755
155 WARREN AVE,2:52:00 PM,42.3442,-71.0755
16 BLOSSOM ST,1:18:00 PM,42.3617,-71.0672
16 BOWDOIN ST,4:11:00 PM,42.2997,-71.073
161 NEWBURY ST D-E,3:59:00 PM,,
162 BLUE HILL AVE,5:48:00 PM,,
162 COLUMBUS AV,12:39:00 PM,42.3493,-71.0706
1638 WASHINGTON ST,12:40:00 PM,,
167 NEWBURY ST D-E,4:01:00 PM,,
169 SCHOOL ST,1:06:00 PM,42.317,-71.1011
17 *AT PUBLIC LOT,1:38:00 PM,,
17 *AT PUBLIC LOT,1:43:00 PM,,
17 *AT PUBLIC LOT,1:41:00 PM,,
17 ALBAN ST,2:14:00 PM,42.286,-71.0655
17 ALBAN ST,2:15:00 PM,42.286,-71.0655
17 COTTAGE ST,1:07:00 PM,42.3661,-71.0363
17 SPRING GARDEN ST,12:42:00 PM,42.3181,-71.0535
17 WENSLEY ST,12:10:00 PM,,
170 NEWBURY ST D-E,2:44:00 PM,,
173 NEWBURY ST,1:00:00 PM,42.3507,-71.0792
1746 WASHINGTON ST,12:00:00 PM,42.3364,-71.0766
1758 COMMONWEALTH AVE,6:58:00 PM,42.3408,-71.1498
176 COMMONWEALTH AVE,5:52:00 PM,42.3511,-71.0793
179 H ST,6:58:00 PM,42.3317,-71.0416
18 ARLINGTON ST,3:23:00 PM,42.3523,-71.0712
18 ARLINGTON ST,3:23:00 PM,42.3523,-71.0712
18 BLOSSOM ST,1:16:00 PM,42.3617,-71.0672
180 COMMONWEALTH AVE,5:51:00 PM,42.3511,-71.0795
181 SOUTH ST,4:05:00 PM,,
186 LINCOLN ST,4:00:00 PM,42.3504,-71.0585
186 LINCOLN ST,3:58:00 PM,42.3504,-71.0585
19 CLARENDON ST,2:06:00 PM,42.3447,-71.072
19 CLARENDON ST,2:07:00 PM,42.3447,-71.072
19 CLARENDON ST,2:09:00 PM,42.3447,-71.072
19 GAVIN WAY,6:18:00 PM,,
19 HARRISON AVE,3:33:00 PM,42.352,-71.0615
19 HARRISON AVE,12:37:00 PM,42.352,-71.0615
19 SPRING GARDEN ST,12:43:00 PM,42.3181,-71.0535
19 STANIFORD ST,12:08:00 PM,,
19 STANIFORD ST,5:34:00 PM,,
19 STANIFORD ST,5:36:00 PM,,
19 STANIFORD ST,12:06:00 PM,,
195 SYDNEY ST,12:34:00 PM,42.3184,-71.0524
197 CALUMET ST,12:02:00 PM,42.3289,-71.1011
199 BRIGHTON AVE,1:46:00 PM,,
2 2ND AVE,12:45:00 PM,,
2 CLARENDON ST,2:10:00 PM,42.3442,-71.0724
2 OLIVER ST,1:37:00 PM,,
2 OLIVER ST,1:36:00 PM,,
20 EAST ST,2:07:00 PM,42.3075,-71.0595
200 BERKELEY ST,12:50:00 PM,42.3501,-71.0729
200 BERKELEY ST,1:35:00 PM,42.3501,-71.0729
200 BERKELEY ST,1:31:00 PM,42.3501,-71.0729
200 NEWBURY ST,12:00:00 PM,42.35,-71.0801
200 NEWBURY ST E-F,2:46:00 PM,,
200 NEWBURY ST E-F,2:48:00 PM,,
201 NEWBURY ST,3:58:00 PM,42.3504,-71.0805
201 W BROADWAY,5:22:00 PM,,
207 NEWBURY ST E-F,4:11:00 PM,,
209 COLUMBUS AV,5:10:00 PM,42.3485,-71.0724
209 COLUMBUS AV,1:46:00 PM,42.3485,-71.0724
21 HUDSON ST,6:35:00 PM,42.3506,-71.0603
21 LAWRENCE ST,12:23:00 PM,42.3462,-71.0724
21 UNION ST,2:44:00 PM,42.3741,-71.0645
210 BERKELEY ST,3:19:00 PM,,
210 WARREN AVE,5:33:00 PM,,
22 BATTERYMARCH ST,1:26:00 PM,42.3579,-71.0545
22 BORDER ST,12:35:00 PM,42.3724,-71.0412
22 BOSTON WHARF RD,12:41:00 PM,42.3505,-71.047
22 BOSTON WHARF RD,12:45:00 PM,42.3505,-71.047
22 BOSTON WHARF RD,12:54:00 PM,42.3505,-71.047
220 BOYLSTON ST,12:45:00 PM,42.3521,-71.0683
220 BOYLSTON ST,2:55:00 PM,42.3521,-71.0683
220 BOYLSTON ST,2:54:00 PM,42.3521,-71.0683
221 NEWBURY ST,4:14:00 PM,42.3501,-71.0815
221 NEWBURY ST,4:14:00 PM,42.3501,-71.0815
222 BERKELEY ST ST J-B,6:00:00 PM,,
222 BERKELEY ST ST J-B,3:48:00 PM,,
224 CLARENDON ST N-B,4:51:00 PM,,
226 NEWBURY ST E-F,2:51:00 PM,,
226 NEWBURY ST E-F,12:06:00 PM,,
230 FRIEND ST,4:38:00 PM,42.3643,-71.0611
233 HANOVER ST,6:22:00 PM,42.363,-71.055
233 HANOVER ST,6:22:00 PM,42.363,-71.055
233 NEWBURY ST,2:54:00 PM,42.3499,-71.082
24 COLBORNE RD,12:05:00 PM,42.3426,-71.1469
240 NEWBURY ST,12:09:00 PM,42.3495,-71.0818
240 NEWBURY ST E-F,12:10:00 PM,,
242 NEWBURY ST F-G,2:56:00 PM,,
244 NEWBURY ST F-G,12:14:00 PM,,
244 NEWBURY ST F-G,2:57:00 PM,,
245 NEWBURY ST F-G,4:18:00 PM,,
245 NEWBURY ST F-G,12:58:00 PM,,
248 NEWBURY ST F-G,12:14:00 PM,,
25 BEETHOVEN ST,1:01:00 PM,42.3163,-71.0999
25 BRIGHTON AVE,1:47:00 PM,42.3526,-71.1262
25 TRINITY PL,5:18:00 PM,,
25 TYLER ST,12:46:00 PM,,
252 NEWBURY ST F-G,2:58:00 PM,,
252 WASHINGTON ST,12:36:00 PM,42.3581,-71.0577
253 NEWBURY ST F-G,12:17:00 PM,,
255 NEWBURY ST F-G,4:21:00 PM,,
256 NEWBURY ST F-G,12:16:00 PM,,
256 SHAWMUT AVE,12:04:00 PM,42.3432,-71.0685
257 NEWBURY ST F-G,4:22:00 PM,,
259 HANOVER ST,6:20:00 PM,42.3633,-71.0548
260 BERKELEY ST,3:06:00 PM,42.3526,-71.074
260 FRANKLIN ST,1:17:00 PM,42.3569,-71.054
262 NEWBURY ST,4:20:00 PM,42.3492,-71.083
262 SHAWMUT AVE,12:03:00 PM,42.3431,-71.0685
263 SUMMER ST,4:40:00 PM,42.3502,-71.0507
263 SUMMER ST,4:40:00 PM,42.3502,-71.0507
265 FRANKLIN ST,1:15:00 PM,42.3565,-71.0533
27 HARRISON AVE,12:38:00 PM,42.3518,-71.0614
27 MONTEBELLO RD,12:56:00 PM,42.3126,-71.1022
27 TYLER ST,6:39:00 PM,,
270 ATLANTIC AVE,4:26:00 PM,,
274 NEWBURY ST F-G,3:00:00 PM,,
275 CAMBRIDGE ST,3:10:00 PM,42.3614,-71.0682
278 SHAWMUT AVE,12:01:00 PM,42.3429,-71.0689
28 DARLING ST,12:23:00 PM,,
28 SOJOURNER TRUTH CT,12:50:00 PM,,
282 NEWBURY ST F-G,3:02:00 PM,,
282 NEWBURY ST F-G,12:24:00 PM,,
284 SHAWMUT AVE,12:00:00 PM,42.3428,-71.0691
285 COLUMBUS AV,6:45:00 PM,42.3472,-71.0739
286 NEWBURY ST,12:53:00 PM,42.3489,-71.0844
29 SPRING GARDEN ST,12:44:00 PM,42.3176,-71.0535
29 WILDWOOD ST,4:51:00 PM,42.2837,-71.0878
29 WILDWOOD ST,4:49:00 PM,42.2837,-71.0878
294 COLUMBUS AV,2:33:00 PM,42.3466,-71.0739
294 CONGRESS ST,6:49:00 PM,,
294 CONGRESS ST D-A,6:39:00 PM,,
3 CLARENDON ST,3:55:00 PM,,
30 CRESCENT AVE,5:14:00 PM,42.3191,-71.0552
30 NEWBURY ST,12:29:00 PM,42.352,-71.0726
30 PEARL ST,1:20:00 PM,42.3565,-71.0546
30 SCHOOL ST,2:11:00 PM,42.3602,-71.1423
30 SYDNEY ST,12:59:00 PM,42.3126,-71.0534
303 COLUMBUS AV,4:25:00 PM,,
303 COLUMBUS AV,4:26:00 PM,,
303 COLUMBUS AVE,6:42:00 PM,,
303 CONGRESS ST,1:21:00 PM,,
307 HANOVER ST,6:17:00 PM,42.3639,-71.0542
31 HARRISON AVE,2:53:00 PM,42.3518,-71.0614
31 HARRISON AVE,2:54:00 PM,42.3518,-71.0614
31 INDIA ST,6:06:00 PM,42.3582,-71.0531
31 LIVERPOOL ST,12:37:00 PM,,
31 NEWBURY ST,3:11:00 PM,42.3525,-71.0728
310 STUART ST,4:29:00 PM,42.3497,-71.0708
315 HANOVER ST,6:17:00 PM,42.364,-71.054
321 COMMONWEALTH AVE,2:31:00 PM,42.35,-71.0869
328 HANOVER ST,6:10:00 PM,42.3647,-71.0538
33 HARBOR VIEW ST,5:11:00 PM,42.3171,-71.0551
33 HARRISON AVE,12:40:00 PM,42.3517,-71.0614
33 HARRISON AVE,6:08:00 PM,42.3517,-71.0614
33 HARRISON AVE,12:39:00 PM,42.3517,-71.0614
33 NEWBURY ST A-B,3:10:00 PM,,
33 WILDWOOD ST,4:44:00 PM,42.2836,-71.0879
330 CONGRESS ST,2:28:00 PM,42.3513,-71.0494
337 HANOVER ST,6:12:00 PM,42.3644,-71.0536
338 BOYLSTON ST,12:01:00 PM,42.3515,-71.071
34 GARDNER ST,1:40:00 PM,42.3538,-71.13
343 HANOVER ST,6:11:00 PM,42.3645,-71.0536
350 BOYLSTON ST,12:39:00 PM,42.3515,-71.0711
353 NEWBURY ST H-M,12:02:00 PM,,
356 BOYLSTON ST,12:25:00 PM,42.3515,-71.0711
356 HANOVER ST,6:07:00 PM,42.3652,-71.0533
358 HANOVER ST,6:06:00 PM,42.3653,-71.0532
360 NEWBURY ST,1:01:00 PM,42.348,-71.0876
363 CENTRE ST,4:36:00 PM,,
38 LONDON ST,12:40:00 PM,,
384 PROVIDENCE ST,3:22:00 PM,,
385 HANOVER ST,6:06:00 PM,42.365,-71.053
39 BRIGHTON AVE,1:48:00 PM,42.3526,-71.127
396 BOYLSTON ST,12:27:00 PM,42.3513,-71.0721
396 BOYLSTON ST,12:17:00 PM,42.3513,-71.0721
397 W BROADWAY,3:27:00 PM,,
399 BOYLSTON ST,3:27:00 PM,42.3518,-71.0721
399 BOYLSTON ST,12:16:00 PM,42.3518,-71.0721
399 W BROADWAY,4:53:00 PM,,
399 W BROADWAY,3:27:00 PM,,
399 W BROADWAY,3:28:00 PM,,
4 4TH AVE,5:03:00 PM,,
4 LONDON ST,12:42:00 PM,42.3701,-71.0418
40 WALLINGFORD RD,12:09:00 PM,42.3429,-71.152
41 NEW CHARDON ST,4:20:00 PM,,
41 WILDWOOD ST,4:43:00 PM,42.2835,-71.0881
414 BOYLSTON ST B-A,4:45:00 PM,,
42 CHAUNCY ST,4:46:00 PM,42.3537,-71.0598
420 BOYLSTON ST,6:59:00 PM,42.3511,-71.0725
422 BOYLSTON ST,6:59:00 PM,42.3511,-71.0725
423 W BROADWAY,5:28:00 PM,,
423 W BROADWAY,5:26:00 PM,,
429 W BROADWAY,3:32:00 PM,,
43 SYDNEY ST,5:31:00 PM,42.313,-71.0528
44 ST MARGARET ST,1:23:00 PM,42.3216,-71.0582
441 STUART ST,12:50:00 PM,42.3486,-71.076
441 STUART ST,12:40:00 PM,42.3486,-71.076
441 STUART ST,12:51:00 PM,42.3486,-71.076
447 W BROADWAY,3:35:00 PM,,
46 MCBRIDE ST,12:22:00 PM,42.3062,-71.1133
46 WILDWOOD ST,4:55:00 PM,42.2831,-71.0882
465 COLUMBUS AVE,12:01:00 PM,42.3436,-71.0784
48 BORDER ST,12:34:00 PM,42.3724,-71.0412
493 SHAWMUT AVE,3:31:00 PM,,
497 BOYLSTON ST,4:43:00 PM,42.3512,-71.0742
497 BOYLSTON ST,4:27:00 PM,42.3512,-71.0742
497 BOYLSTON ST,4:44:00 PM,42.3512,-71.0742
5 GREEN ST,3:57:00 PM,42.313,-71.1136
50 BLOSSOM ST,12:01:00 PM,42.363,-71.0673
50 BLOSSOM ST,1:14:00 PM,42.363,-71.0673
50 BLOSSOM ST,12:00:00 PM,42.363,-71.0673
50 BLOSSOM ST,1:12:00 PM,42.363,-71.0673
50 BLOSSOM ST,12:02:00 PM,42.363,-71.0673
500 BOYLSTON ST,4:34:00 PM,42.3505,-71.0739
500 BOYLSTON ST C-B,1:07:00 PM,,
500 BOYLSTON ST C-B,3:44:00 PM,,
500 BOYLSTON ST C-B,12:18:00 PM,,
500 BOYLSTON ST C-B,12:46:00 PM,,
500 BOYLSTON ST C-B,3:26:00 PM,,
500 HARRISON AVE,3:03:00 PM,42.3418,-71.0656
51 BLOSSOM ST,1:09:00 PM,42.3631,-71.0665
520 BLUE HILL AVE,5:14:00 PM,42.3064,-71.0841
524 TREMONT ST,2:24:00 PM,42.3446,-71.0701
525 COLUMBIA RD,12:11:00 PM,42.3152,-71.0665
527 TREMONT ST,4:34:00 PM,,
53 N WASHINGTON,5:05:00 PM,,
53 WILDWOOD ST,4:54:00 PM,42.2833,-71.0886
54 KNEELAND ST,12:44:00 PM,42.3507,-71.0612
55 COURT ST,12:40:00 PM,42.3592,-71.0589
55 N WASHINGTON,5:05:00 PM,,
56 BERKELEY ST,6:05:00 PM,42.3464,-71.0709
56 CLARENDON ST,2:00:00 PM,42.3462,-71.0732
565 COLUMBUS AVE,4:05:00 PM,42.3411,-71.0815
565 COLUMBUS AVE,4:06:00 PM,42.3411,-71.0815
565 TREMONT ST,12:33:00 PM,42.3439,-71.0723
57 W DEDHAM ST,2:39:00 PM,,
59 BRIGHTON AVE,1:54:00 PM,42.3527,-71.1281
59 WESTLAND AVE,1:45:00 PM,42.3439,-71.0883
6 NEWBURY ST A-B,3:18:00 PM,,
607 BOYLSTON ST,1:00:00 PM,42.3504,-71.0772
62 SUMMER ST,3:43:00 PM,42.2751,-71.1608
624 TREMONT ST,2:44:00 PM,42.3423,-71.0741
626 TREMONT ST,12:25:00 PM,42.3423,-71.0742
626 TREMONT ST,12:26:00 PM,42.3423,-71.0742
63 BERKELEY ST,4:42:00 PM,42.3467,-71.0705
64 CRESCENT AVE,12:33:00 PM,42.3191,-71.0534
640 TREMONT ST,2:52:00 PM,42.3419,-71.0748
640 TREMONT ST,2:51:00 PM,42.3419,-71.0748
640 TREMONT ST,2:50:00 PM,42.3419,-71.0748
65 HARRISON AVE,3:37:00 PM,42.3513,-71.0615
65 HARRISON AVE,12:41:00 PM,42.3513,-71.0615
65 HARRISON AVE,4:27:00 PM,42.3513,-71.0615
65 HARRISON AVE,4:28:00 PM,42.3513,-71.0615
650 CENTRE ST,12:27:00 PM,42.3131,-71.1139
665 BOYLSTON ST,1:14:00 PM,42.35,-71.0788
665 BOYLSTON ST E-D,12:55:00 PM,,
67 BERKELEY ST,6:07:00 PM,42.3467,-71.0706
670 TREMONT ST,2:59:00 PM,42.3413,-71.0761
671 BOYLSTON ST E-D,12:56:00 PM,,
673 BOYLSTON ST,5:50:00 PM,42.3499,-71.0789
673 BOYLSTON ST E-D,3:27:00 PM,,
673 BOYLSTON ST E-D,3:25:00 PM,,
673 E BROADWAY,3:40:00 PM,,
674 TREMONT ST,3:02:00 PM,42.3412,-71.0762
680 TREMONT ST,12:38:00 PM,42.341,-71.0766
684 CENTRE ST,2:17:00 PM,42.3118,-71.114
69 TELEGRAPH ST,12:34:00 PM,42.3328,-71.0477
7 CARSON ST,12:11:00 PM,42.3195,-71.0542
7 CLINTON ST,3:04:00 PM,,
7 WATER ST,12:33:00 PM,,
7 WORCESTER ST,5:15:00 PM,42.3378,-71.0758
70 DELL AVE,12:30:00 PM,,
70 DELL AVE,12:31:00 PM,,
702 SARATOGA ST,12:21:00 PM,42.3831,-71.0194
71 NEWBURY ST B-C,4:03:00 PM,,
711 BOYLSTON ST,12:51:00 PM,42.3496,-71.0799
711 BOYLSTON ST F-E,12:49:00 PM,,
719 BOYLSTON ST,12:30:00 PM,,
725 BOYLSTON ST F-E,12:48:00 PM,,
729 BOYLSTON ST F-E,3:21:00 PM,,
729 BOYLSTON ST F-E,3:19:00 PM,,
73 NEWBURY ST,12:44:00 PM,42.3521,-71.0745
73 NEWBURY ST,2:49:00 PM,42.3521,-71.0745
745 BOYLSTON ST,3:15:00 PM,42.3494,-71.0806
745 BOYLSTON ST,12:31:00 PM,42.3494,-71.0806
745 BOYLSTON ST,12:45:00 PM,42.3494,-71.0806
75 GARDNER ST,1:42:00 PM,42.2774,-71.1685
75 KNEELAND ST,4:03:00 PM,42.3502,-71.0606
754 TREMONT ST,12:05:00 PM,42.3398,-71.0789
761 BOYLSTON ST,3:14:00 PM,42.3493,-71.0812
77 ALBAN ST,2:13:00 PM,42.2876,-71.0663
77 CHARLES ST S,5:51:00 PM,42.2491,-71.1343
77 NEWBURY ST B-C,4:01:00 PM,,
79 SYDNEY ST,12:57:00 PM,42.3142,-71.0525
790 SARATOGA ST,12:19:00 PM,42.3843,-71.0163
8 CLARENDON ST,2:08:00 PM,42.3446,-71.0724
80 BERKELEY ST,12:35:00 PM,42.3471,-71.0713
81 BRIGHTON AVE,1:56:00 PM,42.3529,-71.1292
82 DARTMOUTH ST,2:38:00 PM,42.3455,-71.0753
83 HARRISON AVE,2:50:00 PM,42.3509,-71.0616
84 BERKELEY ST,4:46:00 PM,,
85 NORTHERN AVE,1:33:00 PM,,
855 BOYLSTON ST G-F,3:08:00 PM,,
86 BEDFORD ST,5:56:00 PM,,
86 BEDFORD ST,5:55:00 PM,,
86 NEWBURY ST,5:59:00 PM,,
86 NEWBURY ST A-B,12:49:00 PM,,
864 BLUE HILL AVE,12:00:00 PM,,
864 BLUE HILL AVE,12:00:00 PM,,
867 BOYLSTON ST G-F,3:05:00 PM,,
867 BOYLSTON ST G-F,12:33:00 PM,,
867 BOYLSTON ST G-F,3:07:00 PM,,
867 BOYLSTON ST G-F,3:06:00 PM,,
870 SARATOGA ST,12:16:00 PM,42.3855,-71.0128
88 BERKELEY ST,12:35:00 PM,42.3473,-71.0714
89 SOUTH ST,1:44:00 PM,42.3518,-71.0576
89 SOUTH ST,1:46:00 PM,42.3518,-71.0576
9 MATHER ST,3:19:00 PM,42.2948,-71.0628
9 NEWBURY ST A-B,3:15:00 PM,,
9 NEWBURY ST A-B,3:16:00 PM,,
9 NEWBURY ST A-B,3:17:00 PM,,
9 PARK ST,12:16:00 PM,42.3026,-71.0535
9 WATER ST,12:34:00 PM,42.3575,-71.0578
900 BOYLSTON ST H-G,1:05:00 PM,,
92 NEWBURY ST B-C,2:47:00 PM,,
939 BOYLSTON ST,12:26:00 PM,42.3482,-71.0851
A ST / IRON ST,3:12:00 PM,42.3451,-71.0526
A ST / IRON ST,3:10:00 PM,42.3451,-71.0526
A STREET / IRON ST,3:07:00 PM,42.3451,-71.0526
A STREET / MT WASHINGTON AVE,3:16:00 PM,42.3465,-71.0515
A STREET / MT WASHINGTON AVE,3:17:00 PM,42.3465,-71.0515
A STREET / MT WASHINGTON AVE,3:17:00 PM,42.3465,-71.0515
AGUADILLA ST / TREMONT ST,2:46:00 PM,42.3417,-71.0759
AGUADILLA ST / TREMONT ST,12:22:00 PM,42.3417,-71.0759
AGUADILLA ST / TREMONT ST,2:47:00 PM,42.3417,-71.0759
ALCORN ST / ASHFORD ST,3:59:00 PM,42.354,-71.1228
ALCORN ST / ASHFORD ST,4:03:00 PM,42.354,-71.1228
ARLINGTON ST / PIEDMONT ST,2:42:00 PM,42.3497,-71.0697
ARLINGTON ST / PIEDMONT ST,2:40:00 PM,42.3497,-71.0697
ARMANDINE ST / WASHINGTON ST,1:59:00 PM,42.2845,-71.0715
ASPINWALL RD / WASHINGTON ST,1:35:00 PM,42.292,-71.0717
ATLANTIC AV / E INDIA ROW,4:16:00 PM,42.3579,-71.0513
ATLANTIC AVE / RICHMOND ST,12:35:00 PM,42.3617,-71.052
ATLANTIC AVE / ROWES WHARF,4:18:00 PM,42.357,-71.0507
BATTERYMARCH SHORT A / BROAD ST,1:27:00 PM,,
BATTERYMARCH ST / FRANKLIN ST,1:14:00 PM,42.3569,-71.0533
BEACON ST / PUBLIC LOT / CHESTNUT AVE,5:45:00 PM,,
BELVIDERE ST / MASSACHUSETTS AVE,12:26:00 PM,42.3465,-71.0873
BELVIDERE ST / MASSACHUSETTS AVE,12:30:00 PM,42.3465,-71.0873
BERKELEY ST / CORTES ST,2:33:00 PM,42.3483,-71.0716
BERKELEY ST / NEWBURY ST,12:36:00 PM,42.3521,-71.0734
BERKELEY ST / STUART ST,5:58:00 PM,42.3495,-71.0722
BERKELEY ST / STUART ST,5:56:00 PM,42.3495,-71.0722
BLOSSOM ST / BLOSSOM CT,1:03:00 PM,42.364,-71.0675
BLOSSOM ST / CHARLES ST,12:13:00 PM,42.3643,-71.0698
BLUE HILL AVE / BRUNSWICK ST,5:21:00 PM,42.3114,-71.0811
BOSTON WHARF RD / SEAPORT BLVD,2:02:00 PM,42.3517,-71.0455
BOSWELL LN / TREMONT ST,1:40:00 PM,,
BOYLSTON ST / BERKELEY ST,4:10:00 PM,42.3512,-71.0731
BOYLSTON ST / DARTMOUTH ST,1:03:00 PM,42.3501,-71.0773
BOYLSTON ST / FAIRFIELD ST,3:12:00 PM,42.3489,-71.0818
BOYLSTON ST / FAIRFIELD ST,3:13:00 PM,42.3489,-71.0818
BOYLSTON ST / FAIRFIELD ST,3:12:00 PM,42.3489,-71.0818
BOYLSTON ST / FAIRFIELD ST,4:30:00 PM,42.3489,-71.0818
BOYLSTON ST / MASSACHUSETTS AVE,12:27:00 PM,42.3473,-71.0877
BOYLSTON ST / RING RD,3:17:00 PM,,
BOYLSTON ST / RING RD,3:18:00 PM,,
BOYLSTON ST / RING RD,3:18:00 PM,,
BOYLSTON ST / ST CECILIA ST,2:27:00 PM,42.3476,-71.0867
BOYLSTON ST C-B / BERKELEY ST,12:15:00 PM,,
BOYLSTON ST C-B / CLARENDON ST,12:04:00 PM,,
BOYLSTON ST C-B / CLARENDON ST,1:05:00 PM,,
BOYLSTON ST E-D / DARTMOUTH ST,3:31:00 PM,,
BOYLSTON ST E-D / DARTMOUTH ST,3:33:00 PM,,
BOYLSTON ST ST C-D / DALTON ST,4:24:00 PM,,
CALUMET ST / PARKER HILL AVE,12:03:00 PM,42.3282,-71.1001
CAMBRIDGE ST / CENTER PLAZA,12:18:00 PM,,
CAMBRIDGE ST / CENTER PLAZA,6:46:00 PM,,
CAMBRIDGE ST / CENTER PLAZA,12:20:00 PM,,
CAMBRIDGE ST / CENTER PLAZA,6:48:00 PM,,
CAMBRIDGE ST / CENTER PLAZA,12:21:00 PM,,
CAMBRIDGE ST / CTR PLAZA,12:18:00 PM,,
CAMBRIDGE ST / CTR PLAZA,3:28:00 PM,,
CAMBRIDGE ST / CTR PLAZA,12:20:00 PM,,
CAMBRIDGE ST / CTR PLAZA,12:19:00 PM,,
CAMBRIDGE ST / CTR PLAZA,6:46:00 PM,,
CAMBRIDGE ST / CTR PLAZA,6:48:00 PM,,
CAMBRIDGE ST / CTR PLAZA,12:22:00 PM,,
CARSON ST / CRESCENT AVE,4:33:00 PM,42.319,-71.0544
CARSON ST / CRESCENT AVE,4:33:00 PM,42.319,-71.0544
CENTRE ST / WALDEN ST,4:42:00 PM,42.3228,-71.104
CHARLES ST / BEACON ST,1:59:00 PM,42.3562,-71.0694
CHARLES ST / BOYLSTON ST,12:07:00 PM,42.3525,-71.0675
CHARLES ST / BOYLSTON ST,3:53:00 PM,42.3525,-71.0675
CHARLES ST / BOYLSTON ST,3:57:00 PM,42.3525,-71.0675
CHARLES ST / BOYLSTON ST,4:00:00 PM,42.3525,-71.0675
CHARLES ST / BOYLSTON ST,3:55:00 PM,42.3525,-71.0675
CHARLES ST / BOYLSTON ST,1:47:00 PM,42.3525,-71.0675
CHARLES ST / BOYLSTON ST,12:09:00 PM,42.3525,-71.0675
CHARLES ST / BOYLSTON ST,1:45:00 PM,42.3525,-71.0675
CHARLES ST / BOYLSTON ST,1:47:00 PM,42.3525,-71.0675
CHATHAM ST / BUTLER SQ,2:32:00 PM,42.3596,-71.0547
CHAUNCY ST / SUMMER ST,2:28:00 PM,42.3546,-71.0593
CHESTNUT HILL AV / ENGLEWOOD AVE,5:38:00 PM,42.3372,-71.1523
CHESTNUT HILL AV / ENGLEWOOD AVE,5:35:00 PM,42.3372,-71.1523
CHESTNUT HILL AV / ENGLEWOOD AVE,5:40:00 PM,42.3372,-71.1523
CHURCH ST / COLUMBUS AVE,4:28:00 PM,42.3511,-71.0688
CLAREMONT PARK / COLUMBUS AVE,3:12:00 PM,42.3416,-71.0805
CLARENDON ST / APPLETON ST,2:03:00 PM,42.3457,-71.0727
CLARENDON ST / COLUMBUS AVE,1:50:00 PM,42.3473,-71.0735
CLARENDON ST / COLUMBUS AVE,4:16:00 PM,42.3473,-71.0735
CLARENDON ST / COMMONWEALTH AVE,4:56:00 PM,42.3523,-71.076
CLARENDON ST / COMMONWEALTH AVE,4:54:00 PM,42.3523,-71.076
CLARENDON ST / NEWBURY ST,3:58:00 PM,42.3515,-71.0756
CLARENDON ST B-ST JA / BOYLSTON ST,6:04:00 PM,,
CLARENDON ST B-ST JA / BOYLSTON ST,12:32:00 PM,,
CLARENDON ST B-ST JA / BOYLSTON ST,3:05:00 PM,,
CLARENDON ST B-ST JA / BOYLSTON ST,5:25:00 PM,,
CLARENDON ST B-ST JA / ST JAMES AVE,1:02:00 PM,,
CLARENDON ST N-B / BOYLSTON ST,4:48:00 PM,,
CLAYMOSS RD / COMMONWEALTH AVE,12:01:00 PM,42.3431,-71.1435
CLINTON ST / NORTH ST,3:05:00 PM,42.3608,-71.0559
COLUMBIA RD / I ST,4:18:00 PM,42.3306,-71.0398
COLUMBUS AV / CHURCH ST,1:27:00 PM,42.3511,-71.0688
COLUMBUS AV / CHURCH ST,4:24:00 PM,42.3511,-71.0688
COLUMBUS AV / CHURCH ST,4:22:00 PM,42.3511,-71.0688
COLUMBUS AV / CLARENDON ST,6:51:00 PM,42.3473,-71.0735
COLUMBUS AV / CLARENDON ST,6:49:00 PM,42.3473,-71.0735
COLUMBUS AV / CLARENDON ST,6:48:00 PM,42.3473,-71.0735
COLUMBUS AV / CLARENDON ST,3:52:00 PM,42.3473,-71.0735
COLUMBUS AVE / CLARENDON ST,4:14:00 PM,42.3473,-71.0735
COLUMBUS AVE / DARTMOUTH ST,12:22:00 PM,42.3458,-71.0752
COLUMBUS AVE / DARTMOUTH ST,12:28:00 PM,42.3458,-71.0752
COMMONWEALTH AVE / CHISWICK RD,6:56:00 PM,42.3403,-71.1511
COMMONWEALTH AVE / FAIRFIELD ST,5:48:00 PM,42.3505,-71.0826
COMMONWEALTH AVE / STRATHMORE RD,2:17:00 PM,42.3389,-71.1524
COURT ST / COURT SQ,5:01:00 PM,42.359,-71.0586
CROSS ST / HANOVER ST,2:14:00 PM,42.3626,-71.0557
CROSS ST / HANOVER ST,2:13:00 PM,42.3626,-71.0557
DALTON ST / BOYLSTON ST,5:28:00 PM,42.3479,-71.0856
DARTMOUTH ST / BOYLSTON ST,5:54:00 PM,42.3501,-71.0773
DARTMOUTH ST / STUART ST,12:31:00 PM,42.3483,-71.0764
DARTMOUTH ST / STUART ST,5:35:00 PM,42.3483,-71.0764
DORCHESTER AV / SUMMER ST,4:06:00 PM,42.3514,-71.0529
DORCHESTER AVE / HOWES ST,12:37:00 PM,42.3177,-71.0567
DORCHESTER AVE / LONSDALE ST,3:10:00 PM,42.2899,-71.0631
DORCHESTER AVE / LONSDALE ST,3:10:00 PM,42.2899,-71.0631
DORCHESTER AVE / SUDAN ST,12:49:00 PM,42.3169,-71.0567
DORCHESTER AVE / TAFT ST,12:48:00 PM,42.3171,-71.0567
E BROADWAY / G ST,4:08:00 PM,42.3355,-71.0443
E BROOKLINE ST / ALBANY ST,4:19:00 PM,42.3367,-71.069
E CONCORD ST / HARRISON AVE,4:07:00 PM,42.3365,-71.0732
EAST BERKELEY ST / FAY ST,12:30:00 PM,42.3438,-71.0654
EAST BERKELEY ST / SHAWMUT AVE,3:10:00 PM,42.3443,-71.0671
EAST BERKELEY ST / WASHINGTON ST,12:32:00 PM,42.3439,-71.0659
EAST SERVICE RD / CONGRESS ST,2:07:00 PM,42.3488,-71.0459
EAST SERVICE RD / CONGRESS ST,12:59:00 PM,42.3488,-71.0459
EAST SERVICE RD / CONGRESS ST,2:08:00 PM,42.3488,-71.0459
EAST SERVICE RD / SEAPORT BLVD,1:03:00 PM,42.351,-71.0439
EAST SERVICE RD / SEAPORT BLVD,2:51:00 PM,42.351,-71.0439
EAST SERVICE RD / SEAPORT BLVD,5:40:00 PM,42.351,-71.0439
EAST SERVICE RD / SEAPORT BLVD,1:02:00 PM,42.351,-71.0439
EAST SERVICE RD / SEAPORT BLVD,1:04:00 PM,42.351,-71.0439
EAST SERVICE RD / SEAPORT BLVD,1:07:00 PM,42.351,-71.0439
EAST SERVICE RD / SEAPORT BLVD,5:39:00 PM,42.351,-71.0439
EAST ST / ATLANTIC AVE,1:52:00 PM,42.3512,-71.0562
EDGERLY RD / HAVILAND ST,4:38:00 PM,42.3464,-71.0882
EDGERLY RD / WESTLAND AVE,12:19:00 PM,42.3435,-71.0868
EDGERLY RD / WESTLAND AVE,1:37:00 PM,42.3435,-71.0868
EVANS WAY / EVANS WAY,2:33:00 PM,,
EVANS WAY / EVANS WAY,2:33:00 PM,,
EVANS WY / FENWAY,2:28:00 PM,,
EVANS WY / FENWAY,2:26:00 PM,,
EVANS WY / FENWAY,3:19:00 PM,,
EVANS WY / FENWAY,2:31:00 PM,,
EVANS WY / FENWAY,2:26:00 PM,,
EVANS WY / FENWAY,3:20:00 PM,,
EVANS WY / FENWAY,2:36:00 PM,,
EVANS WY / FENWAY,2:38:00 PM,,
EVANS WY / FENWAY,2:37:00 PM,,
EXETER ST / BLAGDEN ST,5:29:00 PM,42.3487,-71.0791
FATHER FRANCIS GILDAY ST / E CONCORD ST,12:37:00 PM,42.3371,-71.074
FORSYTH ST / HUNTINGTON AVE,2:09:00 PM,42.3398,-71.0906
FORSYTH ST / HUNTINGTON AVE,1:42:00 PM,42.3398,-71.0906
FORSYTH ST / HUNTINGTON AVE,5:10:00 PM,42.3398,-71.0906
FORSYTH ST / SPEARE PL,1:41:00 PM,42.3404,-71.091
FORSYTH ST / SPEARE PL,1:40:00 PM,42.3404,-71.091
FORSYTH WY / HEMENWAY ST,1:54:00 PM,42.3395,-71.0926
FORSYTH WY / HEMENWAY ST,1:53:00 PM,42.3395,-71.0926
FRANKLIN ST / BROAD ST,1:29:00 PM,42.3574,-71.0527
FRANKLIN ST / BROAD ST,1:29:00 PM,42.3574,-71.0527
GAINSBOROUGH ST / HUNTINGTON AVE,4:46:00 PM,42.3414,-71.0865
GAINSBOROUGH ST / HUNTINGTON AVE,5:23:00 PM,42.3414,-71.0865
GAINSBOROUGH ST / HUNTINGTON AVE,1:27:00 PM,42.3414,-71.0865
GAINSBOROUGH ST / MASSACHUSETTS AVE,1:08:00 PM,,
GAINSBOROUGH ST / ST BOTOLPH ST,1:04:00 PM,42.3409,-71.0857
GAINSBOROUGH ST / ST STEPHEN ST,1:15:00 PM,42.342,-71.0873
GARDNER ST / BABCOCK ST,3:52:00 PM,42.3529,-71.121
GARDNER ST / BABCOCK ST,3:53:00 PM,42.3529,-71.121
GLOUCESTER ST / NEWBURY ST,12:26:00 PM,42.3492,-71.0841
GLOUCESTER ST N-B / BOYLSTON ST,3:04:00 PM,,
HANCOCK ST / PAYSON AVE,12:13:00 PM,42.3145,-71.0657
HANOVER ST / FLEET ST,6:08:00 PM,42.3648,-71.0535
HARRISON AV / E NEWTON ST,2:06:00 PM,42.3375,-71.072
HARRISON AV / E NEWTON ST,12:55:00 PM,42.3375,-71.072
HARRISON AV / HARVARD ST,4:07:00 PM,42.3498,-71.0619
HARRISON AV / HARVARD ST,5:40:00 PM,42.3498,-71.0619
HARRISON AV / HARVARD ST,5:38:00 PM,42.3498,-71.0619
HARRISON AVE / E DEDHAM ST,12:01:00 PM,42.3393,-71.0697
HARRISON AVE / E NEWTON ST,2:05:00 PM,42.3375,-71.072
HARRISON AVE / KNEELAND ST,6:00:00 PM,42.3506,-71.0615
HEMENWAY ST / WESTLAND AVE,2:18:00 PM,42.344,-71.0899
INDIA ST / MILK ST,2:18:00 PM,42.3585,-71.0532
MALVERN ST / GARDNER ST,3:46:00 PM,42.3534,-71.1249
MARGINAL RD / TREMONT ST,4:11:00 PM,42.348,-71.068
MARGINAL RD / TREMONT ST,4:09:00 PM,42.348,-71.068
MASSACHUSETTS AVE / HAVILAND ST,1:22:00 PM,42.3466,-71.0874
MAYWOOD ST / WARREN AVE,5:43:00 PM,,
MEDALLION AVE / BINFORD ST,5:11:00 PM,,
MEDALLION AVE / BINFORD ST,3:49:00 PM,,
MEDALLION AVE / BINFORD ST,3:51:00 PM,,
MEDALLION AVE / BINFORD ST,3:51:00 PM,,
MEDALLION AVE / BINFORD ST,5:10:00 PM,,
MEDALLION WAY / BINFORD ST,1:40:00 PM,,
MEDALLION WAY / BINFORD ST,1:37:00 PM,,
MEDALLION WAY / BINFORD ST,1:42:00 PM,,
MERRIMAC ST / STANIFORD ST,12:34:00 PM,42.364,-71.0634
MIDLAND ST / SAVIN HILL AVE,1:02:00 PM,42.312,-71.0544
MONTEBELLO RD / WALNUT AVE,12:53:00 PM,42.3111,-71.0979
MONTEBELLO RD / WALNUT AVE,12:51:00 PM,42.3111,-71.0979
MYRTLE ST / CENTRE ST,3:55:00 PM,42.3132,-71.1141
N ANDERSON ST / CAMBRIDGE ST,4:34:00 PM,42.3611,-71.0679
N ANDERSON ST / CAMBRIDGE ST,4:34:00 PM,42.3611,-71.0679
N MARGIN ST / THACHER ST,5:21:00 PM,42.3654,-71.0567
NASSAU ST / HARRISON AVE,4:11:00 PM,42.3487,-71.0623
NEWBURY ST / BERKELEY ST,2:50:00 PM,42.3521,-71.0734
NEWBURY ST / BERKELEY ST,4:07:00 PM,42.3521,-71.0734
NEWBURY ST / DARTMOUTH ST,2:39:00 PM,42.3509,-71.0777
NR 10 ARLINGTON ST,4:14:00 PM,,
NR 104 HEMENWAY ST,3:31:00 PM,,
NR 108 HEMENWAY ST,3:31:00 PM,,
NR 1200 WASHINGTON ST,4:39:00 PM,,
NR 126 HIGH ST,2:11:00 PM,,
NR 129 KINGSTON ST,1:00:00 PM,,
NR 1497 TREMONT ST,5:57:00 PM,,
NR 15 COURT SQ,1:32:00 PM,,
NR 15 WHITTIER ST,12:59:00 PM,,
NR 1623 TREMONT ST,3:06:00 PM,,
NR 2 OLIVER ST,1:34:00 PM,,
NR 226 PARKER HILL AVE,2:17:00 PM,,
NR 26 AUSTIN ST,1:03:00 PM,,
NR 276 WARREN AVE,5:30:00 PM,,
NR 295 HUNTINGTON AVE,4:43:00 PM,,
NR 295 HUNTINGTON AVE,1:06:00 PM,,
NR 327 HUNTINGTON AV,1:31:00 PM,,
NR 329 HUNTINGTON AVE,1:32:00 PM,,
NR 331 HUNTINGTON AV,5:06:00 PM,,
NR 331 HUNTINGTON AV,1:34:00 PM,,
NR 45 FAIRFIELD ST,12:56:00 PM,,
NR 45 FAIRFIELD ST,1:00:00 PM,,
NR 51 BLOSSOM ST,1:05:00 PM,,
NR 51 BLOSSOM ST,12:06:00 PM,,
NR 52 GAINSBOROUGH ST,1:09:00 PM,,
NR 54 WESTLAND AVE,3:35:00 PM,,
NR 54 WESTLAND AVE,3:35:00 PM,,
NR 61 DWIGHT ST,4:47:00 PM,,
NR 76 BATTERYMARCH ST,1:13:00 PM,,
NR 9 HANSON ST,5:17:00 PM,,
NR BOYLSTON ST,1:05:00 PM,,
NR11 GREEN ST,12:03:00 PM,,
NR135 MASSACHUSETTS AVE,1:10:00 PM,,
NR18 HAVILAND ST,4:30:00 PM,,
NR18 HAVILAND ST,4:30:00 PM,,
NR185 DARTMOUTH ST,12:38:00 PM,,
NR185 PROVIDENCE ST,2:35:00 PM,,
NR25 BORDER ST,12:34:00 PM,,
NR25 BORDER ST,12:34:00 PM,,
NR27 COURT SQ,4:51:00 PM,,
NR27 COURT SQ,4:52:00 PM,,
NR294 CONGRESS ST,6:36:00 PM,,
NR31 HEMENWAY ST,12:57:00 PM,,
NR399 BRIGHTON AVE,1:50:00 PM,,
NR465 COLUMBUS AVE,2:58:00 PM,,
NR7 CLINTON ST,2:25:00 PM,,
NR96 BLACKSTONE ST,12:50:00 PM,,
OPP  67 DARTMOUTH ST,2:40:00 PM,,
OPP 100 E NEWTON ST,1:05:00 PM,,
OPP 100 E NEWTON ST,1:03:00 PM,,
OPP 110 NEWBURY ST,5:11:00 PM,,
OPP 110 STUART ST,5:46:00 PM,,
OPP 113 SYDNEY ST,5:25:00 PM,,
OPP 119 BERKELEY ST,12:50:00 PM,,
OPP 121 NEWBURY ST,12:34:00 PM,,
OPP 123 WARREN AVE,12:08:00 PM,,
OPP 129 SYDNEY ST,12:52:00 PM,,
OPP 1637 TREMONT ST,3:04:00 PM,,
OPP 171 HEMENWAY ST,12:11:00 PM,,
OPP 204 HEMENWAY ST,1:49:00 PM,,
OPP 210 HEMENWAY ST,1:47:00 PM,,
OPP 299 BERKELEY ST,4:17:00 PM,,
OPP 40 BERKELEY ST,4:41:00 PM,,
OPP 44 CLARENDON ST,2:04:00 PM,,
OPP 45 HARBOR VIEW ST,5:05:00 PM,,
OPP 46 LAWRENCE ST,12:16:00 PM,,
OPP 58 BERKELEY ST,2:29:00 PM,,
OPP 65 OLD HARBOR ST,12:49:00 PM,,
OPP 683 TREMONT ST,5:15:00 PM,,
OPP 72 E CONCORD ST,4:09:00 PM,,
OPP 74 W NEWTON ST,3:51:00 PM,,
OPP 74 W NEWTON ST,3:51:00 PM,,
OPP 95 ALBAN ST,2:11:00 PM,,
OPP102 DARTMOUTH ST,12:25:00 PM,,
OPP130 DARTMOUTH ST,4:35:00 PM,,
OPP131 CLARENDON ST,12:14:00 PM,,
OPP135 W 1ST ST,3:55:00 PM,,
OPP135 W 1ST ST,4:00:00 PM,,
OPP135 W 1ST ST,3:59:00 PM,,
OPP135 W 1ST ST,5:21:00 PM,,
OPP135 W 1ST ST,4:00:00 PM,,
OPP135 W 1ST ST,5:22:00 PM,,
OPP135 W 1ST ST,3:58:00 PM,,
OPP18 WENSLEY ST,12:09:00 PM,,
OPP200 RUGGLES ST,12:57:00 PM,,
OPP23 SCHOOL ST,12:24:00 PM,,
OPP25 NEW CHARDON ST,4:16:00 PM,,
OPP26 SOJOURNER TRUTH CT,12:53:00 PM,,
OPP282 COLUMBUS AV,12:18:00 PM,,
OPP34 LONDON ST,12:40:00 PM,,
OPP370 STUART ST,4:02:00 PM,,
OPP551 BOYLSTON ST D-C,3:12:00 PM,,
OPP553 BOYLSTON ST,3:10:00 PM,,
OPP553 BOYLSTON ST D-C,12:54:00 PM,,
OPP569 BOYLSTON ST D-C,12:51:00 PM,,
OPP607 BOYLSTON ST D-C,3:17:00 PM,,
OPP680 TREMONT ST,12:37:00 PM,,
OPP77 FARRAGUT RD,3:45:00 PM,,
OPP98 DARTMOUTH ST,4:32:00 PM,,
PALACE RD / FENWAY,2:45:00 PM,42.3391,-71.0989
PALACE RD / FENWAY,2:46:00 PM,42.3391,-71.0989
PARK PLAZA / CHARLES ST,5:55:00 PM,42.3518,-71.0672
PARK PLAZA / CHARLES ST,5:54:00 PM,42.3518,-71.0672
PARK PLZ / HADASSAH WAY,4:21:00 PM,42.3516,-71.0689
PARKER HILL AVE / CALUMET ST,12:04:00 PM,42.3282,-71.1001
PEARL ST / HIGH ST,2:19:00 PM,42.3552,-71.054
PEARL ST / MILK ST,1:20:00 PM,42.3569,-71.0557
PLYMPTON ST / ALBANY ST,12:04:00 PM,42.3381,-71.0671
PROVIDENCE ST / ARLINGTON ST,6:50:00 PM,42.3514,-71.0704
PROVIDENCE ST / ARLINGTON ST,4:36:00 PM,42.3514,-71.0704
PROVIDENCE ST / ARLINGTON ST,6:51:00 PM,42.3514,-71.0704
PROVIDENCE ST / BERKELEY ST,6:54:00 PM,42.3508,-71.0728
PROVIDENCE ST / BERKELEY ST,6:53:00 PM,42.3508,-71.0728
PROVINCE ST / BROMFIELD ST,12:01:00 PM,42.3567,-71.0602
PROVINCE ST / BROMFIELD ST,12:14:00 PM,42.3567,-71.0602
RANDOLPH ST / ALBANY ST,2:55:00 PM,42.341,-71.0635
RANDOLPH ST / ALBANY ST,12:18:00 PM,42.341,-71.0635
RANDOLPH ST / ALBANY ST,2:57:00 PM,42.341,-71.0635
RANDOLPH ST / HARRISON AVE,2:52:00 PM,42.3419,-71.0664
RANDOLPH ST / HARRISON AVE,12:14:00 PM,42.3419,-71.0664
RANDOLPH ST / HARRISON AVE,2:50:00 PM,42.3419,-71.0664
RANDOLPH ST / HARRISON AVE,2:51:00 PM,42.3419,-71.0664
RANDOLPH ST / HARRISON AVE,2:50:00 PM,42.3419,-71.0664
RUGGLES ST / DEWITT DR,12:46:00 PM,42.3327,-71.085
RUGGLES ST / RAYNOR CIR,12:44:00 PM,42.3341,-71.0874
RUTLAND ST / TREMONT ST,3:06:00 PM,42.3409,-71.0773
RUTLAND ST / TREMONT ST,3:07:00 PM,42.3409,-71.0773
SACHEM ST / WAIT ST,12:21:00 PM,,
SAVIN HILL AVE / SAXTON ST,1:07:00 PM,42.3123,-71.055
SCHOOL ST / PROVINCE ST,12:21:00 PM,42.3577,-71.0594
SCHOOL ST / WASHINGTON ST,1:12:00 PM,42.3574,-71.0583
SCOTIA ST / DALTON ST,4:49:00 PM,42.3467,-71.085
SCOTIA ST / ST CECILIA ST,1:35:00 PM,42.347,-71.0865
SCOTIA ST / ST CECILIA ST,1:33:00 PM,42.347,-71.0865
SCOTIA ST / ST CECILIA ST,1:30:00 PM,42.347,-71.0865
SCOTIA ST / ST CECILIA ST,1:32:00 PM,42.347,-71.0865
SCOTIA ST / ST CECILIA ST,1:31:00 PM,42.347,-71.0865
SEDGWICK ST / JOHN A ANDREW ST,12:31:00 PM,42.3083,-71.1106
ST BOTOLPH ST / GAINSBOROUGH ST,12:52:00 PM,42.3409,-71.0857
ST BOTOLPH ST / GAINSBOROUGH ST,4:56:00 PM,42.3409,-71.0857
ST BOTOLPH ST / GAINSBOROUGH ST,12:56:00 PM,42.3409,-71.0857
ST BOTOLPH ST / GAINSBOROUGH ST,12:52:00 PM,42.3409,-71.0857
ST BOTOLPH ST / MASSACHUSETTS AVE,4:53:00 PM,42.3421,-71.0841
ST BOTOLPH ST / MASSACHUSETTS AVE,12:58:00 PM,42.3421,-71.0841
ST BOTOLPH ST / PUBLIC ALLEY NO 822,4:59:00 PM,,
ST BOTOLPH ST / PUBLIC ALLEY NO 822,1:01:00 PM,,
ST BOTOLPH ST / PUBLIC ALLEY NO 822,12:59:00 PM,,
ST CECILIA ST / BELVIDERE ST,4:46:00 PM,42.3464,-71.0867
ST CECILIA ST / BELVIDERE ST,1:27:00 PM,42.3464,-71.0867
ST JAMES AVE / BERKELEY ST,1:12:00 PM,42.3504,-71.0726
STANWOOD ST / NORMANDY ST,6:02:00 PM,42.3093,-71.0803
STRATHMORE RD / COMMONWEALTH AVE,2:14:00 PM,42.3389,-71.1524
STRATHMORE RD / LOTHIAN RD,2:13:00 PM,42.3399,-71.1538
STUART ST / CLARENDON ST,12:07:00 PM,42.3489,-71.0744
STUART ST / CLARENDON ST,12:06:00 PM,42.3489,-71.0744
STUART ST / DARTMOUTH ST,2:35:00 PM,42.3483,-71.0764
STUART ST / HUNTINGTON AVE,12:25:00 PM,,
STUART ST / TREMONT ST,1:11:00 PM,42.3511,-71.0649
STUART ST / TREMONT ST,3:20:00 PM,42.3511,-71.0649
STUART ST / TRINITY PL,2:33:00 PM,42.3486,-71.0754
SUMMER ST / D ST,12:24:00 PM,42.3462,-71.0422
SUMMER ST / D ST,12:26:00 PM,42.3462,-71.0422
SUMMER ST / DORCHESTER AVE,12:00:00 PM,42.3514,-71.0529
SURFACE RD / HANOVER ST,12:38:00 PM,42.3622,-71.0565
SYDNEY ST / MOSELEY ST,12:02:00 PM,42.3209,-71.0541
SYDNEY ST / NEWPORT ST,12:04:00 PM,,
SYDNEY ST / NEWPORT ST,12:04:00 PM,,
SYMPHONY RD / HEMENWAY ST,4:23:00 PM,42.3432,-71.0901
THEODORE ST / MIDDLETON ST,4:42:00 PM,42.2845,-71.0872
THEODORE ST / MIDDLETON ST,4:40:00 PM,42.2845,-71.0872
TREMONT ST / AGUADILLA ST,5:45:00 PM,42.3417,-71.0759
TREMONT ST / ARLINGTON ST,2:00:00 PM,42.3475,-71.0686
TREMONT ST / BERKELEY ST,1:40:00 PM,42.3453,-71.0698
TREMONT ST / BERKELEY ST,3:43:00 PM,42.3453,-71.0698
TREMONT ST / BURNEY ST,12:32:00 PM,42.3323,-71.0993
TREMONT ST / E BERKELEY ST,5:57:00 PM,42.3453,-71.0698
TREMONT ST / WORTHINGTON ST,3:08:00 PM,42.3335,-71.1027
TUFTS ST / MEDFORD ST,1:19:00 PM,42.3791,-71.0567
VALENTI WAY / PORTLAND ST,4:26:00 PM,42.3637,-71.061
VALENTI WAY / PORTLAND ST,4:26:00 PM,42.3637,-71.061
W 7TH ST / C ST,3:12:00 PM,42.3372,-71.0554
W BROADWAY / D ST,3:25:00 PM,42.3388,-71.0508
W NEWTON ST / COLUMBUS AVE,2:54:00 PM,42.3432,-71.0785
WALNUT AVE / BROOKLEDGE ST,5:25:00 PM,,
WALTHAM ST / HARRISON AVE,12:07:00 PM,42.3408,-71.0678
WARREN AVE / PEMBROKE ST,12:07:00 PM,42.3435,-71.0775
WASHINGTON ST / SOUTHERN AVE,3:41:00 PM,42.291,-71.0717
WASHINGTON ST / TALBOT AVE,1:56:00 PM,42.2902,-71.0716
WASHINGTON ST / TALBOT AVE,3:38:00 PM,42.2902,-71.0716
WOODVILLE ST / BLUE HILL AVE,5:51:00 PM,42.3213,-71.0775
WORCESTER SQ / WASHINGTON ST,12:06:00 PM,42.3374,-71.0756
WORCESTER SQ / WASHINGTON ST,12:05:00 PM,42.3374,-71.0756
WORCESTER ST / TREMONT ST,3:11:00 PM,42.3401,-71.0788
WORCESTER ST / TREMONT ST,3:14:00 PM,42.3401,-71.0788
WORCESTER ST / WASHINGTON ST,3:38:00 PM,42.3374,-71.0756
X 100 MILK ST,1:22:00 PM,,
X 100 MILK ST,5:47:00 PM,,
X 15 UNION ST,12:24:00 PM,,
X 161 DEVONSHIRE ST,1:42:00 PM,,
X 250 HANOVER ST,6:19:00 PM,,
X 332 HANOVER ST,6:10:00 PM,,
X 337 HANOVER ST,6:13:00 PM,,
X 356 CHESTNUT HILL AV,5:42:00 PM,,
X100 MILK ST,5:50:00 PM,,
X101 NEWBURY ST A-B,12:51:00 PM,,
X107 MERRIMAC ST,12:34:00 PM,,
X14 NEWBURY ST A-B,12:34:00 PM,,
X14 NEWBURY ST A-B,3:13:00 PM,,
X16 NEWBURY ST A-B,12:32:00 PM,,
X16 NEWBURY ST A-B,12:30:00 PM,,
X166 DEVONSHIRE ST,1:42:00 PM,,
X166 DEVONSHIRE ST,1:44:00 PM,,
X176 W SPRINGFIELD ST,3:19:00 PM,,
X185 PROVIDENCE ST,2:34:00 PM,,
X2 TYLER ST,6:44:00 PM,,
X2 TYLER ST,3:43:00 PM,,
X20 HUDSON ST,6:37:00 PM,,
X220 BOYLSTON ST A-C ST S,1:38:00 PM,,
X220 BOYLSTON ST A-C ST S,1:37:00 PM,,
X220 BOYLSTON ST A-C ST S,12:15:00 PM,,
X220 BOYLSTON ST A-C ST S,12:19:00 PM,,
X220 BOYLSTON ST A-C ST S,12:17:00 PM,,
X220 BOYLSTON ST A-C ST S,2:26:00 PM,,
X225 FRIEND ST,4:38:00 PM,,
X250 HANOVER ST,6:20:00 PM,,
X260 BERKELEY ST,3:07:00 PM,,
X272 BOYLSTON ST A-C ST S,4:09:00 PM,,
X300 BOYLSTON ST A-C ST S,4:12:00 PM,,
X310 STUART ST,4:26:00 PM,,
X310 STUART ST,4:27:00 PM,,
X316 STUART ST,4:22:00 PM,,
X332 HANOVER ST,6:08:00 PM,,
X343 HANOVER ST,6:11:00 PM,,
X343 HANOVER ST,6:13:00 PM,,
X356 CHESTNUT HILL AVE,1:20:00 PM,,
X41 NEW CHARDON ST,4:22:00 PM,,
X484 COLUMBUS AVE,3:03:00 PM,,
X499 SHAWMUT AVE,5:18:00 PM,,
X500 BOYLSTON ST C-B,4:45:00 PM,,
X503 SHAWMUT AVE,3:30:00 PM,,
X505 TREMONT ST,2:19:00 PM,,
X508 SHAWMUT AVE,3:29:00 PM,,
X54 BERKELEY ST,12:57:00 PM,,
X55 UNION ST,12:29:00 PM,,
X567 TREMONT ST,1:20:00 PM,,
X659 BOYLSTON ST,3:51:00 PM,,
X75 BERKELEY ST,4:47:00 PM,,
X80 BLOSSOM ST,1:01:00 PM,,
X80 BLOSSOM ST,12:09:00 PM,,
X9 NEWBURY ST A-B,3:20:00 PM,,
ZAMORA ST / PERKINS ST,12:36:00 PM,42.3215,-71.1128
