location,time,latitude,longitude
*AT PUBLIC LOT / E BROADWAY,2:59:00 PM,,
*AT PUBLIC LOT / E BROADWAY,5:09:00 PM,,
*AT PUBLIC LOT / E BROADWAY,5:10:00 PM,,
*AT PUBLIC LOT / E BROADWAY,3:03:00 PM,,
*AT PUBLIC LOT / E BROADWAY,5:08:00 PM,,
*AT PUBLIC LOT / E BROADWAY,3:05:00 PM,,
*AT PUBLIC LOT / E BROADWAY,3:04:00 PM,,
*AT PUBLIC LOT / E BROADWAY,2:59:00 PM,,
*AT PUBLIC LOT / E BROADWAY,3:02:00 PM,,
*AT PUBLIC LOT / E BROADWAY,3:03:00 PM,,
*AT PUBLIC LOT / W BROADWAY,2:40:00 PM,,
*AT PUBLIC LOT / W BROADWAY,4:55:00 PM,,
*AT PUBLIC LOT / W BROADWAY,2:40:00 PM,,
*AT PUBLIC LOT / W BROADWAY,2:31:00 PM,,
*AT PUBLIC LOT / W BROADWAY,2:32:00 PM,,
*AT PUBLIC LOT / W BROADWAY,2:36:00 PM,,
*AT PUBLIC LOT / W BROADWAY,2:33:00 PM,,
*AT PUBLIC LOT / W BROADWAY,2:41:00 PM,,
*AT PUBLIC LOT / W BROADWAY,4:48:00 PM,,
*AT PUBLIC LOT / W BROADWAY,2:41:00 PM,,
*AT PUBLIC LOT / W BROADWAY,4:50:00 PM,,
*AT PUBLIC LOT / W BROADWAY,2:35:00 PM,,
*AT PUBLIC LOT / W BROADWAY,2:35:00 PM,,
*AT PUBLIC LOT / W BROADWAY,2:38:00 PM,,
*AT PUBLIC LOT / W BROADWAY,4:53:00 PM,,
*AT PUBLIC LOT / W BROADWAY,2:34:00 PM,,
*AT PUBLIC LOT / W BROADWAY,2:42:00 PM,,
*AT PUBLIC LOT / W BROADWAY,2:30:00 PM,,
*AT PUBLIC LOT / W BROADWAY,2:38:00 PM,,
*AT PUBLIC LOT / W BROADWAY,2:39:00 PM,,
*AT PUBLIC LOT / W BROADWAY,2:33:00 PM,,
*AT PUBLIC LOT / W BROADWAY,2:29:00 PM,,
1 BERKELEY ST,1:12:00 PM,,
1 BRIGHTON AVE,12:25:00 PM,42.3524,-71.1253
1 BRIGHTON AVE,12:26:00 PM,42.3524,-71.1253
1 CAMBRIDGE ST,12:24:00 PM,42.3597,-71.0593
1 CAMBRIDGE ST,12:26:00 PM,42.3597,-71.0593
1 INDIA ST,2:01:00 PM,,
1 NASSAU ST,1:10:00 PM,42.3486,-71.063
10 BEACON ST,2:58:00 PM,,
10 GILMER ST,12:09:00 PM,42.2826,-71.0972
10 IMRIE RD,4:39:00 PM,42.3522,-71.1389
10 KNAPP ST,6:55:00 PM,42.3511,-71.0623
10 RIDGEMONT ST,4:26:00 PM,42.3512,-71.1406
100 BROOKLINE AV,1:38:00 PM,42.346,-71.0994
100 CAMBRIDGE ST,4:04:00 PM,42.3606,-71.0621
100 MILK ST,1:28:00 PM,42.3572,-71.0555
100 MILK ST,1:30:00 PM,42.3572,-71.0555
100 MORRIS ST,1:09:00 PM,42.377,-71.0316
100 N WASHINGTON,5:12:00 PM,,
100 NORTHERN AV,12:37:00 PM,42.3529,-71.0431
100 NORTHERN AV,12:38:00 PM,42.3529,-71.0431
100 SOUTH ST,6:27:00 PM,42.3064,-71.1146
100 TREMONT ST,2:24:00 PM,42.3507,-71.1727
101 BELVIDERE ST,1:01:00 PM,42.3455,-71.0836
101 BRIGHTON ST,12:36:00 PM,,
101 CANAL ST V-C,4:28:00 PM,,
101 CANAL ST V-C,4:38:00 PM,,
101 CHARLES ST,3:49:00 PM,42.3591,-71.0705
101 NEWBURY ST,5:49:00 PM,42.3518,-71.0753
102 CHARLES ST,3:51:00 PM,,
102 CHARLES ST,12:23:00 PM,,
103 ARCH ST,3:30:00 PM,42.3549,-71.0589
103 ARCH ST,3:29:00 PM,42.3549,-71.0589
103 BEACON ST,1:50:00 PM,42.3551,-71.0729
103 SOUTH ST,6:05:00 PM,,
104 CANAL ST,12:05:00 PM,42.3643,-71.0602
104 FORSYTH ST,4:50:00 PM,42.3382,-71.0898
104 FORSYTH ST,2:56:00 PM,42.3382,-71.0898
104 FORSYTH ST,4:49:00 PM,42.3382,-71.0898
104 FORSYTH ST,12:12:00 PM,42.3382,-71.0898
104 SOUTH ST,5:53:00 PM,42.3511,-71.0571
105 BRIGHTON AVE,12:36:00 PM,42.3531,-71.1306
105 WATER ST,2:46:00 PM,,
105 WATER ST,1:35:00 PM,,
105 WATER ST,1:34:00 PM,,
1056 BENNINGTON ST,3:02:00 PM,42.3876,-71.0048
1058 BENNINGTON ST,5:05:00 PM,42.3876,-71.0047
107 BEACON ST,1:49:00 PM,42.355,-71.073
107 CHARLES ST,3:48:00 PM,42.3592,-71.0705
107 CHARLES ST,6:38:00 PM,42.3592,-71.0705
108 MAIN ST,1:21:00 PM,42.3742,-71.0637
109 CHARLES ST,12:27:00 PM,42.3593,-71.0705
109 FLORIDA ST,3:37:00 PM,42.2883,-71.0588
11 ANTRIM ST,5:15:00 PM,42.3877,-71.0054
11 AV DE LAFAYETTE,3:52:00 PM,,
11 AV DE LAFAYETTE,3:53:00 PM,,
11 BURNEY ST,5:09:00 PM,42.3319,-71.0997
11 DEERFIELD ST,6:48:00 PM,,
11 DEERFIELD ST,1:47:00 PM,,
11 DEERFIELD ST,1:52:00 PM,,
11 DEERFIELD ST,5:27:00 PM,,
11 GREEN ST,1:56:00 PM,42.3129,-71.1134
11 GREEN ST,1:55:00 PM,42.3129,-71.1134
11 GREEN ST,5:11:00 PM,42.3129,-71.1134
11 MORRIS ST,1:05:00 PM,,
11 NEWBURY ST A-B,1:18:00 PM,,
11 WATER ST,1:00:00 PM,42.2887,-71.0394
110 6TH ST,3:45:00 PM,42.3752,-71.0554
110 DUNSTABLE ST,12:26:00 PM,,
110 FORSYTH ST,4:49:00 PM,42.3382,-71.0891
110 FORSYTH ST,12:14:00 PM,42.3382,-71.0891
110 FORSYTH ST,12:13:00 PM,42.3382,-71.0891
110 FORSYTH ST,12:14:00 PM,42.3382,-71.0891
110 FORSYTH ST,12:14:00 PM,42.3382,-71.0891
110 HIGH ST,12:30:00 PM,,
110 HIGH ST,1:07:00 PM,,
110 OLD HARBOR ST,3:38:00 PM,42.3311,-71.0472
110 SIXTH STREET,6:32:00 PM,42.3752,-71.0554
1105 COMMONWEALTH AV,5:14:00 PM,42.352,-71.1262
111 BEACH ST,1:19:00 PM,42.3506,-71.058
111 BEACON ST,1:48:00 PM,42.355,-71.0732
111 BEACON ST,1:49:00 PM,42.355,-71.0732
111 BRIGHTON AVE,12:37:00 PM,,
111 N WASHINGTON,2:28:00 PM,,
1111 COMMONWEALTH AV,3:43:00 PM,42.352,-71.1262
1111 COMMONWEALTH AV,3:44:00 PM,42.352,-71.1262
11161 COMMONWEALTH AVE,6:16:00 PM,,
1119 COMMONWEALTH AV,5:09:00 PM,42.3516,-71.126
1119 COMMONWEALTH AV,5:10:00 PM,42.3516,-71.126
1119 COMMONWEALTH AVE,5:11:00 PM,42.3516,-71.126
113 BEACON ST,1:47:00 PM,42.355,-71.0732
113 COTTAGE ST,6:13:00 PM,42.3685,-71.0343
113 LEYDEN ST,1:13:00 PM,42.389,-71.008
115 BEACON ST,1:46:00 PM,42.3549,-71.0733
117 BEACON ST,1:45:00 PM,42.2558,-71.1117
118 CHARLES ST,12:25:00 PM,42.3592,-71.0709
118 I ST,12:51:00 PM,42.334,-71.0398
1197 COMMONWEALTH AVE,3:50:00 PM,42.3509,-71.1296
12 BEACON ST,3:40:00 PM,42.3578,-71.0623
120 BROOKLINE AV,1:42:00 PM,42.3456,-71.0999
120 CHARLES ST,6:39:00 PM,42.3592,-71.0709
120 WATER ST,4:32:00 PM,42.3583,-71.0546
1200 COMMONWEALTH AVE,6:20:00 PM,42.3501,-71.1298
121 BEACON ST,1:43:00 PM,42.256,-71.1115
121 BEACON ST,1:44:00 PM,42.256,-71.1115
121 NEWBURY ST B-C,5:45:00 PM,,
121 NEWBURY ST C-D,5:44:00 PM,,
122 BEACON ST,1:54:00 PM,42.3552,-71.0743
123 CHARLES ST,12:28:00 PM,42.3598,-71.0705
123 COTTAGE ST,6:10:00 PM,42.3687,-71.034
123 LINCOLN ST,3:05:00 PM,42.3515,-71.0586
123 LINCOLN ST,6:17:00 PM,42.3515,-71.0586
123 N WASHINGTON,2:29:00 PM,,
123 W 3RD ST,1:49:00 PM,42.3408,-71.0521
1243 COMMONWEALTH AV,5:32:00 PM,,
1243 COMMONWEALTH AV,3:55:00 PM,,
1245 COMMONWEALTH AV,3:56:00 PM,,
1245 COMMONWEALTH AV,5:34:00 PM,,
1247 COMMONWEALTH AV,5:36:00 PM,42.3503,-71.132
1247 COMMONWEALTH AV,5:35:00 PM,42.3503,-71.132
1247 COMMONWEALTH AV,3:59:00 PM,42.3503,-71.132
1247 COMMONWEALTH AV,3:57:00 PM,42.3503,-71.132
125 HAVRE ST,12:00:00 PM,42.3729,-71.038
125 NEWBURY ST,5:43:00 PM,42.3514,-71.0766
125 NEWBURY ST B-C,5:42:00 PM,,
126 N WASHINGTON,3:46:00 PM,,
126 NEWBURY ST,1:03:00 PM,42.351,-71.0764
127 BEACON ST,1:42:00 PM,42.3548,-71.0737
127 CHARLES ST,12:29:00 PM,42.3599,-71.0706
127 SOUTH ST,1:17:00 PM,,
128 LINCOLN ST,2:04:00 PM,42.3513,-71.0582
129 CHARLES ST,6:41:00 PM,42.36,-71.0706
129 N WASHINGTON ST,2:30:00 PM,42.366,-71.0582
13 BOWDOIN ST,1:20:00 PM,42.2994,-71.0726
13 GARRISON ST,1:10:00 PM,42.346,-71.08
130 ST ALPHONSUS ST,12:35:00 PM,,
130 ST ALPHONSUS ST,12:36:00 PM,,
131 CHARLES ST,12:31:00 PM,42.36,-71.0706
131 DARTMOUTH ST,5:08:00 PM,42.3466,-71.0754
132 LINCOLN ST,3:01:00 PM,,
133 BEACON ST,1:41:00 PM,42.3548,-71.074
133 N WASHINGTON ST,2:31:00 PM,42.366,-71.0582
133 PEARL ST,12:59:00 PM,,
133 PORTLAND ST V-C,1:32:00 PM,,
135 BEACON ST,1:40:00 PM,42.3547,-71.074
136 H ST,12:57:00 PM,42.3332,-71.0412
136 HARRISON AV,5:15:00 PM,42.3498,-71.0615
136 HARRISON AVE,6:47:00 PM,42.3498,-71.0615
138 BRIGHTON AVE,12:49:00 PM,42.3528,-71.1318
138 BRIGHTON AVE,12:47:00 PM,42.3528,-71.1318
139 BRIGHTON ST,12:39:00 PM,,
139 CHARLES ST,12:31:00 PM,42.3602,-71.0706
14 ANTRIM ST,12:37:00 PM,42.3877,-71.0059
14 HUDSON ST,5:26:00 PM,42.3506,-71.0599
140 CLARENDON ST,12:00:00 PM,42.3486,-71.0744
140 CLARENDON ST,4:52:00 PM,42.3486,-71.0744
140 N WASHINGTON,2:33:00 PM,,
140 NEWBURY ST C-D,12:00:00 PM,,
140 ST ALPHONSUS ST,12:36:00 PM,42.3323,-71.1014
143 BEACON ST,1:38:00 PM,,
143 FISHER AVE,4:02:00 PM,42.3283,-71.1063
143 FISHER AVE,4:02:00 PM,42.3283,-71.1063
143 W BROOKLINE ST,6:23:00 PM,42.3419,-71.0748
144 NEWBURY ST,12:03:00 PM,42.3508,-71.0772
144 NEWBURY ST C-D,12:01:00 PM,,
148 BOWDOIN ST,2:33:00 PM,,
148 CAMBRIDGE ST,2:26:00 PM,42.361,-71.0643
1497 TREMONT ST,5:05:00 PM,42.3325,-71.0991
15 HARVARD ST,12:16:00 PM,42.3723,-71.063
15 KNEELAND ST,6:45:00 PM,42.3507,-71.0625
15 MAIN ST,12:21:00 PM,42.3727,-71.0617
15 SWIFT TER,5:43:00 PM,42.3803,-71.0222
150 BROOKLINE AV,1:49:00 PM,42.3446,-71.101
150 HARRISON AVE,6:49:00 PM,42.3494,-71.0618
150 HARRISON AVE,6:50:00 PM,42.3494,-71.0618
150 HARRISON AVE,6:48:00 PM,42.3494,-71.0618
151 CAMBRIDGE ST,2:20:00 PM,42.3615,-71.065
154 STUART ST,12:24:00 PM,,
154 STUART ST,1:01:00 PM,,
154 STUART ST,1:02:00 PM,,
155 DARTMOUTH ST,5:11:00 PM,,
156 PORTER ST,2:11:00 PM,42.3713,-71.0325
157 CHELSEA ST,12:12:00 PM,42.3736,-71.0342
157 NEWBURY ST,12:16:00 PM,42.3509,-71.0785
157 ST ALPHONSUS ST,3:45:00 PM,42.3324,-71.1019
159 H ST,1:00:00 PM,42.3324,-71.0416
1596 COLUMBIA RD,5:48:00 PM,42.33,-71.0377
16 BLOSSOM ST,1:59:00 PM,42.3617,-71.0672
16 FISHER AVE,4:34:00 PM,42.3271,-71.1005
16 NEWBURY ST,1:23:00 PM,42.3522,-71.072
16 NOTTINGHILL RD,4:45:00 PM,42.344,-71.1498
160 CHELSEA ST,5:29:00 PM,42.3739,-71.0345
160 ST ALPHONSUS ST,12:34:00 PM,42.3318,-71.1018
160 ST ALPHONSUS ST,12:33:00 PM,42.3318,-71.1018
1603 WASHINGTON ST,4:11:00 PM,,
161 DEVONSHIRE ST,12:46:00 PM,42.3563,-71.0575
161 DEVONSHIRE ST,12:04:00 PM,42.3563,-71.0575
161 DEVONSHIRE ST,12:47:00 PM,42.3563,-71.0575
1612 COMMONWEALTH AVE,3:57:00 PM,42.3433,-71.1426
1620 TREMONT ST,2:19:00 PM,42.3336,-71.104
164 LEYDEN ST,3:27:00 PM,42.389,-71.0055
165 TREMONT ST,12:52:00 PM,42.3539,-71.0637
167 CHELSEA ST,12:13:00 PM,42.3738,-71.0339
168 CAMBRIDGE ST,1:33:00 PM,,
169 BRIGHTON AVE,12:40:00 PM,,
169 N WASHINGTON ST,12:41:00 PM,42.3664,-71.0582
17 GARRISON ST,1:10:00 PM,42.3459,-71.0799
1701 WASHINGTON ST,4:08:00 PM,42.3374,-71.0762
172 NEWBURY ST,12:20:00 PM,42.3503,-71.0789
1737 COMMONWEALTH AVE,3:49:00 PM,42.3419,-71.1493
174 IPSWICH ST,3:26:00 PM,42.3463,-71.0951
174 IPSWICH ST,3:18:00 PM,42.3463,-71.0951
174 IPSWICH ST,3:20:00 PM,42.3463,-71.0951
174 IPSWICH ST,3:19:00 PM,42.3463,-71.0951
175 BERKELEY ST,3:37:00 PM,42.3501,-71.0721
175 CAMBRIDGE ST,4:33:00 PM,,
175 CAMBRIDGE ST,4:34:00 PM,,
175 CAMBRIDGE ST,2:15:00 PM,,
175 PORTLAND ST V-C,2:26:00 PM,,
1759 DORCHESTER AVE,3:21:00 PM,42.2902,-71.0633
178 TREMONT ST,12:57:00 PM,42.3529,-71.0641
179 LINCOLN ST,12:50:00 PM,42.3505,-71.059
179 SOUTH ST,5:44:00 PM,,
179 SOUTH ST,4:31:00 PM,,
179 SOUTH ST,12:40:00 PM,,
179 SOUTH ST,12:38:00 PM,,
18 BLOSSOM ST,6:32:00 PM,42.3617,-71.0672
18 BLOSSOM ST,6:29:00 PM,42.3617,-71.0672
18 GLENVILLE AVE,4:04:00 PM,,
18 HARVARD ST,12:16:00 PM,42.299,-71.0744
18 HUDSON ST,4:03:00 PM,42.3505,-71.06
18 HUDSON ST,6:38:00 PM,42.3505,-71.06
18 NEWBURY ST A-B,4:30:00 PM,,
180 BRIGHTON ST,12:44:00 PM,,
180 CANAL ST V-C,5:38:00 PM,,
180 LINCOLN ST,3:13:00 PM,42.3505,-71.0584
180 LINCOLN ST,12:53:00 PM,42.3505,-71.0584
180 LINCOLN ST,12:51:00 PM,42.3505,-71.0584
180 LINCOLN ST,3:14:00 PM,42.3505,-71.0584
181 SOUTH ST,12:41:00 PM,,
183 MASSACHUSETTS AVE,1:39:00 PM,42.3455,-71.0872
186 SOUTH ST,5:48:00 PM,42.3501,-71.0572
1866 DORCHESTER AVE,1:33:00 PM,42.2871,-71.0637
19 BURNEY ST,3:31:00 PM,42.3316,-71.0999
19 SCOTIA ST,12:10:00 PM,42.3466,-71.0856
19 STANIFORD ST,3:46:00 PM,,
19 STANIFORD ST,3:45:00 PM,,
19 STANIFORD ST,3:42:00 PM,,
19 SWIFT TER,5:44:00 PM,42.3802,-71.0223
19 TEMPLE ST,2:56:00 PM,42.2789,-71.1607
190 HIGH ST,2:09:00 PM,42.3567,-71.0523
191 CHELSEA ST,12:16:00 PM,42.3743,-71.0334
1918 BEACON ST,4:26:00 PM,,
1930 BEACON ST,4:29:00 PM,,
1930 BEACON ST,4:30:00 PM,,
194 HARVARD AVE,1:09:00 PM,,
1942 BEACON ST,4:31:00 PM,,
1944 BEACON ST,4:34:00 PM,,
1956 BEACON ST,4:34:00 PM,,
196 BRIGHTON AVE,12:42:00 PM,42.3531,-71.1342
197 PORTLAND ST,2:22:00 PM,,
197 PORTLAND ST V-C,2:26:00 PM,,
2 ASHMONT ST,12:01:00 PM,,
2 ASHMONT ST,12:01:00 PM,,
2 CAMBRIDGE ST,12:22:00 PM,,
2 CAMBRIDGE ST,12:22:00 PM,,
2 CAMBRIDGE ST,12:21:00 PM,,
2 CLARENDON ST,6:40:00 PM,42.3442,-71.0724
2 NEWBURY ST,1:19:00 PM,42.3524,-71.0713
2 OLIVER ST,6:34:00 PM,,
2 OLIVER ST,2:26:00 PM,,
2 OLIVER ST,2:27:00 PM,,
2 PRISCILLA RD,4:43:00 PM,42.3452,-71.1528
2 TYLER ST,5:02:00 PM,42.3512,-71.0604
20 HARVARD ST,12:17:00 PM,42.3722,-71.0633
20 MORRIS ST,1:06:00 PM,42.3754,-71.0335
200 BERKELEY ST,3:39:00 PM,42.3501,-71.0729
200 NEWBURY ST E-F,4:09:00 PM,,
200 PORTLAND ST V-C,2:24:00 PM,,
200 STUART ST,3:49:00 PM,42.3505,-71.0676
201 MASSACHUSETTS AVE,1:58:00 PM,,
201 NEWBURY ST,1:32:00 PM,42.3504,-71.0805
201 NEWBURY ST,3:08:00 PM,42.3504,-71.0805
201 SOUTH ST,6:30:00 PM,,
202 CHELSEA ST,3:47:00 PM,42.375,-71.0331
205 MASSACHUSETTS AVE,12:19:00 PM,42.3453,-71.0872
205 MASSACHUSETTS AVE,1:40:00 PM,42.3453,-71.0872
208 NEWBURY ST E-F,4:08:00 PM,,
21 BOWDOIN ST,6:01:00 PM,42.2997,-71.0724
21 BOWDOIN ST,2:50:00 PM,42.2997,-71.0724
21 BRIGHTON AVE,12:28:00 PM,42.3525,-71.1261
21 FAIRFIELD ST,4:33:00 PM,42.351,-71.083
21 FORSYTH ST,12:08:00 PM,,
21 FORSYTH ST,2:50:00 PM,,
21 FORSYTH ST,5:05:00 PM,,
21 FRAWLEY ST,1:19:00 PM,42.3322,-71.1082
210 COMMERCIAL ST,12:44:00 PM,42.3635,-71.0517
210 LEYDEN ST,3:24:00 PM,42.3888,-71.0033
211 CONGRESS ST,12:03:00 PM,42.3547,-71.0549
22 BEACON ST,12:24:00 PM,42.2531,-71.1173
22 BOSTON WHARF RD,1:32:00 PM,42.3505,-71.047
22 BOSTON WHARF RD,1:34:00 PM,42.3505,-71.047
22 KNEELAND ST,4:51:00 PM,42.3509,-71.0621
22 OXFORD ST,3:19:00 PM,42.3518,-71.0603
22 OXFORD ST,3:20:00 PM,42.3518,-71.0603
224 HANOVER ST,6:00:00 PM,,
226 CHELSEA ST,1:40:00 PM,42.3756,-71.0325
226 WASHINGTON ST,12:51:00 PM,42.3585,-71.0577
226 WASHINGTON ST,12:01:00 PM,42.3585,-71.0577
228 NEWBURY ST,1:29:00 PM,42.3497,-71.0813
229 BERKELEY ST,4:07:00 PM,42.3516,-71.0731
23 BEACHVIEW RD,3:19:00 PM,42.3907,-71.0026
230 NEWBURY ST E-F,4:32:00 PM,,
237 GROVE ST,3:27:00 PM,42.2617,-71.1574
238 HEMENWAY ST,5:00:00 PM,42.3397,-71.0917
239 NEWBURY ST,2:11:00 PM,,
24 FEDERAL ST,2:32:00 PM,42.3564,-71.0564
24 FEDERAL ST,12:13:00 PM,42.3564,-71.0564
24 WALLINGFORD RD,4:55:00 PM,42.3417,-71.1518
241 A ST,4:20:00 PM,,
241 A ST,4:20:00 PM,,
241 A STREET,2:26:00 PM,,
241 A STREET,4:30:00 PM,,
241 ST BOTOLPH ST,2:19:00 PM,,
241 ST BOTOLPH ST,3:51:00 PM,,
241 ST BOTOLPH ST,2:18:00 PM,,
241 ST BOTOLPH ST,12:54:00 PM,,
241 ST BOTOLPH ST,12:52:00 PM,,
241 ST BOTOLPH ST,12:55:00 PM,,
242 NEWBURY ST F-G,2:23:00 PM,,
243 GROVE ST,3:28:00 PM,42.2615,-71.1573
245 GROVE ST,3:30:00 PM,42.2615,-71.1573
245 SUMMER ST,3:03:00 PM,42.3514,-71.0538
245 SUMMER ST,2:41:00 PM,42.3514,-71.0538
245 SUMMER ST,3:02:00 PM,42.3514,-71.0538
246 NEWBURY ST F-G,2:22:00 PM,,
248 NEWBURY ST F-G,1:00:00 PM,,
25 BRIGHTON ST,12:27:00 PM,42.3835,-71.0778
25 GLENVILLE AVE,1:12:00 PM,,
25 KINGSTON ST,2:10:00 PM,42.3537,-71.0592
25 KINGSTON ST,4:07:00 PM,42.3537,-71.0592
25 KINGSTON ST,4:05:00 PM,42.3537,-71.0592
25 KINGSTON ST,2:09:00 PM,42.3537,-71.0592
25 NEW CHARDON ST,4:08:00 PM,42.3621,-71.0617
25 OLD MORTON ST,12:45:00 PM,42.2741,-71.0721
250 CAMBRIDGE ST,6:54:00 PM,42.3609,-71.0673
250 CAMBRIDGE ST,6:56:00 PM,42.3609,-71.0673
250 WASHINGTON ST,12:52:00 PM,42.3581,-71.0576
252 TREMONT ST,12:18:00 PM,42.3504,-71.0648
253 N BEACON ST,5:27:00 PM,42.3571,-71.1516
253 N BEACON ST,5:27:00 PM,42.3571,-71.1516
256 LEYDEN ST,12:41:00 PM,42.3887,-71.0012
257 NEWBURY ST F-G,4:07:00 PM,,
258 HUNTINGTON AV,3:45:00 PM,42.342,-71.0853
258 LEYDEN ST,12:40:00 PM,42.3887,-71.0011
258 NEWBURY ST F-G,2:20:00 PM,,
259 N BEACON ST,5:26:00 PM,42.3571,-71.1519
259 N BEACON ST,5:26:00 PM,42.3571,-71.1519
259 N BEACON ST,5:27:00 PM,42.3571,-71.1519
26 UNION ST,1:19:00 PM,42.3743,-71.0648
260 BERKELEY ST,4:09:00 PM,42.3526,-71.074
260 TREMONT ST,1:04:00 PM,42.3504,-71.0648
260 W BROADWAY,6:18:00 PM,,
262 WASHINGTON ST,12:54:00 PM,,
263 SUMMER ST,12:12:00 PM,42.3502,-71.0507
264 HUNTINGTON AV,3:43:00 PM,,
264 NEWBURY ST F-G,1:46:00 PM,,
268 NEWBURY ST,12:58:00 PM,42.3492,-71.0833
268 NEWBURY ST F-G,2:18:00 PM,,
27 BOWDOIN ST,2:31:00 PM,42.2998,-71.0721
27 ST LUKES RD,5:06:00 PM,42.3513,-71.1274
274 BOWDOIN ST,2:45:00 PM,42.3072,-71.0663
274 CAMBRIDGE ST,6:53:00 PM,42.361,-71.068
274 NEWBURY ST F-G,12:08:00 PM,,
274 NEWBURY ST F-G,4:13:00 PM,,
274 SUMMER ST,12:10:00 PM,42.3504,-71.0501
275 CAMBRIDGE ST,4:29:00 PM,42.3614,-71.0682
275 CAMBRIDGE ST,4:03:00 PM,42.3614,-71.0682
278 BOWDOIN ST,2:44:00 PM,42.3076,-71.0668
278 NEWBURY ST F-G,2:17:00 PM,,
280 SUMMER ST,5:27:00 PM,42.3503,-71.0498
280 SUMMER ST,12:17:00 PM,42.3503,-71.0498
280 SUMMER ST,12:16:00 PM,42.3503,-71.0498
280 SUMMER ST,12:41:00 PM,42.3503,-71.0498
280 SUMMER ST,12:09:00 PM,42.3503,-71.0498
280 SUMMER ST,5:26:00 PM,42.3503,-71.0498
281 SUMMER ST,12:41:00 PM,,
285 COLUMBUS AV,5:04:00 PM,42.3472,-71.0739
285 COLUMBUS AV,2:47:00 PM,42.3472,-71.0739
285 COLUMBUS AVE,2:48:00 PM,42.3472,-71.0739
285 SUMMER ST,2:45:00 PM,42.3497,-71.0496
285 SUMMER ST,2:43:00 PM,42.3497,-71.0496
286 NEWBURY ST,5:31:00 PM,42.3489,-71.0844
286 NEWBURY ST,2:19:00 PM,42.3489,-71.0844
286 NEWBURY ST,5:30:00 PM,42.3489,-71.0844
287 COLUMBUS AV,2:51:00 PM,,
287 HANOVER ST,3:41:00 PM,42.3637,-71.0543
289 HANOVER ST,6:10:00 PM,,
29 BOWDOIN ST,1:23:00 PM,42.2998,-71.072
29 GLENVILLE AVE,1:12:00 PM,42.3506,-71.133
29 MALLET ST,3:43:00 PM,42.2906,-71.0578
29 TEMPLE PL,4:46:00 PM,42.3551,-71.0622
29 TEMPLE ST,2:25:00 PM,42.2729,-71.0722
29 TEMPLE ST,2:26:00 PM,42.2729,-71.0722
290 CONGRESS ST D-A,12:21:00 PM,,
291 HUNTINGTON AVE,12:39:00 PM,42.3415,-71.0868
292 MARKET ST,5:20:00 PM,42.3527,-71.151
294 BOWDOIN ST,2:43:00 PM,42.3076,-71.066
294 CONGRESS ST D-A,12:23:00 PM,,
294 MAIN ST,12:18:00 PM,,
295 BUNKER HILL ST,1:08:00 PM,42.3806,-71.0657
296 HANOVER ST,3:36:00 PM,42.3641,-71.0544
3 CLIFTONDALE ST,1:17:00 PM,42.2836,-71.1296
30 CHAUNCY ST,12:14:00 PM,,
30 EVANS WY,5:50:00 PM,42.3375,-71.0978
30 EVANS WY,5:46:00 PM,42.3375,-71.0978
30 EVANS WY,5:47:00 PM,42.3375,-71.0978
30 EVANS WY,5:48:00 PM,42.3375,-71.0978
30 EVANS WY,5:52:00 PM,42.3375,-71.0978
30 GOVE ST,12:06:00 PM,42.372,-71.0377
30 NEWBURY ST A-B,4:32:00 PM,,
30 SCHOOL ST,3:56:00 PM,42.3602,-71.1423
300 NEWBURY ST,12:49:00 PM,42.3487,-71.0849
301 BERKELEY ST,1:36:00 PM,42.3543,-71.0743
303 BUNKER HILL ST,2:07:00 PM,42.381,-71.0663
303 COLUMBUS AV,2:53:00 PM,,
303 MAIN ST,12:17:00 PM,42.378,-71.0672
303 NEWBURY ST,2:34:00 PM,42.349,-71.0855
304 NEWBURY ST G-H,4:57:00 PM,,
305 W BROADWAY,5:26:00 PM,,
305 W BROADWAY,5:27:00 PM,,
305 W BROADWAY,5:30:00 PM,,
306 NEWBURY ST G-H,2:22:00 PM,,
306 NEWBURY ST G-H,2:21:00 PM,,
308 CONGRESS ST,3:21:00 PM,,
308 NEWBURY ST G-H,4:56:00 PM,,
31 BOWDOIN ST,1:24:00 PM,42.3603,-71.0631
31 CHARLES ST,6:27:00 PM,42.2506,-71.1329
31 STUART ST,1:38:00 PM,42.3513,-71.0638
311 SUMMER ST,12:23:00 PM,42.3493,-71.0489
311 SUMMER ST,12:24:00 PM,42.3493,-71.0489
314 NEWBURY ST,2:23:00 PM,42.3486,-71.0853
314 NEWBURY ST,4:21:00 PM,42.3486,-71.0853
315 W BROADWAY,5:27:00 PM,,
32 BRIGHTON AVE,1:03:00 PM,,
32 HILLSIDE ST,3:39:00 PM,42.3297,-71.1006
32 KNEELAND ST,1:31:00 PM,,
32 ORIENT AVE,1:05:00 PM,42.3898,-71.0004
320 CONGRESS ST,5:45:00 PM,42.3513,-71.0495
320 CONGRESS ST,5:44:00 PM,42.3513,-71.0495
320 HANOVER ST,6:36:00 PM,,
320 NEWBURY ST,12:03:00 PM,42.3485,-71.0858
321 COLUMBUS AV,2:54:00 PM,42.3465,-71.0749
321 HANOVER ST,6:14:00 PM,42.3641,-71.054
3228 WASHINGTON ST,1:00:00 PM,42.312,-71.1018
3228 WASHINGTON ST,12:59:00 PM,42.312,-71.1018
323 NEWBURY ST H-M,4:53:00 PM,,
324 NEWBURY ST,3:41:00 PM,42.3484,-71.086
324 NEWBURY ST H-M,1:24:00 PM,,
326 COMMONWEALTH AV,3:33:00 PM,42.3492,-71.0866
326 COMMONWEALTH AV,3:31:00 PM,42.3492,-71.0866
326 COMMONWEALTH AVE,1:07:00 PM,42.3492,-71.0866
326 NEWBURY ST,12:09:00 PM,42.3484,-71.0861
328 NEWBURY ST H-M,1:21:00 PM,,
3284 WASHINGTON ST,12:56:00 PM,42.3108,-71.103
33 BOWDOIN ST,1:26:00 PM,42.3602,-71.0631
33 BOWDOIN ST,1:25:00 PM,42.3602,-71.0631
33 BROAD ST M-C,1:37:00 PM,,
33 CHARLES ST,6:29:00 PM,42.2505,-71.1329
33 GAINSBOROUGH ST,3:51:00 PM,42.3414,-71.086
33 GAINSBOROUGH ST,12:41:00 PM,42.3414,-71.086
33 GAINSBOROUGH ST,2:10:00 PM,42.3414,-71.086
33 KINGSTON ST,6:04:00 PM,42.3536,-71.0593
33 NEWBURY ST A-B,4:33:00 PM,,
33 UNION ST,1:56:00 PM,42.3612,-71.0568
330 CONGRESS ST,3:19:00 PM,42.3513,-71.0494
330 CONGRESS ST,3:18:00 PM,42.3513,-71.0494
330 CONGRESS ST,3:19:00 PM,42.3513,-71.0494
330 NEWBURY ST,3:42:00 PM,42.3483,-71.0863
330 NEWBURY ST H-M,1:29:00 PM,,
330 NEWBURY ST H-M,5:43:00 PM,,
330 STUART ST,2:29:00 PM,42.3495,-71.0717
331 NEWBURY ST H-M,2:57:00 PM,,
332 CONGRESS ST,5:47:00 PM,,
332 CONGRESS ST,5:46:00 PM,,
332 CONGRESS ST,3:16:00 PM,,
332 CONGRESS ST,3:16:00 PM,,
333 MAVERICK ST,2:24:00 PM,42.3665,-71.031
333 NEWBURY ST H-M,2:56:00 PM,,
336 NEWBURY ST,12:13:00 PM,42.3483,-71.0865
337 HANOVER ST,1:52:00 PM,42.3644,-71.0536
338 NEWBURY ST,12:14:00 PM,42.3482,-71.0866
339 WASHINGTON ST,1:50:00 PM,42.3492,-71.1522
341 W BROADWAY,5:30:00 PM,,
343 CONGRESS ST,5:48:00 PM,42.3506,-71.0494
346 NEWBURY ST,1:14:00 PM,42.3482,-71.087
348 NEWBURY ST,4:51:00 PM,42.3481,-71.0871
35 BLOSSOM ST,6:53:00 PM,,
35 CHARLES ST,6:27:00 PM,42.2504,-71.133
35 HENSHAW ST,5:13:00 PM,42.3501,-71.1513
350 BOYLSTON ST,3:43:00 PM,42.3515,-71.0711
350 BOYLSTON ST,3:43:00 PM,42.3515,-71.0711
350 NEWBURY ST,4:50:00 PM,42.3481,-71.0872
351 COLUMBUS AVE,2:56:00 PM,42.3458,-71.0757
351 HANOVER ST,6:15:00 PM,,
352 NEWBURY ST,1:16:00 PM,42.3481,-71.0872
355 COLUMBUS AVE,2:56:00 PM,42.3457,-71.0757
357 W BROADWAY,5:31:00 PM,,
36 BEACON ST,6:12:00 PM,42.3573,-71.0655
36 CHARLES ST,12:19:00 PM,42.2501,-71.1328
36 CHAUNCY ST,12:04:00 PM,,
36 FIRST AVENUE,3:48:00 PM,42.3749,-71.054
36 FIRST AVENUE,3:50:00 PM,42.3749,-71.054
36 NEWBURY ST,1:26:00 PM,42.352,-71.0728
36 WALDEMAR AVE,12:53:00 PM,42.3908,-71.0002
361 NEWBURY ST,1:18:00 PM,42.3484,-71.0877
363 BOWDOIN ST,1:27:00 PM,,
363 CENTRE ST,12:42:00 PM,,
368 W BROADWAY,2:49:00 PM,,
368 W BROADWAY,4:58:00 PM,,
37 FAIRFIELD ST,12:18:00 PM,42.3498,-71.0824
37 STILLMAN ST,2:18:00 PM,,
37 TEMPLE PL,4:01:00 PM,42.355,-71.0621
370 STUART ST,2:24:00 PM,,
372 BUNKER HILL ST,1:02:00 PM,42.3819,-71.0688
375 NEWBURY EXT,3:27:00 PM,,
379 COMMONWEALTH AV,12:59:00 PM,42.3494,-71.0896
380 STUART ST,2:23:00 PM,,
385 COMMONWEALTH AV,12:56:00 PM,42.3494,-71.0899
385 W BROADWAY,5:32:00 PM,,
389 HANOVER ST,1:59:00 PM,42.3651,-71.053
39 BAY STATE RD,1:58:00 PM,42.3502,-71.0946
39 BEACON ST,4:15:00 PM,42.3572,-71.0662
39 BRIGHTON AVE,12:29:00 PM,42.3526,-71.127
39 CHARLES ST,2:32:00 PM,42.2502,-71.1332
39 LONSDALE ST,3:54:00 PM,42.2903,-71.0612
39 SOUTH ST,6:45:00 PM,42.3399,-71.1577
39 TEMPLE PL,4:00:00 PM,,
39 TEMPLE PL,4:45:00 PM,,
391 CENTRE ST,12:46:00 PM,42.3223,-71.1096
391 HANOVER ST,3:45:00 PM,42.3652,-71.0529
395 W BROADWAY,5:35:00 PM,,
398 NEPONSET AVE,4:42:00 PM,42.2867,-71.0441
4 MORRIS ST,1:04:00 PM,,
40 ANNUNCIATION RD,12:43:00 PM,42.3355,-71.0925
40 BATTERYMARCH ST,5:41:00 PM,42.3576,-71.0539
40 BERKELEY ST,4:21:00 PM,42.3459,-71.0709
40 CHARLES ST,4:47:00 PM,42.3572,-71.0702
41 BEACON ST,4:15:00 PM,42.2536,-71.1158
41 DUBOIS ST,1:56:00 PM,,
41 FAIRFIELD ST B-N,1:01:00 PM,,
41 NEW CHARDON ST,4:10:00 PM,,
41 QUINT AVE,1:16:00 PM,42.3517,-71.1344
410 NEPONSET AVE,4:38:00 PM,42.2865,-71.0439
42 BATTERYMARCH ST,6:40:00 PM,42.3576,-71.0538
423 W BROADWAY,4:32:00 PM,,
423 W BROADWAY,5:36:00 PM,,
423 W BROADWAY,5:37:00 PM,,
424 W BROADWAY,4:33:00 PM,,
425 W BROADWAY,5:37:00 PM,,
43 TEMPLE PL,3:58:00 PM,42.355,-71.0621
430 HANOVER ST,4:18:00 PM,42.3666,-71.0529
435 BUNKER HILL ST,12:50:00 PM,42.3833,-71.071
435 W BROADWAY,3:28:00 PM,,
437 BOYLSTON ST,1:06:00 PM,42.3516,-71.0729
437 BOYLSTON ST,12:38:00 PM,42.3516,-71.0729
437 BOYLSTON ST,2:22:00 PM,42.3516,-71.0729
44 SCHOOL ST,12:23:00 PM,42.3577,-71.0596
44 SCHOOL ST,12:22:00 PM,42.3577,-71.0596
44 SCHOOL ST,3:15:00 PM,42.3577,-71.0596
44 SCHOOL ST,2:15:00 PM,42.3577,-71.0596
441 MAIN ST,2:10:00 PM,42.3817,-71.071
441 STUART ST,6:05:00 PM,42.3486,-71.076
441 STUART ST,12:40:00 PM,42.3486,-71.076
441 STUART ST,3:30:00 PM,42.3486,-71.076
441 STUART ST,5:16:00 PM,42.3486,-71.076
441 STUART ST,3:28:00 PM,42.3486,-71.076
445 HANOVER ST,6:26:00 PM,42.3661,-71.0526
45 BAY STATE RD,1:57:00 PM,42.3502,-71.0949
45 CHARLES ST,2:31:00 PM,,
45 FAIRFIELD ST B-N,1:02:00 PM,,
45 HEMENWAY ST,12:35:00 PM,42.3454,-71.0898
45 PROVINCE ST,4:28:00 PM,,
45 PROVINCE ST,4:29:00 PM,,
45 TEMPLE ST,2:57:00 PM,42.2735,-71.0724
46 NEWBURY ST,2:02:00 PM,,
46 NEWBURY ST,6:09:00 PM,,
46 NEWBURY ST,6:09:00 PM,,
46 NEWBURY ST,12:47:00 PM,,
46 NEWBURY ST,1:28:00 PM,,
46 RUSSELL ST,12:31:00 PM,42.3796,-71.0661
46 WAREHAM ST,3:51:00 PM,42.3391,-71.067
460 BENNINGTON ST,5:23:00 PM,42.3812,-71.0227
47 BAY STATE RD,1:57:00 PM,42.3502,-71.095
47 BEACHVIEW RD,3:15:00 PM,42.391,-71.0035
47 BEACHVIEW RD,3:15:00 PM,42.391,-71.0035
47 BEACHVIEW RD,3:15:00 PM,42.391,-71.0035
475 E 6TH ST,3:13:00 PM,42.3329,-71.0417
48 BOYLSTON ST,3:42:00 PM,42.318,-71.1079
48 BRIGHTON AVE,1:02:00 PM,42.3522,-71.1275
48 BRIGHTON AVE,1:01:00 PM,42.3522,-71.1275
48 BRIGHTON ST,1:02:00 PM,42.3846,-71.0776
48 HIGH ST,12:35:00 PM,42.3542,-71.0547
487 E BROADWAY,5:03:00 PM,,
49 TEMPLE ST,2:23:00 PM,,
49 TEMPLE ST,2:22:00 PM,,
49 TEMPLE ST,2:59:00 PM,,
5 GREEN ST,5:03:00 PM,42.313,-71.1136
5 GREEN ST,5:04:00 PM,42.313,-71.1136
5 MAIN ST,12:22:00 PM,42.3725,-71.0617
5 PARK ST,1:46:00 PM,42.3573,-71.0625
50 BLOSSOM ST,6:55:00 PM,42.363,-71.0673
50 BLOSSOM ST,1:55:00 PM,42.363,-71.0673
50 BLOSSOM ST,1:54:00 PM,42.363,-71.0673
50 BLOSSOM ST,6:56:00 PM,42.363,-71.0673
50 FEDERAL ST,1:07:00 PM,42.3559,-71.0563
50 STANIFORD ST,3:38:00 PM,,
500 5TH AVE,2:24:00 PM,,
500 PARKER ST,12:26:00 PM,,
500 PARKER ST,12:23:00 PM,,
500 PARKER ST,12:27:00 PM,,
500 PARKER ST,12:23:00 PM,,
501 BEACON ST,3:59:00 PM,42.3505,-71.0899
501 BEACON ST,4:00:00 PM,42.3505,-71.0899
501 BOYLSTON ST,1:55:00 PM,42.3513,-71.0747
501 BOYLSTON ST,1:56:00 PM,42.3513,-71.0747
503 BEACON ST,4:02:00 PM,42.3505,-71.09
505 BOYLSTON ST C-B,1:55:00 PM,,
505 TREMONT ST,12:50:00 PM,42.3449,-71.0707
51 BLOSSOM ST,1:40:00 PM,42.3631,-71.0665
51 BLOSSOM ST,1:36:00 PM,42.3631,-71.0665
51 BLOSSOM ST,1:39:00 PM,42.3631,-71.0665
51 CHARLES ST,6:30:00 PM,42.3001,-71.0642
51 HEMENWAY ST,3:10:00 PM,42.3452,-71.0898
510 WASHINGTON ST,2:22:00 PM,42.3543,-71.0615
511 BOYLSTON ST,1:36:00 PM,42.3512,-71.0742
511 BOYLSTON ST C-B,1:36:00 PM,,
514 SARATOGA ST,12:28:00 PM,42.3806,-71.0262
518 TREMONT ST,2:17:00 PM,42.3449,-71.0698
518 TREMONT ST,6:05:00 PM,42.3449,-71.0698
519 BEACON ST,4:04:00 PM,42.3503,-71.0906
52 CHAUNCY ST,12:06:00 PM,,
52 CHAUNCY ST,12:36:00 PM,,
52 DUNSTABLE ST,12:32:00 PM,,
52 DUNSTABLE ST,12:31:00 PM,,
52 GAINSBOROUGH ST,4:02:00 PM,42.3418,-71.0874
52 KNEELAND ST,4:13:00 PM,42.3507,-71.0611
52 KNEELAND ST,4:10:00 PM,42.3507,-71.0611
520 E 8TH ST,3:29:00 PM,42.3315,-71.0407
523 BENNINGTON ST,4:35:00 PM,42.3818,-71.02
523 NEWBURY ST EXT,2:22:00 PM,,
524 TREMONT ST,6:04:00 PM,42.3446,-71.0701
529 BEACON ST,4:05:00 PM,42.3502,-71.0909
53 DEERFIELD ST,4:36:00 PM,,
53 DEERFIELD ST,5:33:00 PM,,
53 HEREFORD ST,5:38:00 PM,42.3488,-71.086
53 N WASHINGTON,2:25:00 PM,,
53 RALEIGH ST,12:07:00 PM,,
53 RALEIGH ST,2:09:00 PM,,
53 RALEIGH ST,4:23:00 PM,,
530 WASHINGTON ST,2:19:00 PM,42.3489,-71.1633
531 ALBANY ST,3:56:00 PM,42.3385,-71.067
532 E 7TH ST,3:18:00 PM,42.3324,-71.0392
535 BOYLSTON ST,12:09:00 PM,,
537 BENNINGTON ST,4:37:00 PM,42.382,-71.0194
538 TREMONT ST,6:02:00 PM,,
539 TREMONT ST,12:46:00 PM,,
539 WASHINGTON ST,1:17:00 PM,42.3494,-71.1635
54 CANAL ST,2:22:00 PM,42.3635,-71.0594
54 CANAL ST,12:10:00 PM,42.3635,-71.0594
54 CANAL ST NC-V,12:08:00 PM,,
54 CHELSEA ST,6:41:00 PM,42.3713,-71.0374
54 DWIGHT ST,4:02:00 PM,42.3446,-71.0698
54 MONUMENT AVE,4:34:00 PM,42.3752,-71.0617
540 SARATOGA ST,12:27:00 PM,42.3809,-71.0254
541 TREMONT ST,12:45:00 PM,,
545 WASHINGTON ST,3:54:00 PM,,
546 BENNINGTON ST,12:24:00 PM,42.3825,-71.0195
55 DEERFIELD ST,4:37:00 PM,,
55 DEERFIELD ST,2:00:00 PM,,
551 BOYLSTON ST C-B,5:33:00 PM,,
557 BENNINGTON ST,4:29:00 PM,42.3823,-71.0186
56 BRIGHTON AVE,12:59:00 PM,42.3523,-71.1279
56 BRIGHTON ST,1:00:00 PM,,
56 DWIGHT ST,4:01:00 PM,42.3446,-71.0698
564 WASHINGTON ST,1:03:00 PM,42.3534,-71.062
566 E 6TH ST,3:08:00 PM,42.3332,-71.038
569 COLUMBUS AVE,2:06:00 PM,42.341,-71.0818
57 BEACON ST,6:08:00 PM,42.3566,-71.0684
57 BERKELEY ST,12:38:00 PM,42.3466,-71.0705
57 BERKELEY ST,1:05:00 PM,42.3466,-71.0705
57 BERKELEY ST,4:40:00 PM,42.3466,-71.0705
57 BERKELEY ST,12:39:00 PM,42.3466,-71.0705
57 BRIGHTON AVE,12:32:00 PM,,
57 BRIGHTON ST,12:31:00 PM,,
57 CHARLES ST,6:36:00 PM,42.3577,-71.0701
57 HEMENWAY ST,3:09:00 PM,42.345,-71.0899
57 HIGH ST,4:50:00 PM,42.3767,-71.0636
57 N WASHINGTON,3:39:00 PM,,
57 N WASHINGTON,5:05:00 PM,,
570 WASHINGTON ST,1:03:00 PM,42.3534,-71.062
58 BERKELEY ST,12:27:00 PM,42.3465,-71.0711
58 FRANKLIN ST,5:03:00 PM,42.3558,-71.0584
58 FRANKLIN ST,1:43:00 PM,42.3558,-71.0584
58 KNEELAND ST,4:33:00 PM,42.3507,-71.0612
580 TREMONT ST,5:59:00 PM,,
580 TREMONT ST,3:55:00 PM,,
588 TREMONT ST,12:03:00 PM,42.3431,-71.0728
59 WESTLAND AVE,12:26:00 PM,42.3439,-71.0883
6 *AT PUBLIC LOT,3:30:00 PM,,
6 *AT PUBLIC LOT,3:06:00 PM,,
6 *AT PUBLIC LOT,3:07:00 PM,,
6 *AT PUBLIC LOT,3:35:00 PM,,
6 *AT PUBLIC LOT,3:10:00 PM,,
6 *AT PUBLIC LOT,3:34:00 PM,,
6 *AT PUBLIC LOT,3:40:00 PM,,
6 *AT PUBLIC LOT,3:34:00 PM,,
6 *AT PUBLIC LOT,3:32:00 PM,,
6 *AT PUBLIC LOT,3:29:00 PM,,
6 *AT PUBLIC LOT,3:37:00 PM,,
6 *AT PUBLIC LOT,3:09:00 PM,,
6 *AT PUBLIC LOT,3:09:00 PM,,
6 *AT PUBLIC LOT,3:38:00 PM,,
6 BARROWS ST,4:44:00 PM,42.353,-71.1381
6 PARKER ST,1:05:00 PM,42.3838,-71.0785
6 PRINCE ST,6:37:00 PM,42.3641,-71.0537
60 BRIGHTON ST,12:58:00 PM,,
600 WALLINGFORD RD,5:43:00 PM,,
603 TREMONT ST,6:35:00 PM,42.3432,-71.0736
607 BEACON ST,2:32:00 PM,,
607 BEACON ST,2:32:00 PM,,
61 BEACH ST,5:35:00 PM,42.3512,-71.0602
61 COLUMBIA RD,5:14:00 PM,42.3038,-71.0822
610 BEACON ST,2:36:00 PM,,
610 BEACON ST,4:21:00 PM,,
610 BEACON ST,2:05:00 PM,,
610 BEACON ST,2:03:00 PM,,
614 BLUE HILL AVE,12:20:00 PM,42.3031,-71.0849
614 BLUE HILL AVE,12:19:00 PM,42.3031,-71.0849
614 BLUE HILL AVE,12:18:00 PM,42.3031,-71.0849
614 BLUE HILL AVE,12:20:00 PM,42.3031,-71.0849
617 E BROADWAY,5:29:00 PM,,
618 WASHINGTON ST,1:08:00 PM,,
62 CHARLES ST,12:38:00 PM,42.3576,-71.0704
62 CHARLES ST,3:50:00 PM,42.3576,-71.0704
621 TREMONT ST,6:31:00 PM,42.3427,-71.0744
626 ADAMS ST,3:28:00 PM,42.2884,-71.0553
63 ATLANTIC AVE,6:04:00 PM,,
63 CHATHAM ST,12:26:00 PM,42.3596,-71.054
63 CHATHAM ST,12:27:00 PM,42.3596,-71.054
63 MORRIS ST,1:07:00 PM,42.3762,-71.0322
63 STUART ST,6:46:00 PM,42.3513,-71.0643
630 TREMONT ST,5:55:00 PM,42.3423,-71.0743
630 TREMONT ST,5:54:00 PM,42.3423,-71.0743
64 BEACON ST,2:36:00 PM,42.3565,-71.0691
64 BRIGHTON AVE,12:58:00 PM,42.3523,-71.1283
64 BRIGHTON AVE,12:56:00 PM,42.3523,-71.1283
64 HILLSIDE ST,3:40:00 PM,42.3301,-71.102
64 KNEELAND ST,4:13:00 PM,42.3506,-71.0606
64 STANIFORD ST,4:40:00 PM,42.3627,-71.0642
64 SUMMER ST,12:35:00 PM,42.2598,-71.1253
640 WASHINGTON ST,1:07:00 PM,42.2893,-71.0711
640 WASHINGTON ST,1:06:00 PM,42.2893,-71.0711
640 WASHINGTON ST,1:05:00 PM,42.2893,-71.0711
643 E BROADWAY,5:31:00 PM,,
643 TREMONT ST,12:26:00 PM,42.3423,-71.0753
645 TREMONT ST,12:26:00 PM,,
65 BRIGHTON AVE,12:33:00 PM,42.3528,-71.1286
65 FRANKLIN ST,12:36:00 PM,42.3554,-71.0588
65 FRANKLIN ST,12:56:00 PM,42.3554,-71.0588
651 E BROADWAY,5:31:00 PM,,
651 E BROADWAY,5:32:00 PM,,
657 E BROADWAY,5:37:00 PM,,
657 E BROADWAY,5:33:00 PM,,
657 E BROADWAY,5:33:00 PM,,
66 DECATUR ST,5:09:00 PM,,
660 E 7TH ST,1:05:00 PM,42.3325,-71.0338
660 SARATOGA ST,4:23:00 PM,42.3825,-71.021
660 WASHINGTON ST,4:14:00 PM,42.3513,-71.1703
660 WASHINGTON ST,4:14:00 PM,42.3513,-71.1703
663 E BROADWAY,5:50:00 PM,,
663 E BROADWAY,5:36:00 PM,,
67 MONUMENT AVE,4:35:00 PM,42.3754,-71.0612
673 BOYLSTON ST E-D,12:21:00 PM,,
68 BRIGHTON AVE,12:54:00 PM,,
68 KNEELAND ST,4:14:00 PM,42.3506,-71.0606
68 LEYDEN ST,1:20:00 PM,42.3899,-71.0098
69 BERKELEY ST,4:38:00 PM,42.3468,-71.0706
69 CHARLES ST,6:33:00 PM,42.2493,-71.1341
69 QUINT AVE,1:13:00 PM,42.3505,-71.1337
69 QUINT AVE,1:13:00 PM,42.3505,-71.1337
695 ATLANTIC AVE,12:20:00 PM,42.3516,-71.0564
699 BOYLSTON ST,12:20:00 PM,,
6TH ST / 1ST AVE,3:46:00 PM,,
70 DELL AVE,12:22:00 PM,,
70 DELL AVE,12:22:00 PM,,
70 DELL AVE,12:21:00 PM,,
70 FRANKLIN ST,3:24:00 PM,42.3557,-71.0582
70 FRANKLIN ST,3:23:00 PM,42.3557,-71.0582
70 FRANKLIN ST,2:03:00 PM,42.3557,-71.0582
70 ST BOTOLPH ST,1:08:00 PM,42.3455,-71.0797
711 ATLANTIC AVE,12:31:00 PM,42.3512,-71.0567
713 CENTRE ST,4:00:00 PM,42.3113,-71.1147
717 ATLANTIC AVE,12:32:00 PM,42.3508,-71.0568
72 KNEELAND ST,5:24:00 PM,42.3505,-71.0605
726 CENTRE ST,4:15:00 PM,42.3111,-71.1144
728 COMMONWEALTH AVE,1:16:00 PM,42.3496,-71.1064
73 HEMENWAY ST,12:33:00 PM,42.3446,-71.09
73 SACHEM ST,3:58:00 PM,42.331,-71.108
730 COMMONWEALTH AVE,2:24:00 PM,,
736 CAMBRIDGE ST,1:28:00 PM,42.3496,-71.148
736 CAMBRIDGE ST,1:26:00 PM,42.3496,-71.148
736 CAMBRIDGE ST,1:25:00 PM,42.3496,-71.148
736 CAMBRIDGE ST,1:27:00 PM,42.3496,-71.148
736 CAMBRIDGE ST,1:25:00 PM,42.3496,-71.148
736 CENTRE ST,1:49:00 PM,42.3108,-71.1145
737 HUNTINGTON AVE,12:17:00 PM,42.3341,-71.1055
74 BEACON ST,1:41:00 PM,42.2549,-71.1144
74 CANAL ST NC-V,12:08:00 PM,,
745 ATLANTIC AVE,1:54:00 PM,42.3503,-71.0571
745 BOYLSTON ST,1:25:00 PM,42.3494,-71.0806
75 BAY STATE RD,2:05:00 PM,42.3502,-71.0963
75 BEACON ST,3:56:00 PM,42.2546,-71.1141
75 CANAL ST NC-V,12:09:00 PM,,
75 CHARLES ST,6:35:00 PM,42.3583,-71.0703
75 CHARLES ST,12:22:00 PM,42.3583,-71.0703
75 FEDERAL ST,12:59:00 PM,42.3553,-71.0568
75 NORTHERN AV,12:45:00 PM,42.3524,-71.0452
75 NORTHERN AV,12:43:00 PM,42.3524,-71.0452
75 NORTHERN AV,12:42:00 PM,42.3524,-71.0452
75 NORTHERN AV,12:46:00 PM,42.3524,-71.0452
75 NORTHERN AV,12:51:00 PM,42.3524,-71.0452
75 NORTHERN AV,12:51:00 PM,42.3524,-71.0452
75 NORTHERN AV,12:49:00 PM,42.3524,-71.0452
75 NORTHERN AV,12:44:00 PM,42.3524,-71.0452
75 NORTHERN AV,12:48:00 PM,42.3524,-71.0452
75 WESTLAND AVE,12:29:00 PM,42.344,-71.0889
77 BEACON ST,1:44:00 PM,42.3561,-71.0706
777 BOYLSTON ST,2:43:00 PM,42.3493,-71.0814
777 BOYLSTON ST,2:43:00 PM,42.3493,-71.0814
78 CANAL ST NC-V,12:07:00 PM,,
78 CANAL ST NC-V,4:22:00 PM,,
78 CHARLES ST,6:34:00 PM,42.3581,-71.0707
78 WARREN ST,6:53:00 PM,42.3742,-71.0627
79 HARRISON AVE,3:28:00 PM,42.351,-71.0616
79 NEWBURY ST B-C,3:20:00 PM,,
79 SOUTH ST,12:08:00 PM,,
793 BOYLSTON ST,1:16:00 PM,42.3492,-71.0816
793 BOYLSTON ST,2:41:00 PM,42.3492,-71.0816
793 BOYLSTON ST,1:17:00 PM,42.3492,-71.0816
793 BOYLSTON ST,1:19:00 PM,42.3492,-71.0816
793 BOYLSTON ST,12:03:00 PM,42.3492,-71.0816
793 BOYLSTON ST,1:20:00 PM,42.3492,-71.0816
8 COVINGTON ST,3:40:00 PM,42.3308,-71.0464
80 BEDFORD ST,2:15:00 PM,42.3535,-71.0597
80 BRIGHTON AVE,12:53:00 PM,42.3524,-71.1298
80 BRIGHTON ST,12:52:00 PM,,
80 CHARLES ST,6:35:00 PM,42.3582,-71.0707
80 CHARLES ST,12:36:00 PM,42.3582,-71.0707
80 LINCOLN ST,2:07:00 PM,,
811 BOYLSTON ST,2:01:00 PM,42.3491,-71.0823
811 BOYLSTON ST,6:19:00 PM,42.3491,-71.0823
811 BOYLSTON ST,2:03:00 PM,42.3491,-71.0823
827 BOYLSTON ST G-F,1:04:00 PM,,
827 BOYLSTON ST G-F,12:40:00 PM,,
83 W BROOKLINE ST,6:16:00 PM,42.3407,-71.0736
84 ELMER RD,5:35:00 PM,42.2868,-71.0579
842 BLUE HILL AVE,12:13:00 PM,,
85 NEWBURY ST B-C,5:50:00 PM,,
850 DORCHESTER AVE,6:16:00 PM,42.3218,-71.0565
86 BEACON ST,1:51:00 PM,42.2552,-71.1138
86 BEDFORD ST,2:14:00 PM,,
86 BEDFORD ST,6:02:00 PM,,
86 CHARLES ST,6:36:00 PM,42.3583,-71.0708
86 NEWBURY ST,5:51:00 PM,,
860 BLUE HILL AVE,12:08:00 PM,,
867 E 1ST ST,6:54:00 PM,42.3382,-71.0291
88 BEACON ST,1:52:00 PM,42.3559,-71.0718
89 SOUTH ST,12:08:00 PM,42.3518,-71.0576
89 SOUTH ST,6:22:00 PM,42.3518,-71.0576
899 BOYLSTON ST,3:13:00 PM,,
899 BOYLSTON ST H-G,5:19:00 PM,,
9 FAIRFIELD ST,4:37:00 PM,42.3513,-71.0832
9 FAIRFIELD ST,4:36:00 PM,42.3513,-71.0832
9 KNAPP ST,5:17:00 PM,42.3511,-71.062
9 LIVINGSTONE ST,12:00:00 PM,42.2849,-71.0904
90 BEACON ST,1:53:00 PM,42.2553,-71.1136
90 CANAL ST NC-V,2:18:00 PM,,
90 CHARLES ST,12:35:00 PM,42.3584,-71.0709
90 N WASHINGTON ST,12:43:00 PM,42.3654,-71.0587
915 COMMONWEALTH AVE,5:35:00 PM,,
923 WASHINGTON ST,12:53:00 PM,42.2791,-71.07
925 COMMONWEALTH AV,3:42:00 PM,42.3522,-71.1177
925 COMMONWEALTH AV,3:41:00 PM,42.3522,-71.1177
929 COMMONWEALTH AV,3:40:00 PM,,
939 BOYLSTON ST,12:10:00 PM,42.3482,-71.0851
939 BOYLSTON ST,1:56:00 PM,42.3482,-71.0851
939 BOYLSTON ST,1:00:00 PM,42.3482,-71.0851
939 BOYLSTON ST,5:36:00 PM,42.3482,-71.0851
939 BOYLSTON ST H-G,2:26:00 PM,,
939 BOYLSTON ST H-G,1:01:00 PM,,
95 N WASHINGTON,2:27:00 PM,,
96 SOUTH ST,5:55:00 PM,42.3512,-71.0572
969 DORCHESTER AVE,6:09:00 PM,42.3178,-71.0569
97 ENDICOTT ST,2:21:00 PM,42.3642,-71.0572
972 COMMONWEALTH AVE,2:21:00 PM,,
985 DORCHESTER AVE,6:04:00 PM,42.317,-71.0569
99 BEACON ST,12:24:00 PM,42.2553,-71.1127
99 HIGH ST,3:07:00 PM,42.3542,-71.0548
99 RUSSELL ST,2:44:00 PM,42.3808,-71.0682
A ST / CONGRESS ST,2:48:00 PM,42.3504,-71.0485
ADAMS ST / DUBOIS ST,1:51:00 PM,42.3287,-71.0762
ADAMS ST / WHITTEN ST,4:03:00 PM,42.2939,-71.057
ARCH ST / FRANKLIN ST,2:04:00 PM,42.3554,-71.058
ARCH ST / FRANKLIN ST,12:41:00 PM,42.3554,-71.058
ARCH ST / FRANKLIN ST,3:27:00 PM,42.3554,-71.058
ARCH ST / FRANKLIN ST,2:05:00 PM,42.3554,-71.058
ARCH ST / FRANKLIN ST,2:05:00 PM,42.3554,-71.058
ARCH ST / MILK ST,12:43:00 PM,42.3567,-71.0578
ARCH ST / MILK ST,2:38:00 PM,42.3567,-71.0578
ARCH ST / SUMMER ST,2:21:00 PM,42.3544,-71.0591
ARCH ST / SUMMER ST,12:31:00 PM,42.3544,-71.0591
ARCH ST / SUMMER ST,2:19:00 PM,42.3544,-71.0591
ARCH ST / SUMMER ST,2:23:00 PM,42.3544,-71.0591
ARLINGTON ST / COLUMBUS AVE,3:53:00 PM,42.3501,-71.0699
ARLINGTON ST / COLUMBUS AVE,3:52:00 PM,42.3501,-71.0699
ARMANDINE ST / WASHINGTON ST,12:56:00 PM,42.2845,-71.0715
ARMANDINE ST / WASHINGTON ST,12:55:00 PM,42.2845,-71.0715
ATLANTIC AV / SUMMER ST,2:29:00 PM,42.3527,-71.0554
ATLANTIC AV / SUMMER ST,2:28:00 PM,42.3527,-71.0554
ATLANTIC AVE / BEACH ST,4:39:00 PM,42.3504,-71.0566
ATLANTIC AVE / BEACH ST,4:44:00 PM,42.3504,-71.0566
ATLANTIC AVE / BEACH ST,5:38:00 PM,42.3504,-71.0566
ATLANTIC AVE / BEACH ST,4:40:00 PM,42.3504,-71.0566
ATLANTIC AVE / ESSEX ST,6:08:00 PM,42.3518,-71.0559
ATLANTIC AVE / ESSEX ST,5:27:00 PM,42.3518,-71.0559
ATLANTIC AVE / SUMMER ST,12:26:00 PM,42.3527,-71.0554
AV DE LAFAYETTE / CHAUNCY ST,12:01:00 PM,,
AV DE LAFAYETTE / SUMMER ST,12:03:00 PM,,
AVENUE DE LAFAYETTE / CHAUNCY ST,12:02:00 PM,42.3531,-71.0607
AVENUE DE LAFAYETTE / HARRISON AVE EXT,1:16:00 PM,,
B ST / W 1ST ST,12:36:00 PM,42.3427,-71.0517
BATTERYMARCH SHORT A / BROAD ST,1:12:00 PM,,
BATTERYMARCH ST / BATTERYMARCH ARM,2:26:00 PM,,
BATTERYMARCH ST / BATTERYMARCH ST,1:11:00 PM,,
BATTERYMARCH ST / FRANKLIN ST,3:08:00 PM,42.3569,-71.0533
BATTERYMARCH ST / FRANKLIN ST,3:10:00 PM,42.3569,-71.0533
BATTERYMARCH ST / HIGH ST,2:24:00 PM,42.3564,-71.0528
BATTERYMARCH ST / HIGH ST,4:33:00 PM,42.3564,-71.0528
BATTERYMARCH ST / MILK ST,3:56:00 PM,42.3577,-71.0544
BATTERYMARCH ST / WATER ST,12:10:00 PM,42.3579,-71.0551
BEACH ST / HARRISON AVE,4:42:00 PM,42.3515,-71.0612
BEACH ST / LINCOLN ST,2:02:00 PM,42.3509,-71.0585
BEACH ST / LINCOLN ST,1:24:00 PM,42.3509,-71.0585
BEACH ST / SOUTH ST,1:17:00 PM,42.3507,-71.0574
BEACH ST / TYLER ST,4:46:00 PM,42.3514,-71.0605
BEACH ST / TYLER ST,1:46:00 PM,42.3514,-71.0605
BEACON ST / BOYLSTON ST,4:11:00 PM,,
BEACON ST / TREMONT ST,1:41:00 PM,42.358,-71.0604
BEDFORD ST / CHAUNCY ST,2:06:00 PM,42.3536,-71.0603
BEDFORD ST / KINGSTON ST,12:34:00 PM,42.3533,-71.0594
BEDFORD ST / LINCOLN ST,12:36:00 PM,42.3535,-71.0577
BELVIDERE ST / MASSACHUSETTS AVE,1:54:00 PM,42.3465,-71.0873
BERKELEY ST / ARLINGTON ST,5:44:00 PM,,
BERKELEY ST / BOYLSTON ST,12:15:00 PM,42.3512,-71.0731
BERKELEY ST / COLUMBUS AVE,4:33:00 PM,42.3487,-71.0718
BERKELEY ST B-N / BOYLSTON ST,12:18:00 PM,,
BERKELEY ST B-N / PUBLIC ALLEY NO 438,2:04:00 PM,,
BLAGDEN ST / EXETER ST,1:18:00 PM,42.3487,-71.0791
BLAGDEN ST / EXETER ST,1:19:00 PM,42.3487,-71.0791
BLOSSOM ST / BLOSSOM CT,1:31:00 PM,42.364,-71.0675
BLOSSOM ST / BLOSSOM CT,1:33:00 PM,42.364,-71.0675
BLOSSOM ST / CAMBRIDGE ST,5:38:00 PM,42.3611,-71.067
BLOSSOM ST / CAMBRIDGE ST,4:12:00 PM,42.3611,-71.067
BLOSSOM ST / CAMBRIDGE ST,6:50:00 PM,42.3611,-71.067
BLOSSOM ST / CARDINAL OCONNELL WAY,6:57:00 PM,42.3634,-71.0669
BLOSSOM ST / CARDINAL OCONNELL WAY,6:57:00 PM,42.3634,-71.0669
BLOSSOM ST / CARDINAL OCONNELL WAY,6:56:00 PM,42.3634,-71.0669
BLOSSOM ST / CHARLES ST,1:27:00 PM,42.3643,-71.0698
BLOSSOM ST / CHARLES ST,5:46:00 PM,42.3643,-71.0698
BLOSSOM ST / PARKMAN ST,6:52:00 PM,42.3622,-71.067
BLUE HILL AVE / ESMOND ST,12:17:00 PM,42.2995,-71.0864
BLUE HILL AVE / TALBOT AVE,12:10:00 PM,42.2949,-71.0878
BOWDOIN PARK / BOWDOIN ST,2:50:00 PM,42.3059,-71.0674
BOWDOIN ST / CAMBRIDGE ST,6:00:00 PM,42.3612,-71.0629
BOYLSTON ST / IPSWICH ST,3:12:00 PM,42.3452,-71.0954
BREED ST / GLADSTONE ST,1:10:00 PM,42.3897,-71.0075
BRIGHTON AVE / LINDEN ST,4:56:00 PM,42.3527,-71.1302
BRIGHTON ST / CHESTER ST,12:57:00 PM,,
BROOKLINE AV / YAWKEY WAY,1:36:00 PM,42.3468,-71.0989
BROOKLINE AVE / COMMONWEALTH AVE,5:20:00 PM,42.3488,-71.0971
BROOKLINE AVE / LANSDOWNE ST,1:32:00 PM,42.3472,-71.0985
BUNKER HILL ST / GREEN ST,2:21:00 PM,42.3787,-71.0618
CAMBRIA ST / MASSACHUSETTS AVE,12:52:00 PM,,
CAMBRIDGE ST / CENTER PLAZA,4:22:00 PM,,
CAMBRIDGE ST / CENTER PLAZA,6:01:00 PM,,
CAMBRIDGE ST / CENTER PLAZA,5:49:00 PM,,
CAMBRIDGE ST / SOMERSET ST,5:25:00 PM,42.3609,-71.0613
CAUSEWAY ST / PORTLAND ST,5:42:00 PM,42.3648,-71.0623
CAUSEWAY ST / PORTLAND ST,5:41:00 PM,42.3648,-71.0623
CENTRAL ST / BROAD ST,12:35:00 PM,42.3587,-71.0544
CENTRAL ST / BROAD ST,2:03:00 PM,42.3587,-71.0544
CENTRAL ST / BROAD ST,3:12:00 PM,42.3587,-71.0544
CENTRAL ST / BROAD ST,4:17:00 PM,42.3587,-71.0544
CENTRE ST / DORCHESTER AVE,1:39:00 PM,42.2936,-71.0621
CENTRE ST / NEW HEATH ST,12:33:00 PM,42.3262,-71.0965
CENTRE ST / NEW HEATH ST,12:33:00 PM,42.3262,-71.0965
CENTRE ST / SOUTH ST,5:17:00 PM,42.2882,-71.1447
CHARLES ST / BEACON ST,3:59:00 PM,42.3562,-71.0694
CHARLES ST / BEACON ST,4:00:00 PM,42.3562,-71.0694
CHARLES ST / BEACON ST,4:03:00 PM,42.3562,-71.0694
CHARLES ST / BOYLSTON ST,5:35:00 PM,42.3525,-71.0675
CHARLES ST / BOYLSTON ST,4:14:00 PM,42.3525,-71.0675
CHARLES ST / BOYLSTON ST,3:48:00 PM,42.3525,-71.0675
CHARLES ST / BOYLSTON ST,3:51:00 PM,42.3525,-71.0675
CHARLES ST / BOYLSTON ST,3:50:00 PM,42.3525,-71.0675
CHARLES ST / MOUNT VERNON ST,6:31:00 PM,42.3578,-71.0703
CHARLES ST S / PARK PLZ,3:44:00 PM,42.3518,-71.0672
CHAUNCY ST / SUMMER ST,12:51:00 PM,42.3546,-71.0593
CHAUNCY ST / SUMMER ST,2:00:00 PM,42.3546,-71.0593
CLARENDON ST / APPLETON ST,6:21:00 PM,42.3457,-71.0727
CLARENDON ST / APPLETON ST,6:20:00 PM,42.3457,-71.0727
COLUMBUS AV / BERKELEY ST,5:54:00 PM,42.3487,-71.0718
COLUMBUS AVE / CLAREMONT PARK,6:36:00 PM,42.3416,-71.0805
COLUMBUS AVE / GREENWICH PARK,6:35:00 PM,42.3422,-71.0798
COLUMBUS AVE / PEMBROKE ST,6:31:00 PM,42.3437,-71.0779
COLUMBUS AVE / PEMBROKE ST,3:53:00 PM,42.3437,-71.0779
COMMERCIAL ST / COPPS HILL TER,12:09:00 PM,42.3682,-71.0557
COMMERCIAL ST / COPPS HILL TER,12:11:00 PM,42.3682,-71.0557
COMMONWEALTH AV / LINDEN ST,3:52:00 PM,,
COMMONWEALTH AVE / BABCOCK ST,3:50:00 PM,42.3517,-71.1213
COMMONWEALTH AVE / CHISWICK RD,3:53:00 PM,42.3403,-71.1511
CR393 FANEUIL ST,5:36:00 PM,,
DALTON ST / BOYLSTON ST,3:19:00 PM,42.3479,-71.0856
DALTON ST / SCOTIA ST,3:18:00 PM,42.3467,-71.085
DECATUR ST / VINE ST,5:08:00 PM,42.3765,-71.0557
DELL AVE / BURNEY ST,12:24:00 PM,,
DEVONSHIRE ST / MILK ST,12:16:00 PM,42.3567,-71.0573
DORCHESTER AV / SUMMER ST,2:01:00 PM,42.3514,-71.0529
DORCHESTER AV / SUMMER ST,5:38:00 PM,42.3514,-71.0529
DORCHESTER AVE / CENTRE ST,1:38:00 PM,42.2936,-71.0621
DORCHESTER AVE / CONGRESS ST,5:40:00 PM,,
DORCHESTER AVE / CONGRESS ST,12:18:00 PM,,
DORCHESTER AVE / CONGRESS ST,12:19:00 PM,,
DORCHESTER AVE / CONGRESS ST,2:02:00 PM,,
DORCHESTER AVE / CONGRESS ST,12:17:00 PM,,
DORCHESTER AVE / HOWES ST,6:07:00 PM,42.3177,-71.0567
DORCHESTER AVE / SUMMER ST,3:07:00 PM,42.3514,-71.0529
DORCHESTER AVE / WOODWARD ST,12:55:00 PM,42.3319,-71.057
DORCHESTER ST / W 7TH ST,4:08:00 PM,42.3335,-71.0497
DUBOIS ST / ADAMS ST,1:52:00 PM,42.3287,-71.0762
DUBOIS ST / ADAMS ST,1:51:00 PM,42.3287,-71.0762
E 6TH ST / I ST,3:11:00 PM,42.333,-71.0399
E 8TH ST / KNOWLTON ST,6:34:00 PM,42.332,-71.0498
E 9TH ST / PATTERSON WAY,6:31:00 PM,42.3319,-71.0508
E BROADWAY / E 6TH ST,5:41:00 PM,,
E BROADWAY / I ST,1:56:00 PM,42.3356,-71.0399
E SERVICE ROAD / SEAPORT BLVD,1:33:00 PM,42.351,-71.0439
EAST NEWTON ST / HARRISON AVE,5:10:00 PM,42.3375,-71.072
EAST SERVICE RD / CONGRESS ST,1:49:00 PM,42.3488,-71.0459
EAST SERVICE RD / CONGRESS ST,1:44:00 PM,42.3488,-71.0459
EAST SERVICE RD / CONGRESS ST,1:39:00 PM,42.3488,-71.0459
EAST SERVICE RD / CONGRESS ST,1:48:00 PM,42.3488,-71.0459
EAST SERVICE RD / CONGRESS ST,1:41:00 PM,42.3488,-71.0459
EAST SERVICE RD / CONGRESS ST,1:42:00 PM,42.3488,-71.0459
EAST SERVICE RD / CONGRESS ST,1:42:00 PM,42.3488,-71.0459
EAST SERVICE RD / CONGRESS ST,1:47:00 PM,42.3488,-71.0459
EAST SERVICE RD / CONGRESS ST,1:43:00 PM,42.3488,-71.0459
EAST SERVICE RD / CONGRESS ST,1:40:00 PM,42.3488,-71.0459
EAST SERVICE RD / CONGRESS ST,1:38:00 PM,42.3488,-71.0459
EAST SERVICE RD / SEAPORT BLVD,1:46:00 PM,42.351,-71.0439
EAST SERVICE RD / SEAPORT BLVD,1:45:00 PM,42.351,-71.0439
EAST SERVICE RD / SEAPORT BLVD,1:47:00 PM,42.351,-71.0439
EAST ST / SOUTH ST,1:02:00 PM,42.3517,-71.0572
EAST ST / SOUTH ST,1:01:00 PM,42.3517,-71.0572
EMERSON ST / E BROADWAY,5:46:00 PM,42.3356,-71.0399
EMERSON ST / E BROADWAY,5:44:00 PM,42.3356,-71.0399
EMERSON ST / E BROADWAY,5:42:00 PM,42.3356,-71.0399
EVANS WAY / TETLOW ST,2:38:00 PM,42.3372,-71.0983
EVANS WY / FENWAY,5:38:00 PM,,
EVANS WY / FENWAY,5:38:00 PM,,
EVANS WY / FENWAY,5:37:00 PM,,
EVANS WY / FENWAY,5:36:00 PM,,
EVANS WY / FENWAY,5:45:00 PM,,
EVANS WY / TETLOW ST,1:20:00 PM,42.3372,-71.0983
EVANS WY / TETLOW ST,1:26:00 PM,42.3372,-71.0983
EVANS WY / TETLOW ST,5:42:00 PM,42.3372,-71.0983
EVANS WY / TETLOW ST,5:41:00 PM,42.3372,-71.0983
EVANS WY / TETLOW ST,1:20:00 PM,42.3372,-71.0983
EXCHANGE PLACE / CONGRESS ST,1:09:00 PM,42.358,-71.0565
EXCHANGE PLACE / KILBY ST,3:24:00 PM,42.3583,-71.0556
FAIRFIELD ST / BEACON ST,4:42:00 PM,42.3525,-71.0835
FAIRFIELD ST / BEACON ST,4:41:00 PM,42.3525,-71.0835
FEDERAL ST / HIGH ST,1:01:00 PM,42.3536,-71.0562
FEDERAL ST / HIGH ST,12:42:00 PM,42.3536,-71.0562
FEDERAL ST / HIGH ST,12:43:00 PM,42.3536,-71.0562
FEDERAL ST / HIGH ST,12:24:00 PM,42.3536,-71.0562
FEDERAL ST / HIGH ST,3:16:00 PM,42.3536,-71.0562
FEDERAL ST / HIGH ST,2:26:00 PM,42.3536,-71.0562
FEDERAL ST / HIGH ST,12:44:00 PM,42.3536,-71.0562
FEDERAL ST / HIGH ST,1:02:00 PM,42.3536,-71.0562
FEDERAL ST / HIGH ST,12:41:00 PM,42.3536,-71.0562
FEDERAL ST / HIGH ST,2:21:00 PM,42.3536,-71.0562
FEDERAL ST / HIGH ST,12:41:00 PM,42.3536,-71.0562
FEDERAL ST / HIGH ST,2:24:00 PM,42.3536,-71.0562
FEDERAL ST / HIGH ST,3:13:00 PM,42.3536,-71.0562
FEDERAL ST / HIGH ST,1:03:00 PM,42.3536,-71.0562
FEDERAL ST / HIGH ST,12:43:00 PM,42.3536,-71.0562
FEDERAL ST / HIGH ST,2:28:00 PM,42.3536,-71.0562
FISHER AVE / BUCKNAM ST,1:28:00 PM,42.3279,-71.104
FORSYTH WAY / HEMENWAY ST,4:57:00 PM,42.3395,-71.0926
FORSYTH WY / HEMENWAY ST,4:55:00 PM,42.3395,-71.0926
FORSYTH WY / HEMENWAY ST,4:56:00 PM,42.3395,-71.0926
FRANKLIN ST / ARCH ST,2:01:00 PM,42.3554,-71.058
FRANKLIN ST / BATTERYMARCH ST,4:31:00 PM,42.3569,-71.0533
FRANKLIN ST / BATTERYMARCH ST,6:58:00 PM,42.3569,-71.0533
FRANKLIN ST / BROAD ST,2:11:00 PM,42.3574,-71.0527
FRANKLIN ST / BROAD ST,5:42:00 PM,42.3574,-71.0527
FRANKLIN ST / CONGRESS ST,4:16:00 PM,42.3556,-71.0557
FRANKLIN ST / FEDERAL ST,5:00:00 PM,42.3555,-71.0565
FRANKLIN ST / FEDERAL ST,4:08:00 PM,42.3555,-71.0565
FRANKLIN ST / FEDERAL ST,4:11:00 PM,42.3555,-71.0565
FRANKLIN ST / FEDERAL ST,12:38:00 PM,42.3555,-71.0565
FRANKLIN ST / OLIVER ST,3:12:00 PM,42.3566,-71.0539
FRANKLIN ST / OLIVER ST,2:25:00 PM,42.3566,-71.0539
FRANKLIN ST / PEARL ST,5:05:00 PM,42.3561,-71.0549
FRANKLIN ST / PEARL ST,2:15:00 PM,42.3561,-71.0549
FRANKLIN ST / PEARL ST,2:15:00 PM,42.3561,-71.0549
FRANKLIN ST / PEARL ST,12:00:00 PM,42.3561,-71.0549
FRIEND ST / VALENTI WAY,2:12:00 PM,42.364,-71.0605
GAINSBOROUGH ST / HUNTINGTON AVE,4:00:00 PM,42.3414,-71.0865
GARDNER ST / ALCORN ST,2:13:00 PM,42.3531,-71.123
GARDNER ST / BABCOCK ST,2:13:00 PM,42.3529,-71.121
GARDNER ST / BABCOCK ST,2:17:00 PM,42.3529,-71.121
GENEVA AVE / DAKOTA ST,3:11:00 PM,42.3003,-71.0662
GLOUCESTER ST / BOYLSTON ST,12:55:00 PM,42.3484,-71.0838
GLOUCESTER ST / NEWBURY ST,12:47:00 PM,42.3492,-71.0841
HANOVER ST / CROSS ST,2:36:00 PM,42.3626,-71.0557
HANOVER ST / CROSS ST,2:36:00 PM,42.3626,-71.0557
HANOVER ST / PARMENTER ST,1:01:00 PM,42.3636,-71.0546
HARRISON AV / E BROOKLINE ST,5:23:00 PM,42.3383,-71.0709
HARRISON AVE / BEACH ST,4:41:00 PM,42.3515,-71.0612
HARRISON AVE / BEACH ST,4:40:00 PM,42.3515,-71.0612
HARRISON AVE / RANDOLPH ST,12:10:00 PM,42.3419,-71.0664
HARVARD AVE / COMMONWEALTH AVE,1:08:00 PM,42.3501,-71.1309
HAVERHILL ST / CAUSEWAY ST,2:47:00 PM,42.3657,-71.0606
HAVERHILL ST / VALENTI WAY,2:43:00 PM,,
HAVERHILL ST / VALENTI WAY,2:44:00 PM,,
HAVERHILL ST / VALENTI WAY,2:44:00 PM,,
HAVERHILL ST / VALENTI WAY,2:45:00 PM,,
HAVERHILL ST / VALENTI WAY,2:46:00 PM,,
HAVERHILL ST / VALENTI WAY,2:42:00 PM,,
HEATH ST / EUGENE CIR,12:09:00 PM,42.3279,-71.1092
HENLEY ST / WARREN ST,1:23:00 PM,42.3731,-71.061
HEREFORD ST B-N / BOYLSTON ST,12:58:00 PM,,
HEREFORD ST B-N / NEWBURY ST,5:00:00 PM,,
HEREFORD ST B-N / NEWBURY ST,3:04:00 PM,,
HEREFORD ST B-N / NEWBURY ST,2:59:00 PM,,
HIGH ST / CONGRESS ST,12:31:00 PM,42.3546,-71.0546
HIGH ST / FEDERAL ST,12:36:00 PM,42.3536,-71.0562
HIGH ST / FEDERAL ST,2:27:00 PM,42.3536,-71.0562
HIGH ST / OLIVER ST,2:04:00 PM,42.3561,-71.0532
HIGH ST / PEARL ST,1:58:00 PM,42.3552,-71.054
HIGH ST / SURFACE RD,2:12:00 PM,42.3569,-71.0512
HIGH ST / SURFACE RD,2:06:00 PM,42.3569,-71.0512
HIGH ST / SURFACE RD,2:06:00 PM,42.3569,-71.0512
HUDSON ST / KNEELAND ST,4:16:00 PM,42.3503,-71.0602
INDIA ST / MILK ST,12:19:00 PM,42.3585,-71.0532
IPSWICH ST / BOYLSTON ST,3:15:00 PM,42.3452,-71.0954
IPSWICH ST / BOYLSTON ST,3:14:00 PM,42.3452,-71.0954
JERSEY ST / QUEENSBERRY ST,2:08:00 PM,42.3428,-71.097
KING ST / ADAMS ST,4:13:00 PM,42.2931,-71.0573
KNEELAND ST / HARRISON AVE,1:42:00 PM,42.3506,-71.0615
KNEELAND ST / HARRISON AVE,4:11:00 PM,42.3506,-71.0615
L ST / E 6TH ST,5:42:00 PM,42.3331,-71.0353
LEONARD ST / ADAMS ST,4:57:00 PM,42.3013,-71.0596
LINCOLN ST / BEACH ST,1:23:00 PM,42.3509,-71.0585
LINCOLN ST / TUFTS ST,12:00:00 PM,42.3517,-71.0582
LOGAN AIRPORT SERVICE DR / PORTER ST,4:08:00 PM,,
LOGAN AIRPORT SERVICE DR / PORTER ST,4:09:00 PM,,
LYNDE ST / ARROW ST,2:33:00 PM,42.3726,-71.0646
MAIN ST / BUNKER HILL ST,2:13:00 PM,42.3834,-71.0717
MAIN ST / BUNKER HILL ST,2:13:00 PM,42.3834,-71.0717
MAIN ST / ESSEX ST,12:40:00 PM,42.3791,-71.0687
MAIN ST / FRANKLIN ST,12:22:00 PM,42.3779,-71.0675
MAIN ST / SULLIVAN ST,12:20:00 PM,42.3778,-71.0673
MAIN ST / WINTHROP ST,2:27:00 PM,42.3734,-71.0623
MARGINAL RD / SHAWMUT AVE,3:45:00 PM,42.3477,-71.0657
MARGINAL RD / SHAWMUT AVE,3:47:00 PM,42.3477,-71.0657
MARGINAL RD / TREMONT ST,3:49:00 PM,42.348,-71.068
MARGINAL RD / TREMONT ST,5:14:00 PM,42.348,-71.068
MARKET ST / MAPLETON ST,5:19:00 PM,42.3525,-71.1514
MARLBOROUGH ST / BERKELEY ST,4:17:00 PM,42.354,-71.0744
MASSACHUSETTS AVE / COMMONWEALTH AVE,1:03:00 PM,42.3489,-71.0885
MASSACHUSETTS AVE / HAVILAND ST,12:16:00 PM,42.3466,-71.0874
MEDALLION AVE / BINFORD ST,4:34:00 PM,,
MEDALLION AVE / BINFORD ST,4:33:00 PM,,
MEDALLION AVE / BINFORD ST,2:33:00 PM,,
MEDALLION AVE / BINFORD ST,2:31:00 PM,,
MEDALLION AVE / BINFORD ST,4:35:00 PM,,
MEDFORD ST / N WASHINGTON ST,3:50:00 PM,42.3654,-71.0583
MELCHER ST / A ST,1:57:00 PM,42.3491,-71.0495
MERCHANTS ROW / CHATHAM ST,12:23:00 PM,42.3595,-71.0556
MILK ST / ARCH ST,2:21:00 PM,42.3567,-71.0578
MILK ST / BROAD ST,2:07:00 PM,42.358,-71.054
MILK ST / INDIA ST,12:20:00 PM,42.3585,-71.0532
MILK ST / OLIVER ST,5:43:00 PM,42.3573,-71.0549
MILK ST / PEARL ST,2:20:00 PM,42.3569,-71.0557
MILK ST / PEARL ST,12:03:00 PM,42.3569,-71.0557
MILK ST / PEARL ST,2:21:00 PM,42.3569,-71.0557
MILK ST / PEARL ST,3:39:00 PM,42.3569,-71.0557
MILK ST / PEARL ST,3:19:00 PM,42.3569,-71.0557
MILK ST / PEARL ST,2:21:00 PM,42.3569,-71.0557
N ANDERSON ST / CAMBRIDGE ST,3:45:00 PM,42.3611,-71.0679
NASSAU ST / WASHINGTON ST,1:09:00 PM,,
NEWBURY EXTENSION / KENMORE ST,12:18:00 PM,42.348,-71.0949
NEWBURY ST / BERKELEY ST,5:54:00 PM,42.3521,-71.0734
NEWBURY ST / FAIRFIELD ST,12:16:00 PM,42.3497,-71.0822
NEWBURY ST / FAIRFIELD ST,12:26:00 PM,42.3497,-71.0822
NORTH ST / RICHMOND ST,12:37:00 PM,42.3631,-71.0541
NR 110 CANAL ST V-C,12:02:00 PM,,
NR 110 SIXTH STREET,1:29:00 PM,,
NR 110 SIXTH STREET,1:28:00 PM,,
NR 144 HILLSIDE ST,3:53:00 PM,,
NR 190 HIGH ST,12:02:00 PM,,
NR 241 A ST,2:16:00 PM,,
NR 241 A STREET,4:18:00 PM,,
NR 241 A STREET,2:19:00 PM,,
NR 241 A STREET,2:20:00 PM,,
NR 241 A STREET,2:21:00 PM,,
NR 241 A STREET,4:14:00 PM,,
NR 241 A STREET,2:19:00 PM,,
NR 241 A STREET,2:17:00 PM,,
NR 25 BELLEVUE ST,1:17:00 PM,,
NR 25 NEW CHARDON ST,4:06:00 PM,,
NR 25 TRINITY PL,12:51:00 PM,,
NR 25 TRINITY PL,12:52:00 PM,,
NR 26 PONTIAC ST,3:34:00 PM,,
NR 30 CHAUNCY ST,12:36:00 PM,,
NR 30 CHAUNCY ST,12:03:00 PM,,
NR 320 NEWBURY ST,12:06:00 PM,,
NR 323 NEWBURY ST H-M,4:56:00 PM,,
NR 33 SACKVILLE ST,1:15:00 PM,,
NR 33 SACKVILLE ST,1:14:00 PM,,
NR 337 SUMMER ST,2:45:00 PM,,
NR 337 SUMMER ST,12:28:00 PM,,
NR 40 CHELSEA ST,1:45:00 PM,,
NR 45 HEREFORD ST,3:36:00 PM,,
NR 45 HEREFORD ST,1:11:00 PM,,
NR 50 BLOSSOM ST,12:20:00 PM,,
NR 50 STANIFORD ST,6:00:00 PM,,
NR 50 STANIFORD ST,3:44:00 PM,,
NR 51 BLOSSOM ST,1:35:00 PM,,
NR 51 BLOSSOM ST,1:34:00 PM,,
NR 515 WASHINGTON ST,1:21:00 PM,,
NR 53 TIBBETTS TOWN WAY,2:48:00 PM,,
NR 53 TIBBETTS TOWN WAY,2:49:00 PM,,
NR 531 BEACON ST,4:07:00 PM,,
NR 60 BRIGHTON AVE,5:01:00 PM,,
NR 63 CHATHAM ST,12:25:00 PM,,
NR 63 CHATHAM ST,12:26:00 PM,,
NR 73 SACHEM ST,3:59:00 PM,,
NR 955 BOYLSTON ST,5:20:00 PM,,
NR 955 BOYLSTON ST M-H,3:08:00 PM,,
NR 955 BOYLSTON ST M-H,3:07:00 PM,,
NR 955 BOYLSTON ST M-H,5:18:00 PM,,
NR 955 BOYLSTON ST M-H,3:07:00 PM,,
NR 955 BOYLSTON ST M-H,1:38:00 PM,,
NR 955 BOYLSTON ST M-H,5:15:00 PM,,
NR100 BROOKLINE AVE,1:40:00 PM,,
NR101 CANAL ST V-C,12:21:00 PM,,
NR101 CANAL ST V-C,2:31:00 PM,,
NR105 WATER ST,2:47:00 PM,,
NR105 WATER ST,2:49:00 PM,,
NR11 NEWBURY ST A-B,1:16:00 PM,,
NR11 WATER ST,1:01:00 PM,,
NR123 LINCOLN ST,3:07:00 PM,,
NR1352 DORCHESTER AVE,5:51:00 PM,,
NR152 MILK ST,12:22:00 PM,,
NR179 LINCOLN ST,3:09:00 PM,,
NR219 COLUMBUS AV,5:57:00 PM,,
NR219 COLUMBUS AV,2:43:00 PM,,
NR224 CLARENDON ST B-ST JA,5:47:00 PM,,
NR241 ST BOTOLPH ST,3:04:00 PM,,
NR241 ST BOTOLPH ST,3:04:00 PM,,
NR260 BERKELEY ST,4:09:00 PM,,
NR27 COURT SQ,1:58:00 PM,,
NR29 NEWBURY ST A-B,1:14:00 PM,,
NR304 BERKELEY ST,4:15:00 PM,,
NR35 BLOSSOM ST,5:42:00 PM,,
NR45 NEWBURY ST,3:24:00 PM,,
NR57 CANAL ST NC-V,2:24:00 PM,,
NR57 CANAL ST NC-V,2:25:00 PM,,
NR61 BROOKLINE AVE,5:24:00 PM,,
NR64 CANAL ST,12:09:00 PM,,
NR64 CANAL ST NC-V,12:05:00 PM,,
NR75 NORTHERN AVE,12:47:00 PM,,
NR77 CANAL ST NC-V,2:27:00 PM,,
NR85 WATER ST,3:51:00 PM,,
NR860 BLUE HILL AVE,12:09:00 PM,,
NR90 CANAL ST NC-V,2:19:00 PM,,
OCEAN ST / ASHMONT ST,1:27:00 PM,42.2851,-71.0667
OLIVER ST / FRANKLIN ST,5:47:00 PM,42.3566,-71.0539
OLIVER ST / FRANKLIN ST,5:02:00 PM,42.3566,-71.0539
OLIVER ST / HIGH ST,6:30:00 PM,42.3561,-71.0532
OPP  440 COMMERCIAL ST,12:03:00 PM,,
OPP 1030 BENNINGTON ST,3:05:00 PM,,
OPP 1030 BENNINGTON ST,5:09:00 PM,,
OPP 1030 BENNINGTON ST,5:10:00 PM,,
OPP 1046 BENNINGTON ST,3:06:00 PM,,
OPP 1066 BENNINGTON ST,5:12:00 PM,,
OPP 11 LAFAYETTE AVE,5:57:00 PM,,
OPP 113 HAVRE ST,4:01:00 PM,,
OPP 113 HAVRE ST,1:51:00 PM,,
OPP 113 HAVRE ST,12:02:00 PM,,
OPP 115 HAVRE ST,3:59:00 PM,,
OPP 115 LEYDEN ST,1:13:00 PM,,
OPP 116 W 1ST ST,4:39:00 PM,,
OPP 116 W 1ST ST,4:38:00 PM,,
OPP 12 NORTH SQ,12:39:00 PM,,
OPP 120 KINGSTON ST,6:08:00 PM,,
OPP 133 PORTLAND ST,1:33:00 PM,,
OPP 133 PORTLAND ST V-C,1:32:00 PM,,
OPP 149 NORTH ST,12:34:00 PM,,
OPP 160 LEYDEN ST,3:28:00 PM,,
OPP 161 DEVONSHIRE ST,2:00:00 PM,,
OPP 188 COTTAGE ST,6:07:00 PM,,
OPP 19 BEACHVIEW RD,3:20:00 PM,,
OPP 19 SCHOOL ST,12:49:00 PM,,
OPP 2 JACOBBE RD,6:31:00 PM,,
OPP 2 JACOBBE RD,6:32:00 PM,,
OPP 201 DEVONSHIRE ST,12:10:00 PM,,
OPP 241 A STREET,2:12:00 PM,,
OPP 241 A STREET,4:22:00 PM,,
OPP 241 A STREET,4:23:00 PM,,
OPP 241 A STREET,2:09:00 PM,,
OPP 253 SUMMER ST,12:44:00 PM,,
OPP 27 TYLER ST,6:38:00 PM,,
OPP 274 FRANKLIN ST,6:56:00 PM,,
OPP 279 TREMONT ST,5:53:00 PM,,
OPP 29 BEACHVIEW RD,3:19:00 PM,,
OPP 321 SUMMER ST,12:05:00 PM,,
OPP 330 CONGRESS ST,3:15:00 PM,,
OPP 332 CONGRESS ST,3:14:00 PM,,
OPP 337 SUMMER ST,2:51:00 PM,,
OPP 337 SUMMER ST,12:04:00 PM,,
OPP 337 SUMMER ST,2:48:00 PM,,
OPP 337 SUMMER ST,2:50:00 PM,,
OPP 337 SUMMER ST,2:44:00 PM,,
OPP 337 SUMMER ST,2:47:00 PM,,
OPP 337 SUMMER ST,5:22:00 PM,,
OPP 36 BEACON ST,6:15:00 PM,,
OPP 36 BEACON ST,6:13:00 PM,,
OPP 395 MAVERICK ST,2:21:00 PM,,
OPP 411 D STREET,12:31:00 PM,,
OPP 411 D STREET,5:56:00 PM,,
OPP 441 W BROADWAY,3:53:00 PM,,
OPP 45 FAIRFIELD ST B-N,4:04:00 PM,,
OPP 45 FAIRFIELD ST B-N,4:03:00 PM,,
OPP 484 COMMERCIAL ST,12:06:00 PM,,
OPP 488 COMMERCIAL ST,12:07:00 PM,,
OPP 52 CHAUNCY ST,12:08:00 PM,,
OPP 580 WASHINGTON ST,3:51:00 PM,,
OPP 580 WASHINGTON ST,3:30:00 PM,,
OPP 68 SALEM ST,6:59:00 PM,,
OPP 725 HARRISON AV,3:30:00 PM,,
OPP 81 RICHMOND ST,5:03:00 PM,,
OPP 83 BEACON ST,4:01:00 PM,,
OPP 84 BEACH ST,6:13:00 PM,,
OPP 84 BEACON ST,4:02:00 PM,,
OPP10 HIGH ST,12:37:00 PM,,
OPP100 BROOKLINE AV,5:35:00 PM,,
OPP100 CLARENDON ST,4:56:00 PM,,
OPP104 NORTHERN AVE,1:29:00 PM,,
OPP121 WATER ST,4:33:00 PM,,
OPP133 BROOKLINE AV,1:46:00 PM,,
OPP145 PROVIDENCE ST,5:44:00 PM,,
OPP16 WENSLEY ST,12:06:00 PM,,
OPP161 DEVONSHIRE ST,2:00:00 PM,,
OPP161 DEVONSHIRE ST,12:13:00 PM,,
OPP162 COLUMBUS AV,2:38:00 PM,,
OPP167 MILK ST,12:15:00 PM,,
OPP167 MILK ST,2:09:00 PM,,
OPP167 MILK ST,3:02:00 PM,,
OPP171 MILK ST,4:11:00 PM,,
OPP171 MILK ST,12:17:00 PM,,
OPP18 WENSLEY ST,12:05:00 PM,,
OPP183 DEVONSHIRE ST,12:11:00 PM,,
OPP19 SCHOOL ST,12:21:00 PM,,
OPP19 SCOTIA ST,12:06:00 PM,,
OPP200 BERKELEY ST,5:23:00 PM,,
OPP241 A STREET,2:13:00 PM,,
OPP285 HEATH ST,1:08:00 PM,,
OPP299 BERKELEY ST,4:14:00 PM,,
OPP33 ARCH ST,2:37:00 PM,,
OPP33 ARCH ST,12:17:00 PM,,
OPP330 STUART ST,2:32:00 PM,,
OPP38 CRAWFORD ST,6:05:00 PM,,
OPP40 BROAD ST S-W,2:43:00 PM,,
OPP474 TREMONT ST,3:42:00 PM,,
OPP5 HUDSON ST,5:07:00 PM,,
OPP50 DALTON ST,12:53:00 PM,,
OPP50 DALTON ST,12:54:00 PM,,
OPP75 NORTHERN AV,12:39:00 PM,,
OPP75 ST ALPHONSUS ST,12:47:00 PM,,
OPP777 CENTRE ST,1:41:00 PM,,
OPP777 CENTRE ST,5:20:00 PM,,
OPP777 CENTRE ST,5:20:00 PM,,
OPP777 CENTRE ST,1:42:00 PM,,
OPP779 PARKER ST,12:29:00 PM,,
OPP82 BROOKLINE AV,5:30:00 PM,,
OPP82 BROOKLINE AV,5:32:00 PM,,
OPP85 DEVONSHIRE ST,1:03:00 PM,,
OPP9 BROAD ST C-S,12:30:00 PM,,
OPP9 KNAPP ST,6:57:00 PM,,
OPP968 MASSACHUSETTS AVE,12:55:00 PM,,
OTIS ST / DEVONSHIRE ST,2:15:00 PM,42.3551,-71.0575
OTIS ST / DEVONSHIRE ST,2:14:00 PM,42.3551,-71.0575
PALACE RD / TETLOW ST,2:34:00 PM,42.3377,-71.0999
PALACE RD / TETLOW ST,2:34:00 PM,42.3377,-71.0999
PARK ST / TREMONT ST,1:39:00 PM,42.3565,-71.062
PARK ST / TREMONT ST,1:43:00 PM,42.3565,-71.062
PAUL SULLIVAN WAY / ALBANY ST,5:35:00 PM,42.3424,-71.0628
PEARL ST / FRANKLIN ST,2:17:00 PM,42.3561,-71.0549
PEARL ST / HIGH ST,5:30:00 PM,42.3552,-71.054
PEARL ST / HIGH ST,12:56:00 PM,42.3552,-71.054
PEARL ST / MILK ST,2:19:00 PM,42.3569,-71.0557
PEARL ST / MILK ST,2:18:00 PM,42.3569,-71.0557
PEQUOT ST / CALUMET ST,3:47:00 PM,42.3324,-71.1056
PEQUOT ST / WAIT ST,3:49:00 PM,42.3326,-71.1063
PEQUOT ST / WAIT ST,3:49:00 PM,42.3326,-71.1063
PEQUOT ST / WAIT ST,3:48:00 PM,42.3326,-71.1063
PIEDMONT ST / CHURCH ST,3:43:00 PM,42.3499,-71.0685
PORTLAND ST / CAUSEWAY ST,2:54:00 PM,42.3648,-71.0623
PROCTOR ST / MASSACHUSETTS AVE,12:59:00 PM,42.3276,-71.0675
PROVIDENCE ST / ARLINGTON ST,5:42:00 PM,42.3514,-71.0704
PROVIDENCE ST / BERKELEY ST,5:47:00 PM,42.3508,-71.0728
PROVINCE CT / PROVINCE ST,2:18:00 PM,42.3571,-71.0599
PROVINCE ST / BROMFIELD ST,4:31:00 PM,42.3567,-71.0602
PROVINCE ST / SCHOOL ST,4:22:00 PM,42.3577,-71.0594
PROVINCE ST / SCHOOL ST,12:58:00 PM,42.3577,-71.0594
QUEENSBERRY ST / JERSEY ST,2:06:00 PM,42.3428,-71.097
RALEIGH ST / BAY STATE ROAD,1:55:00 PM,42.3499,-71.0953
RALEIGH ST / BAY STATE ROAD,1:53:00 PM,42.3499,-71.0953
RALEIGH ST / BAY STATE ROAD,1:55:00 PM,42.3499,-71.0953
RALEIGH ST / BAY STATE ROAD,12:01:00 PM,42.3499,-71.0953
RALEIGH ST / BAY STATE ROAD,12:02:00 PM,42.3499,-71.0953
RALEIGH ST / COMMONWEALTH AVE,12:04:00 PM,,
S HUNTINGTON AVE / CASTLETON ST,1:12:00 PM,42.3231,-71.1122
SANFORD ST / OLD MORTON ST,12:46:00 PM,42.2739,-71.0719
SCOTIA ST / DALTON ST,12:07:00 PM,42.3467,-71.085
SCOTIA ST / DALTON ST,12:05:00 PM,42.3467,-71.085
SCOTIA ST / ST CECILIA ST,12:04:00 PM,42.347,-71.0865
SCOTIA ST / ST CECILIA ST,12:06:00 PM,42.347,-71.0865
SCOTIA ST / ST CECILIA ST,12:04:00 PM,42.347,-71.0865
SCOTIA ST / ST CECILIA ST,12:04:00 PM,42.347,-71.0865
SEVENTH STREET / 1ST AVE,6:37:00 PM,,
SEVENTH STREET / 1ST AVE,6:39:00 PM,,
SEVENTH STREET / 1ST AVE,3:40:00 PM,,
SEVENTH STREET / 1ST AVE,1:37:00 PM,,
SEVENTH STREET / 3RD AVE,3:42:00 PM,42.3758,-71.0545
SEVENTH STREET / 3RD AVE,3:42:00 PM,42.3758,-71.0545
SHAWMUT ST / W BROOKLINE ST,6:14:00 PM,,
SIXTH STREET / 3RD AVE,1:28:00 PM,42.3754,-71.0553
SOUTH ST / BEACH ST,5:50:00 PM,42.3507,-71.0574
SOUTH ST / BEACH ST,12:35:00 PM,42.3507,-71.0574
SOUTH ST / BEACH ST,4:30:00 PM,42.3507,-71.0574
SOUTH ST / BEACH ST,5:51:00 PM,42.3507,-71.0574
SOUTH ST / CENTRE ST,3:46:00 PM,42.2882,-71.1447
SOUTH ST / TUFTS ST,1:58:00 PM,42.3516,-71.0573
ST BOTOLPH ST / GAINSBOROUGH ST,3:04:00 PM,42.3409,-71.0857
ST CECILIA ST / BELVIDERE ST,1:30:00 PM,42.3464,-71.0867
ST CECILIA ST / BELVIDERE ST,12:01:00 PM,42.3464,-71.0867
ST CECILIA ST / CAMBRIA ST,1:33:00 PM,42.3473,-71.0866
ST CECILIA ST / CAMBRIA ST,1:32:00 PM,42.3473,-71.0866
ST CECILIA ST / CAMBRIA ST,1:33:00 PM,42.3473,-71.0866
ST CECILIA ST / SCOTIA ST,12:00:00 PM,42.347,-71.0865
ST CECILIA ST / ST BOTOLPH ST,1:29:00 PM,,
ST JAMES AVE / BERKELEY ST,1:14:00 PM,42.3504,-71.0726
ST JAMES AVE / BERKELEY ST,1:15:00 PM,42.3504,-71.0726
STANIFORD ST / CAMBRIDGE ST,3:46:00 PM,42.3611,-71.0638
STUART ST / BERKELEY ST,2:34:00 PM,42.3495,-71.0722
STUART ST / BERKELEY ST,6:10:00 PM,42.3495,-71.0722
STUART ST / BERKELEY ST,3:34:00 PM,42.3495,-71.0722
STUART ST / BERKELEY ST,5:20:00 PM,42.3495,-71.0722
STUART ST / BERKELEY ST,2:27:00 PM,42.3495,-71.0722
STUART ST / DARTMOUTH ST,2:15:00 PM,42.3483,-71.0764
STUART ST / DARTMOUTH ST,5:15:00 PM,42.3483,-71.0764
STUART ST / DARTMOUTH ST,2:17:00 PM,42.3483,-71.0764
STUART ST / DARTMOUTH ST,12:46:00 PM,42.3483,-71.0764
STUART ST / DARTMOUTH ST,2:17:00 PM,42.3483,-71.0764
STUART ST / DARTMOUTH ST,2:18:00 PM,42.3483,-71.0764
STUART ST / HUNTINGTON AVE,12:45:00 PM,,
STUART ST / TREMONT ST,12:16:00 PM,42.3511,-71.0649
SUMMER ST / D ST,12:36:00 PM,42.3462,-71.0422
SUMMER ST / D ST,12:35:00 PM,42.3462,-71.0422
SUMMER ST / D ST,12:35:00 PM,42.3462,-71.0422
SUMMER ST / D ST,5:18:00 PM,42.3462,-71.0422
SUMMER ST / MELCHER ST,12:00:00 PM,42.3505,-71.051
TEMPLE ST / TREMONT ST,2:32:00 PM,,
TREMONT ST / BROMFIELD ST,12:06:00 PM,42.3572,-71.0613
TREMONT ST / BROMFIELD ST,12:45:00 PM,42.3572,-71.0613
TREMONT ST / WORTHINGTON ST,12:19:00 PM,42.3335,-71.1027
TUFTS ST / LINCOLN ST,12:59:00 PM,42.3517,-71.0582
TYLER ST / KNEELAND ST,1:44:00 PM,42.3504,-71.0609
UTICA ST / KNEELAND ST,12:44:00 PM,42.3498,-71.0584
VALENTI WAY / CANAL ST,4:48:00 PM,42.3643,-71.0599
VALENTI WAY / CANAL ST,5:29:00 PM,42.3643,-71.0599
VALENTI WAY / FRIEND ST,2:14:00 PM,42.364,-71.0605
VALENTI WAY / FRIEND ST,2:16:00 PM,42.364,-71.0605
VALENTI WAY / PORTLAND ST,5:27:00 PM,42.3637,-71.061
VINING ST / FENWOOD RD,1:12:00 PM,42.3353,-71.108
VINING ST / FRANCIS ST,1:10:00 PM,42.3358,-71.1075
W 7TH ST / F ST,4:06:00 PM,42.3343,-71.0508
W BROADWAY / F ST,3:49:00 PM,42.3368,-71.0478
W BROADWAY / W BROADWAY,4:51:00 PM,,
W BROADWAY / W BROADWAY,4:53:00 PM,,
WARREN ST / MONUMENT AVE,6:54:00 PM,42.3741,-71.0623
WASHINGTON ST / COMMONWEALTH AVE,4:01:00 PM,42.3436,-71.1427
WASHINGTON ST / FENDALE AVE,12:54:00 PM,42.2793,-71.0698
WASHINGTON ST / MELVILLE AVE,1:08:00 PM,42.2933,-71.0719
WASHINGTON ST / SCHOOL ST,12:19:00 PM,42.3574,-71.0583
WASHINGTON ST / TREMONT ST,5:39:00 PM,42.3507,-71.1685
WASHINGTON ST / W BROOKLINE ST,4:57:00 PM,42.3396,-71.0725
WASHINGTON ST / W TREMLETT ST,2:04:00 PM,42.2946,-71.072
WASHINGTON ST / WATER ST,12:58:00 PM,42.3577,-71.0581
WASHINGTON ST / WEST ST,3:48:00 PM,42.3543,-71.0617
WENTWORTH ST / CLARIDGE TER,5:14:00 PM,42.2879,-71.0754
WHITTEN ST / ADAMS ST,4:01:00 PM,42.2939,-71.057
WILLIAM CARDINAL O'CONNELL WAY / STANIFORD ST,12:15:00 PM,42.3622,-71.0639
WINTER ST / BOWDOIN ST,1:20:00 PM,42.3103,-71.0627
X 100 CAMBRIDGE ST,3:50:00 PM,,
X 107 MERRIMAC ST,5:49:00 PM,,
X 107 MERRIMAC ST,5:49:00 PM,,
X 107 SOUTH ST,6:25:00 PM,,
X 110 STUART ST,3:41:00 PM,,
X 121 CHARLES ST S,5:20:00 PM,,
X 126 FISHER AVE,4:03:00 PM,,
X 154 STUART ST,12:22:00 PM,,
X 172 ST ALPHONSUS ST,1:06:00 PM,,
X 176 FISHER AVE,4:00:00 PM,,
X 178 ST ALPHONSUS ST,3:43:00 PM,,
X 18 WENSLEY ST,1:30:00 PM,,
X 180 ST ALPHONSUS ST,3:42:00 PM,,
X 20 EVANS WY,5:51:00 PM,,
X 20 EVANS WY,1:37:00 PM,,
X 20 EVANS WY,5:49:00 PM,,
X 204 HEMENWAY ST,12:45:00 PM,,
X 21 FORSYTH ST,5:06:00 PM,,
X 23 BAY STATE RD,2:00:00 PM,,
X 24 CLINTON ST,1:46:00 PM,,
X 25 BAY STATE RD,2:00:00 PM,,
X 25 N ANDERSON ST,6:26:00 PM,,
X 26 PONTIAC ST,3:35:00 PM,,
X 26 PONTIAC ST,3:34:00 PM,,
X 26 PONTIAC ST,3:36:00 PM,,
X 26 STOCKWELL ST,3:51:00 PM,,
X 285 BUNKER HILL ST,1:09:00 PM,,
X 287 BUNKER HILL ST,1:10:00 PM,,
X 30 EVANS WY,5:45:00 PM,,
X 30 PONTIAC ST,3:37:00 PM,,
X 34 CHARLES ST,2:33:00 PM,,
X 387 BUNKER HILL ST,1:00:00 PM,,
X 389 BUNKER HILL ST,12:59:00 PM,,
X 41 NEW CHARDON ST,4:11:00 PM,,
X 41 NEW CHARDON ST,4:12:00 PM,,
X 41 UNION ST,1:58:00 PM,,
X 411 BUNKER HILL ST,12:56:00 PM,,
X 447 W BROADWAY,5:46:00 PM,,
X 447 W BROADWAY,5:47:00 PM,,
X 447 W BROADWAY,3:42:00 PM,,
X 447 W BROADWAY,5:48:00 PM,,
X 45 GAINSBOROUGH ST,3:59:00 PM,,
X 610 BEACON ST,2:01:00 PM,,
X 73 DELLE AVE,3:30:00 PM,,
X 73 DELLE AVE,3:28:00 PM,,
X 73 DELLE AVE,3:28:00 PM,,
X 79 WENSLEY ST,4:07:00 PM,,
X 830 WASHINGTON ST,12:07:00 PM,,
X 830 WASHINGTON ST,4:31:00 PM,,
X1 FIRST AVENUE,3:47:00 PM,,
X100 BEACH ST,1:22:00 PM,,
X100 DEERFIELD ST,3:41:00 PM,,
X101 CANAL ST V-C,2:38:00 PM,,
X101 CANAL ST V-C,2:37:00 PM,,
X103 SOUTH ST,2:22:00 PM,,
X104 CANAL ST V-C,12:05:00 PM,,
X105 WATER ST,4:38:00 PM,,
X107 MERRIMAC ST,2:09:00 PM,,
X107 MERRIMAC ST,1:09:00 PM,,
X107 MERRIMAC ST,1:07:00 PM,,
X107 MERRIMAC ST,1:11:00 PM,,
X107 MERRIMAC ST,3:28:00 PM,,
X107 MERRIMAC ST,1:10:00 PM,,
X107 SOUTH ST,5:57:00 PM,,
X11 AV DE LAFAYETTE,3:51:00 PM,,
X110 FORSYTH ST,2:54:00 PM,,
X116 LINCOLN ST,12:57:00 PM,,
X124 CHARLES ST,3:47:00 PM,,
X127 CHARLES ST,6:41:00 PM,,
X128 LINCOLN ST,3:04:00 PM,,
X128 LINCOLN ST,12:56:00 PM,,
X129 CHARLES ST,6:42:00 PM,,
X131 ARLINGTON ST,3:57:00 PM,,
X131 ARLINGTON ST,3:58:00 PM,,
X14 CLEARWAY ST,12:45:00 PM,,
X145 PROVIDENCE ST,5:47:00 PM,,
X15 CHARLES ST,12:17:00 PM,,
X15 CHARLES ST,4:44:00 PM,,
X15 CHARLES ST,2:20:00 PM,,
X1601 WASHINGTON ST,6:52:00 PM,,
X1601 WASHINGTON ST,6:54:00 PM,,
X161 DEVONSHIRE ST,4:04:00 PM,,
X161 DEVONSHIRE ST,4:05:00 PM,,
X161 DEVONSHIRE ST,2:10:00 PM,,
X161 DEVONSHIRE ST,2:10:00 PM,,
X162 COLUMBUS AV,2:38:00 PM,,
X164 CANAL ST V-C,12:02:00 PM,,
X17 GREEN ST,4:48:00 PM,,
X179 SOUTH ST,12:37:00 PM,,
X184 HIGH ST,1:05:00 PM,,
X186 LINCOLN ST,12:48:00 PM,,
X186 LINCOLN ST,12:49:00 PM,,
X20 CHARLES ST,2:21:00 PM,,
X200 BERKELEY ST,3:35:00 PM,,
X200 BERKELEY ST,5:26:00 PM,,
X200 BERKELEY ST,3:37:00 PM,,
X204 HEMENWAY ST,12:45:00 PM,,
X21 FORSYTH ST,2:50:00 PM,,
X210 LINCOLN ST,3:11:00 PM,,
X214 LINCOLN ST,12:45:00 PM,,
X214 LINCOLN ST,3:12:00 PM,,
X241 ST BOTOLPH ST,2:15:00 PM,,
X241 ST BOTOLPH ST,2:17:00 PM,,
X241 ST BOTOLPH ST,2:16:00 PM,,
X241 ST BOTOLPH ST,12:44:00 PM,,
X241 ST BOTOLPH ST,12:46:00 PM,,
X241 ST BOTOLPH ST,12:47:00 PM,,
X241 ST BOTOLPH ST,12:48:00 PM,,
X241 ST BOTOLPH ST,2:13:00 PM,,
X241 ST BOTOLPH ST,12:49:00 PM,,
X25 N ANDERSON ST,2:10:00 PM,,
X25 N ANDERSON ST,6:27:00 PM,,
X28 CHARLES ST,2:21:00 PM,,
X282 COLUMBUS AV,2:45:00 PM,,
X282 COLUMBUS AV,2:45:00 PM,,
X282 COLUMBUS AV,5:03:00 PM,,
X30 HEMENWAY ST,3:11:00 PM,,
X33 GAINSBOROUGH ST,3:00:00 PM,,
X36 BEACON ST,6:14:00 PM,,
X37 W NEWTON ST,5:02:00 PM,,
X375 NEWBURY EXT,4:33:00 PM,,
X4 WALLINGFORD RD,4:52:00 PM,,
X41 BELVIDERE ST,1:27:00 PM,,
X415 NEWBURY EXT,12:47:00 PM,,
X415 NEWBURY EXT,4:34:00 PM,,
X415 NEWBURY EXT,4:36:00 PM,,
X415 NEWBURY EXT,4:38:00 PM,,
X415 NEWBURY EXTENSION,3:15:00 PM,,
X423 BUNKER HILL ST,2:15:00 PM,,
X425 NEWBURY EXT,4:44:00 PM,,
X425 NEWBURY EXT,4:43:00 PM,,
X425 NEWBURY EXT,12:49:00 PM,,
X429 BUNKER HILL ST,2:16:00 PM,,
X446 W BROADWAY,5:47:00 PM,,
X450 BROOKLINE AVE,2:17:00 PM,,
X47 BOWDOIN ST,4:38:00 PM,,
X47 BOWDOIN ST,4:39:00 PM,,
X474 BROOKLINE AV,2:15:00 PM,,
X50 DALTON ST,12:54:00 PM,,
X500 BOYLSTON ST,1:56:00 PM,,
X53 TIBBETTS TOWN WAY,2:47:00 PM,,
X53 TIBBETTS TOWN WAY,2:47:00 PM,,
X531 NEWBURY ST EXT,4:03:00 PM,,
X533 NEWBURY EXTENSION,12:34:00 PM,,
X533 NEWBURY ST EXT,12:27:00 PM,,
X533 NEWBURY ST EXT,12:32:00 PM,,
X535 NEWBURY ST EXT,12:24:00 PM,,
X535 NEWBURY ST EXT,4:00:00 PM,,
X535 NEWBURY ST EXT,12:26:00 PM,,
X535 NEWBURY ST EXT,12:22:00 PM,,
X537 TREMONT ST,12:08:00 PM,,
X55 HARVARD ST,2:31:00 PM,,
X56 KNEELAND ST,4:12:00 PM,,
X6 GLENVILLE AVE,1:11:00 PM,,
X63 WAREHAM ST,3:49:00 PM,,
X667 E BROADWAY,5:38:00 PM,,
X669 TREMONT ST,5:49:00 PM,,
X69 NEWBURY ST,12:05:00 PM,,
X695 ATLANTIC AVE,12:21:00 PM,,
X695 ATLANTIC AVE,5:36:00 PM,,
X736 CAMBRIDGE ST,1:21:00 PM,,
X78 CHARLES ST,12:21:00 PM,,
X79 BEACON ST,2:04:00 PM,,
X80 BLOSSOM ST,12:24:00 PM,,
X81 BEACON ST,2:01:00 PM,,
X84 BEACON ST,4:01:00 PM,,
X86 BEACON ST,1:58:00 PM,,
X86 BEACON ST,1:57:00 PM,,
X87 BEACON ST,1:57:00 PM,,
X88 BEACON ST,1:56:00 PM,,
X89 SOUTH ST,1:21:00 PM,,
X89 SOUTH ST,1:20:00 PM,,
X90 EXETER ST,1:23:00 PM,,
X909 BOYLSTON ST H-G,4:52:00 PM,,
X98 DECATUR ST,5:11:00 PM,,
