location,time,latitude,longitude
*AT PUBLIC LOT / E BROADWAY,2:52:00 PM,,
*AT PUBLIC LOT / E BROADWAY,5:01:00 PM,,
*AT PUBLIC LOT / E BROADWAY,2:48:00 PM,,
*AT PUBLIC LOT / E BROADWAY,2:47:00 PM,,
*AT PUBLIC LOT / E BROADWAY,2:53:00 PM,,
*AT PUBLIC LOT / E BROADWAY,2:51:00 PM,,
*AT PUBLIC LOT / E BROADWAY,5:02:00 PM,,
*AT PUBLIC LOT / W BROADWAY,2:27:00 PM,,
*AT PUBLIC LOT / W BROADWAY,2:21:00 PM,,
*AT PUBLIC LOT / W BROADWAY,2:17:00 PM,,
*AT PUBLIC LOT / W BROADWAY,2:22:00 PM,,
*AT PUBLIC LOT / W BROADWAY,12:07:00 PM,,
*AT PUBLIC LOT / W BROADWAY,2:26:00 PM,,
*AT PUBLIC LOT / W BROADWAY,2:14:00 PM,,
*AT PUBLIC LOT / W BROADWAY,2:21:00 PM,,
*AT PUBLIC LOT / W BROADWAY,4:32:00 PM,,
*AT PUBLIC LOT / W BROADWAY,2:27:00 PM,,
*AT PUBLIC LOT / W BROADWAY,4:36:00 PM,,
*AT PUBLIC LOT / W BROADWAY,2:19:00 PM,,
*AT PUBLIC LOT / W BROADWAY,2:24:00 PM,,
*AT PUBLIC LOT / W BROADWAY,2:16:00 PM,,
*AT PUBLIC LOT / W BROADWAY,4:33:00 PM,,
*AT PUBLIC LOT / W BROADWAY,4:40:00 PM,,
*AT PUBLIC LOT / W BROADWAY,2:20:00 PM,,
*AT PUBLIC LOT / W BROADWAY,4:37:00 PM,,
1 FEDERAL ST,12:56:00 PM,42.3561,-71.057
1 PARK ST,4:14:00 PM,42.357,-71.0622
1 UNION ST,1:19:00 PM,,
10 BEACON ST,12:31:00 PM,,
10 BEACON ST,2:53:00 PM,,
10 YAWKEY WAY,5:29:00 PM,,
100 EAST NEWTON ST,3:47:00 PM,42.3363,-71.0702
100 FRANKLIN ST,12:07:00 PM,42.3593,-71.1334
100 HIGH ST,1:15:00 PM,42.3777,-71.0656
100 HIGH ST,12:28:00 PM,42.3777,-71.0656
100 N WASHINGTON,5:01:00 PM,,
100 N WASHINGTON,3:52:00 PM,,
100 NEWBURY ST,5:23:00 PM,,
100 NORTHERN AV,12:24:00 PM,42.3529,-71.0431
100 NORTHERN AV,12:28:00 PM,42.3529,-71.0431
100 STATE ST,1:48:00 PM,42.3592,-71.0551
100 STATE ST,2:28:00 PM,42.3592,-71.0551
102 BREMEN ST,2:14:00 PM,42.3712,-71.0364
102 BREMEN ST,2:13:00 PM,42.3712,-71.0364
103 ARCH ST,5:01:00 PM,42.3549,-71.0589
103 ARCH ST,2:11:00 PM,42.3549,-71.0589
103 ARCH ST,5:02:00 PM,42.3549,-71.0589
103 ARCH ST,5:04:00 PM,42.3549,-71.0589
103 ARCH ST,2:49:00 PM,42.3549,-71.0589
103 ARCH ST,2:12:00 PM,42.3549,-71.0589
103 ARCH ST,2:46:00 PM,42.3549,-71.0589
103 ARCH ST,2:48:00 PM,42.3549,-71.0589
103 CAUSEWAY ST,12:35:00 PM,,
1031 DORCHESTER AVE,6:02:00 PM,42.3154,-71.0569
104 SOUTH ST,3:05:00 PM,42.3511,-71.0571
105 BEACH ST,12:06:00 PM,,
107 MERRIMAC ST,2:34:00 PM,,
107 SOUTH ST,12:50:00 PM,,
108 BLACKSTONE ST,1:29:00 PM,42.3617,-71.0565
108 W CONCORD ST,4:00:00 PM,42.339,-71.0765
1083 COMMONWEALTH AVE,6:09:00 PM,42.3528,-71.1245
1083 COMMONWEALTH AVE,6:08:00 PM,42.3528,-71.1245
109 BRIGHTON AVE,1:28:00 PM,42.353,-71.1305
109 BROOKLINE AVE,1:57:00 PM,42.3463,-71.1008
11 APPLETON ST,12:02:00 PM,42.3463,-71.071
11 APPLETON ST,12:00:00 PM,42.3463,-71.071
11 AV DE LAFAYETTE,4:26:00 PM,,
11 AV DE LAFAYETTE,12:58:00 PM,,
11 AV DE LAFAYETTE,1:00:00 PM,,
11 AV DE LAFAYETTE,4:24:00 PM,,
11 AV DE LAFAYETTE,4:23:00 PM,,
11 BELVIDERE ST,5:48:00 PM,42.3462,-71.0866
11 DEERFIELD ST,1:23:00 PM,,
11 HUDSON ST,2:15:00 PM,42.3508,-71.0601
11 PARK ST,2:59:00 PM,42.2631,-71.1202
11 TYLER ST,2:11:00 PM,42.2465,-71.1254
11 TYLER ST,2:11:00 PM,42.2465,-71.1254
110 BEVERLY ST,12:05:00 PM,42.3653,-71.0599
110 BEVERLY ST,12:01:00 PM,42.3653,-71.0599
110 BEVERLY ST,12:04:00 PM,42.3653,-71.0599
110 BEVERLY ST,12:03:00 PM,42.3653,-71.0599
110 CHELSEA ST,4:06:00 PM,42.3727,-71.0358
110 HIGH ST,1:03:00 PM,,
110 HIGH ST,2:07:00 PM,,
110 HIGH ST,12:29:00 PM,,
110 HIGH ST,12:28:00 PM,,
110 NEWBURY ST C-D,5:25:00 PM,,
110 TREMONT ST,12:03:00 PM,,
111 NEWBURY ST,1:58:00 PM,42.3516,-71.0761
111 W CONCORD ST,4:03:00 PM,42.3393,-71.0763
1117 COMMONWEALTH AV,3:54:00 PM,42.3517,-71.1258
1119 COMMONWEALTH AV,5:10:00 PM,42.3516,-71.126
1119 COMMONWEALTH AV,5:09:00 PM,42.3516,-71.126
1119 COMMONWEALTH AV,3:56:00 PM,42.3516,-71.126
1119 COMMONWEALTH AV,3:57:00 PM,42.3516,-71.126
113 HAVRE ST,12:02:00 PM,42.3726,-71.0384
115 HAVRE ST,2:07:00 PM,42.3727,-71.0382
115 NEWBURY ST,1:58:00 PM,42.3515,-71.0762
115 NEWBURY ST,12:43:00 PM,42.3515,-71.0762
115 NEWBURY ST,12:42:00 PM,42.3515,-71.0762
115 WATER ST,12:37:00 PM,,
116 BRIGHTON AVE,2:23:00 PM,42.3526,-71.1306
117 N WASHINGTON,4:54:00 PM,,
117 NEWBURY ST,2:00:00 PM,42.3515,-71.0763
1185 COMMONWEALTH AVE,5:15:00 PM,42.3509,-71.129
119 BEACH ST,12:04:00 PM,42.3506,-71.058
119 CHARLES ST,12:08:00 PM,42.3596,-71.0705
119 HAVRE ST,12:06:00 PM,42.3728,-71.0382
1197 COMMONWEALTH AVE,5:16:00 PM,42.3509,-71.1296
12 BEACON ST,4:56:00 PM,42.3578,-71.0623
120 BEACON ST,1:24:00 PM,42.2562,-71.1121
120 BEACON ST,1:24:00 PM,42.2562,-71.1121
120 BEACON ST,1:21:00 PM,42.2562,-71.1121
120 BEACON ST,1:22:00 PM,42.2562,-71.1121
120 CALUMET ST,2:21:00 PM,,
120 CAMBRIDGE ST,2:17:00 PM,42.361,-71.0633
120 CAMBRIDGE ST,2:17:00 PM,42.361,-71.0633
1200 WASHINGTON ST,4:41:00 PM,42.3432,-71.0663
1200 WASHINGTON ST,4:40:00 PM,42.3432,-71.0663
121 BEACON ST,1:22:00 PM,42.256,-71.1115
121 BUNKER HILL ST,5:25:00 PM,42.378,-71.0593
121 NEWBURY ST,5:28:00 PM,42.3515,-71.0765
123 N WASHINGTON,12:37:00 PM,,
123 N WASHINGTON,3:54:00 PM,,
123 N WASHINGTON,4:53:00 PM,,
123 SOUTH ST,2:23:00 PM,42.3513,-71.0575
1234 COMMONWEALTH AVE,3:47:00 PM,42.3498,-71.1311
124 BUNKER HILL ST,5:29:00 PM,42.3778,-71.0594
124 NEWBURY ST,12:45:00 PM,42.351,-71.0764
1247 COMMONWEALTH AV,4:06:00 PM,42.3503,-71.132
1248 COMMONWEALTH AV,4:05:00 PM,,
125 HIGH ST,2:57:00 PM,42.3553,-71.0531
125 HIGH ST,12:18:00 PM,42.3553,-71.0531
125 HIGH ST,12:16:00 PM,42.3553,-71.0531
125 HIGH ST,2:28:00 PM,42.3553,-71.0531
125 LINCOLN ST,1:18:00 PM,42.3514,-71.0586
125 LINCOLN ST,3:25:00 PM,42.3514,-71.0586
125 NEWBURY ST C-D,3:22:00 PM,,
1251 COMMONWEALTH AVE,4:09:00 PM,42.3501,-71.1326
126 BROOKLINE AV,5:46:00 PM,42.3453,-71.1002
126 BROOKLINE AV,1:02:00 PM,42.3453,-71.1002
126 BROOKLINE AV,5:47:00 PM,42.3453,-71.1002
126 CHARLES ST,12:38:00 PM,42.3594,-71.071
126 N WASHINGTON,5:02:00 PM,,
126 NEWBURY ST,12:45:00 PM,42.351,-71.0764
126 NEWBURY ST,1:59:00 PM,42.351,-71.0764
1265 BOYLSTON ST,12:47:00 PM,42.3453,-71.0964
127 BEACON ST,1:22:00 PM,42.3548,-71.0737
129 LINCOLN ST,3:27:00 PM,42.3515,-71.0586
129 LINCOLN ST,3:26:00 PM,42.3515,-71.0586
129 N WASHINGTON ST,12:36:00 PM,42.366,-71.0582
13 BOWDOIN ST,6:04:00 PM,42.2994,-71.0726
13 HUDSON ST,2:06:00 PM,42.3508,-71.0602
131 BEACON ST,1:23:00 PM,42.2562,-71.1113
131 CLARENDON ST,5:01:00 PM,,
131 DARTMOUTH ST,12:17:00 PM,42.3466,-71.0754
131 DARTMOUTH ST,12:18:00 PM,42.3466,-71.0754
131 GREEN ST,3:10:00 PM,42.3107,-71.1086
131 GREEN ST,3:11:00 PM,42.3107,-71.1086
131 GREEN ST,3:10:00 PM,42.3107,-71.1086
132 BUNKER HILL ST,5:28:00 PM,42.3779,-71.0597
132 BUNKER HILL ST,5:28:00 PM,42.3779,-71.0597
132 NEWBURY ST,12:48:00 PM,42.3509,-71.0767
132 NEWBURY ST C-D,5:26:00 PM,,
132 NEWBURY ST C-D,5:26:00 PM,,
133 ST BOTOLPH ST,4:12:00 PM,42.344,-71.0822
1334 DORCHESTER AVE,5:40:00 PM,42.3049,-71.0585
1334 DORCHESTER AVE,3:57:00 PM,42.3049,-71.0585
1334 DORCHESTER AVE,3:58:00 PM,42.3049,-71.0585
1337 DORCHESTER AVE,5:43:00 PM,42.305,-71.0592
135 CLARENDON ST,4:07:00 PM,,
135 EMERSON ST,12:16:00 PM,42.3354,-71.0395
136 HARRISON AV,3:49:00 PM,42.3498,-71.0615
136 HARRISON AVE,6:13:00 PM,42.3498,-71.0615
136 HARRISON AVE,6:14:00 PM,42.3498,-71.0615
136 HARRISON AVE,6:15:00 PM,42.3498,-71.0615
137 NEWBURY ST,4:21:00 PM,42.3513,-71.0771
137 NEWBURY ST C-D,5:39:00 PM,,
137 PUTNAM ST,1:01:00 PM,,
1377 BOYLSTON ST,12:54:00 PM,,
139 NEWBURY ST C-D,3:17:00 PM,,
1395 COMMONWEALTH AVE,4:55:00 PM,42.349,-71.138
14 BEACON ST,2:56:00 PM,42.253,-71.1176
14 BRIGHTON AVE,12:06:00 PM,42.352,-71.1256
14 BRIGHTON AVE,12:06:00 PM,42.352,-71.1256
14 CLIPPER SHIP LN,1:58:00 PM,42.369,-71.0415
1409 CENTRE ST,3:05:00 PM,42.2941,-71.1367
141 CHARLES ST S,3:10:00 PM,42.3603,-71.0706
1420 COMMONWEALTH AVE,4:12:00 PM,,
1429 CENTRE ST,12:40:00 PM,42.2938,-71.1371
1429 CENTRE ST,12:37:00 PM,42.2938,-71.1371
144 NEWBURY ST,2:03:00 PM,42.3508,-71.0772
145 CHARLES ST S,1:41:00 PM,,
145 NEWBURY ST C-D,5:36:00 PM,,
145 TREMONT ST,12:00:00 PM,42.3553,-71.0629
148 CAMBRIDGE ST,12:47:00 PM,42.361,-71.0643
149 PARIS ST,4:20:00 PM,42.3732,-71.0365
149 PRINCETON ST,12:56:00 PM,42.3782,-71.0339
15 APPLETON ST,12:54:00 PM,42.3462,-71.0712
15 COURT SQ,12:07:00 PM,42.3582,-71.0587
15 COURT SQ,12:07:00 PM,42.3582,-71.0587
15 UNION ST,4:27:00 PM,42.3609,-71.0567
15 UNION ST,5:32:00 PM,42.3609,-71.0567
15 UNION ST,2:06:00 PM,42.3609,-71.0567
150 BROOKLINE AV,5:49:00 PM,42.3446,-71.101
150 HARRISON AVE,6:16:00 PM,42.3494,-71.0618
150 HARRISON AVE,6:17:00 PM,42.3494,-71.0618
152 MILK ST,1:16:00 PM,42.3587,-71.0529
154 MAVERICK ST,1:08:00 PM,42.3699,-71.0379
154 NEWBURY ST,5:29:00 PM,42.3505,-71.0781
154 NEWBURY ST D-E,3:25:00 PM,,
154 NEWBURY ST D-E,5:30:00 PM,,
155 BERKELEY ST,3:50:00 PM,,
156 MILK ST,1:55:00 PM,42.3587,-71.0528
156 PORTER ST,12:29:00 PM,42.3713,-71.0325
157 NEWBURY ST,12:53:00 PM,42.3509,-71.0785
159 BEACON ST,5:08:00 PM,42.3544,-71.0752
159 CHELSEA ST,5:26:00 PM,42.3736,-71.0341
159 N BEACON ST,5:08:00 PM,,
159 N BEACON ST,5:10:00 PM,,
1595 WASHINGTON ST,6:14:00 PM,42.3383,-71.0749
1595 WASHINGTON ST,5:42:00 PM,42.3383,-71.0749
1595 WASHINGTON ST,12:50:00 PM,42.3383,-71.0749
1595 WASHINGTON ST,5:42:00 PM,42.3383,-71.0749
160 BRIGHTON AVE,2:13:00 PM,42.3528,-71.1326
160 LEYDEN ST,5:50:00 PM,42.389,-71.0057
160 MILK ST,4:00:00 PM,42.3587,-71.0528
160 MILK ST,12:06:00 PM,42.3587,-71.0528
165 CAMBRIDGE ST,6:38:00 PM,42.3616,-71.0653
165 NEWBURY ST A-B,12:08:00 PM,,
168 CAMBRIDGE ST,2:14:00 PM,,
168 NEWBURY ST D-E,3:27:00 PM,,
17 HENLEY ST,4:36:00 PM,42.3729,-71.0614
17 HUDSON ST,2:05:00 PM,42.3507,-71.0602
17 MONUMENT SQ,3:56:00 PM,42.3769,-71.0599
170 COMMONWEALTH AVE,4:50:00 PM,42.3513,-71.0787
170 MILK ST,1:18:00 PM,,
170 NEWBURY ST,5:32:00 PM,42.3503,-71.0788
170 PORTLAND ST V-C,12:42:00 PM,,
173 NEWBURY ST,3:09:00 PM,42.3507,-71.0792
174 NEWBURY ST D-E,3:30:00 PM,,
175 CAMBRIDGE ST,1:14:00 PM,,
1759 DORCHESTER AVE,4:10:00 PM,42.2902,-71.0633
1759 DORCHESTER AVE,4:10:00 PM,42.2902,-71.0633
176 BEACON ST,5:06:00 PM,,
176 LEYDEN ST,5:47:00 PM,42.3889,-71.0049
179 SOUTH ST,3:12:00 PM,,
179 SOUTH ST,3:11:00 PM,,
18 BLOSSOM ST,1:10:00 PM,42.3617,-71.0672
18 GLENVILLE AVE,4:24:00 PM,,
18 PROVINCE ST,1:53:00 PM,42.3573,-71.0596
180 CANAL ST,12:32:00 PM,42.3652,-71.0611
180 LINCOLN ST,1:09:00 PM,42.3505,-71.0584
180 NEWBURY ST D-E,12:23:00 PM,,
180 NEWBURY ST D-E,12:22:00 PM,,
181 SOUTH ST,3:10:00 PM,,
181 SOUTH ST,3:09:00 PM,,
182 CHELSEA ST,1:41:00 PM,42.3743,-71.0339
182 PORTLAND ST V-C,12:39:00 PM,,
1823 DORCHESTER AVE,5:00:00 PM,42.2883,-71.064
185 CAMBRIDGE ST,6:36:00 PM,42.3621,-71.0661
185 HARRISON AVE,3:56:00 PM,42.349,-71.0624
186 SOUTH ST,12:58:00 PM,42.3501,-71.0572
186 SOUTH ST,12:59:00 PM,42.3501,-71.0572
19 HARRISON AVE,12:04:00 PM,42.352,-71.0615
19 HARRISON AVE,12:02:00 PM,42.352,-71.0615
19 HARRISON AVE,12:00:00 PM,42.352,-71.0615
192 LEYDEN ST,5:44:00 PM,42.3888,-71.0041
1930 BEACON ST,4:05:00 PM,,
1930 BEACON ST,4:06:00 PM,,
1946 WASHINGTON ST,12:29:00 PM,42.3341,-71.0795
1950 BEACON ST,4:08:00 PM,42.3363,-71.1502
199 CHELSEA ST,3:28:00 PM,42.3745,-71.0331
199 MASSACHUSETTS AVE,4:29:00 PM,42.3451,-71.0871
199 MASSACHUSETTS AVE,4:28:00 PM,42.3451,-71.0871
19948 BEACON ST,4:03:00 PM,,
2 ARLINGTON ST,4:18:00 PM,42.3551,-71.0726
2 COMMONWEALTH AVE,5:01:00 PM,42.3531,-71.0718
2 MARKET ST. LOT,1:44:00 PM,,
2 MARKET ST. LOT,1:45:00 PM,,
2 MARKET ST. LOT,1:46:00 PM,,
2 NEWBURY ST,12:51:00 PM,42.3524,-71.0713
2 NEWBURY ST,12:23:00 PM,42.3524,-71.0713
2 SILBER WAY,3:58:00 PM,42.3497,-71.1007
20 BOWDOIN ST,4:16:00 PM,42.2997,-71.073
20 CHARLES ST,12:15:00 PM,,
20 NEWBURY ST A-B,3:40:00 PM,,
20 PARK PLZ,12:32:00 PM,42.3513,-71.0689
20 PROVINCE ST,4:28:00 PM,42.3572,-71.0596
200 HARRISON AV,3:52:00 PM,42.3484,-71.0622
200 HARRISON AVE,6:18:00 PM,42.3484,-71.0622
200 LINCOLN ST,3:33:00 PM,42.3503,-71.0586
201 NEWBURY ST,12:27:00 PM,42.3504,-71.0805
201 NEWBURY ST,2:06:00 PM,42.3504,-71.0805
201 NEWBURY ST,2:08:00 PM,42.3504,-71.0805
201 NEWBURY ST,5:41:00 PM,42.3504,-71.0805
201 NEWBURY ST,12:28:00 PM,42.3504,-71.0805
203 NEWBURY ST E-F,2:11:00 PM,,
203 NEWBURY ST E-F,2:10:00 PM,,
205 NEWBURY ST,4:30:00 PM,42.3503,-71.0809
205 NEWBURY ST E-F,2:12:00 PM,,
205 NEWBURY ST E-F,2:12:00 PM,,
207 BOWDOIN ST,1:19:00 PM,42.3052,-71.0679
208 NEWBURY ST E-F,4:21:00 PM,,
21 COOPER ST,4:56:00 PM,42.3646,-71.0565
21 NEWBURY ST A-B,3:05:00 PM,,
21 NEWBURY ST A-B,3:05:00 PM,,
21 NEWBURY ST A-B,3:02:00 PM,,
21 NEWBURY ST A-B,5:11:00 PM,,
21 NEWBURY ST A-B,3:04:00 PM,,
21 TYLER ST,2:12:00 PM,42.2464,-71.1251
210 LINCOLN ST,1:13:00 PM,,
210 STUART ST,3:35:00 PM,,
210 STUART ST,3:35:00 PM,,
212 NEWBURY ST,5:51:00 PM,42.3499,-71.0805
214 LEYDEN ST,5:41:00 PM,42.3888,-71.003
216 W BROADWAY,12:57:00 PM,,
217 CHELSEA ST,3:29:00 PM,42.375,-71.0325
219 BEACON ST,5:13:00 PM,42.3538,-71.0775
219 COLUMBUS AV,3:57:00 PM,42.3483,-71.0726
22 BATTERYMARCH ST,5:29:00 PM,42.3579,-71.0545
22 BRIGHTON AVE,2:33:00 PM,42.352,-71.1256
221 NEWBURY ST E-F,2:13:00 PM,,
222 BERKELEY ST ST J-B,5:13:00 PM,,
224 NEWBURY ST E-F,4:17:00 PM,,
224 NEWBURY ST E-F,2:29:00 PM,,
225 CHELSEA ST,3:30:00 PM,42.3752,-71.0323
225 GROVE ST,3:36:00 PM,42.2619,-71.1574
225 NEWBURY ST E-F,2:14:00 PM,,
226 HANOVER ST,5:37:00 PM,42.3632,-71.0554
226 NEWBURY ST E-F,2:29:00 PM,,
226 WASHINGTON ST,12:54:00 PM,42.3585,-71.0577
227 NEWBURY ST E-F,2:16:00 PM,,
228 FRIEND ST,12:18:00 PM,42.3643,-71.0611
228 NEWBURY ST E-F,2:28:00 PM,,
23 HUDSON ST,2:05:00 PM,42.3505,-71.0603
23 HUDSON ST,2:05:00 PM,42.3505,-71.0603
23 TYLER ST,2:12:00 PM,42.3508,-71.061
23 VINELAND ST,5:16:00 PM,42.3576,-71.1501
230 STUART ST,3:31:00 PM,42.3502,-71.0688
230 STUART ST,3:30:00 PM,42.3502,-71.0688
231 CHELSEA ST,3:31:00 PM,42.3754,-71.0321
238 CHELSEA ST,3:57:00 PM,42.3757,-71.0322
238 CHELSEA ST,3:56:00 PM,42.3757,-71.0322
239 NEWBURY ST,1:28:00 PM,,
239 NEWBURY ST,12:49:00 PM,,
24 BOWDOIN ST,5:24:00 PM,,
24 COMMONWEALTH AVE,12:18:00 PM,42.353,-71.0725
24 COMMONWEALTH AVE,12:18:00 PM,42.353,-71.0725
24 FEDERAL ST,12:40:00 PM,42.3564,-71.0564
24 NEW CHARDON ST,2:19:00 PM,42.3628,-71.0618
24 PROVINCE ST,2:16:00 PM,42.3572,-71.0596
24 SCHOOL ST,1:56:00 PM,42.3576,-71.0592
24 SCHOOL ST,12:46:00 PM,42.3576,-71.0592
240 DORCHESTER ST,2:38:00 PM,42.3324,-71.0514
240 DORCHESTER ST,2:38:00 PM,42.3324,-71.0514
241 ST BOTOLPH ST,1:55:00 PM,,
241 ST BOTOLPH ST,1:53:00 PM,,
242 NEWBURY ST F-G,12:52:00 PM,,
245 SUMMER ST,3:57:00 PM,42.3514,-71.0538
245 SUMMER ST,3:56:00 PM,42.3514,-71.0538
245 SUMMER ST,4:29:00 PM,42.3514,-71.0538
245 SUMMER ST,12:33:00 PM,42.3514,-71.0538
245 SUMMER ST,4:28:00 PM,42.3514,-71.0538
245 SUMMER ST,6:17:00 PM,42.3514,-71.0538
245 SUMMER ST,2:33:00 PM,42.3514,-71.0538
246 W BROADWAY,5:32:00 PM,,
247 NEWBURY ST F-G,12:50:00 PM,,
248 BOWDOIN ST,3:31:00 PM,42.3064,-71.0671
248 NEWBURY ST F-G,5:07:00 PM,,
249 MAIN ST,1:22:00 PM,42.3769,-71.0658
249 MAIN ST,1:21:00 PM,42.3769,-71.0658
249 NEWBURY ST F-G,2:18:00 PM,,
25 GLENVILLE AVE,2:08:00 PM,,
25 GLENVILLE AVE,2:07:00 PM,,
25 KINGSTON ST,12:50:00 PM,42.3537,-71.0592
25 KINGSTON ST,4:17:00 PM,42.3537,-71.0592
25 KINGSTON ST,2:25:00 PM,42.3537,-71.0592
25 NEW CHARDON ST,6:47:00 PM,42.3621,-71.0617
25 TRINITY PL,12:44:00 PM,,
250 SUMMER ST,2:41:00 PM,,
250 SUMMER ST,2:40:00 PM,,
250 WASHINGTON ST,12:47:00 PM,42.3581,-71.0576
251 NEWBURY ST F-G,12:46:00 PM,,
253 HANOVER ST,3:52:00 PM,42.3632,-71.0549
253 N BEACON ST,5:13:00 PM,42.3571,-71.1516
253 TREMONT ST,12:17:00 PM,42.3504,-71.0654
254 FRIEND ST,12:19:00 PM,42.3645,-71.0613
254 NEWBURY ST F-G,2:25:00 PM,,
255 BEACON ST,4:37:00 PM,42.3535,-71.0788
256 DORCHESTER ST,4:15:00 PM,42.3324,-71.0514
256 NEWBURY ST,2:23:00 PM,,
258 HUNTINGTON AV,2:01:00 PM,42.342,-71.0853
26 BOWDOIN ST,12:55:00 PM,,
260 TREMONT ST,4:34:00 PM,42.3504,-71.0648
262 HANOVER ST,6:16:00 PM,42.3636,-71.055
262 WASHINGTON ST,12:49:00 PM,,
263 HUNTINGTON AV,5:24:00 PM,42.2688,-71.1184
263 SUMMER ST,1:30:00 PM,42.3502,-71.0507
263 SUMMER ST,2:39:00 PM,42.3502,-71.0507
263 SUMMER ST,1:31:00 PM,42.3502,-71.0507
263 SUMMER ST,2:39:00 PM,42.3502,-71.0507
267 CLARENDON ST,1:40:00 PM,42.3533,-71.0763
267 HUNTINGTON AV,12:10:00 PM,42.3422,-71.0862
267 NORTH ST,3:18:00 PM,42.3638,-71.0518
268 SUMMER ST,4:52:00 PM,,
268 SUMMER ST,12:34:00 PM,,
269 NEWBURY ST F-G,4:37:00 PM,,
27 BOWDOIN ST,12:52:00 PM,42.2998,-71.0721
27 HAVRE ST,1:59:00 PM,42.3702,-71.0405
27 TYLER ST,2:13:00 PM,,
271 NEWBURY ST F-G,2:20:00 PM,,
272 BOWDOIN ST,1:28:00 PM,42.3071,-71.0664
272 OCALLAGHAN WAY,4:02:00 PM,42.328,-71.0552
273 NEWBURY ST F-G,2:21:00 PM,,
274 SUMMER ST,4:06:00 PM,42.3504,-71.0501
275 NEWBURY ST,1:47:00 PM,42.3495,-71.0838
275 NEWBURY ST,2:01:00 PM,42.3495,-71.0838
279 NEWBURY ST,1:46:00 PM,42.3494,-71.084
279 NEWBURY ST,1:47:00 PM,42.3494,-71.084
28 CHARLES ST,12:13:00 PM,42.2505,-71.1324
28 WESTLAND AVE,1:02:00 PM,42.3433,-71.0873
280 CAMBRIDGE ST,12:04:00 PM,42.361,-71.068
280 CONGRESS ST,1:52:00 PM,,
280 HANOVER ST,1:16:00 PM,42.3639,-71.0546
280 SUMMER ST,4:03:00 PM,42.3503,-71.0498
280 SUMMER ST,4:02:00 PM,42.3503,-71.0498
280 SUMMER ST,4:04:00 PM,42.3503,-71.0498
280 SUMMER ST,12:38:00 PM,42.3503,-71.0498
281 SUMMER ST,2:45:00 PM,,
281 SUMMER ST,2:44:00 PM,,
285 SUMMER ST,12:39:00 PM,42.3497,-71.0496
285 SUMMER ST,2:46:00 PM,42.3497,-71.0496
286 NEWBURY ST,1:40:00 PM,42.3489,-71.0844
286 NEWBURY ST,1:08:00 PM,42.3489,-71.0844
287 CHELSEA ST,3:39:00 PM,42.3767,-71.0306
287 COLUMBUS AV,12:08:00 PM,,
288 HANOVER ST,1:18:00 PM,,
289 CHELSEA ST,3:40:00 PM,42.3768,-71.0305
289 CHELSEA ST,3:39:00 PM,42.3768,-71.0305
29 GLOUCESTER ST,1:52:00 PM,42.3495,-71.0841
290 COLUMBUS AVE,12:18:00 PM,42.3467,-71.0738
290 CONGRESS ST,2:00:00 PM,42.353,-71.0524
290 DARTMOUTH ST,1:02:00 PM,,
290 TREMONT ST,12:11:00 PM,42.3493,-71.0648
291 HUNTINGTON AVE,2:15:00 PM,42.3415,-71.0868
294 CONGRESS ST D-A,1:45:00 PM,,
294 CONGRESS ST D-A,12:04:00 PM,,
294 CONGRESS ST D-A,1:45:00 PM,,
294 CONGRESS ST D-A,1:43:00 PM,,
294 HANOVER ST,3:55:00 PM,42.3641,-71.0544
294 MAIN ST,1:15:00 PM,,
294 NEWBURY ST G-H,4:12:00 PM,,
299 NEWBURY ST,1:18:00 PM,42.3491,-71.0853
3 CENTER PLAZA,5:35:00 PM,42.3593,-71.0601
3 HARVARD AVE. LOT,2:17:00 PM,,
3 HARVARD AVE. LOT,2:15:00 PM,,
3 HARVARD AVE. LOT,2:14:00 PM,,
3 HUDSON ST,2:07:00 PM,42.351,-71.0601
3 HUDSON ST,2:07:00 PM,42.351,-71.0601
3 MARKET ST. LOT,2:18:00 PM,,
3 TYLER ST,2:14:00 PM,42.3513,-71.0608
3 WARREN AVE,12:06:00 PM,,
30 BATTERYMARCH ST,2:21:00 PM,42.3576,-71.0538
30 CHAUNCY ST,12:44:00 PM,,
30 FEDERAL ST,2:22:00 PM,42.3561,-71.0564
30 IPSWICH ST,12:20:00 PM,42.3474,-71.0904
30 MONUMENT SQ,1:43:00 PM,42.377,-71.0617
30 NEWBURY ST A-B,3:38:00 PM,,
30 SCHOOL ST,12:45:00 PM,42.3602,-71.1423
300 BERKELEY ST,1:15:00 PM,42.3542,-71.0748
301 NEWBURY ST,2:02:00 PM,42.349,-71.0854
301 NEWBURY ST,5:14:00 PM,42.349,-71.0854
301 NEWBURY ST,1:17:00 PM,42.349,-71.0854
302 NEWBURY ST G-H,4:11:00 PM,,
303 COLUMBUS AV,12:12:00 PM,,
303 COLUMBUS AV,12:11:00 PM,,
304 BERKELEY ST,1:12:00 PM,42.3543,-71.0748
304 BERKELEY ST,1:11:00 PM,42.3543,-71.0748
306 CHELSEA ST,3:53:00 PM,42.3768,-71.031
308 NEWBURY ST,12:51:00 PM,42.3486,-71.0853
31 HEMENWAY ST,4:08:00 PM,42.3458,-71.0897
31 INDIA ST,5:40:00 PM,42.3582,-71.0531
31 NEWBURY ST,5:05:00 PM,42.3525,-71.0728
311 SUMMER ST,4:54:00 PM,42.3493,-71.0489
311 SUMMER ST,12:45:00 PM,42.3493,-71.0489
311 SUMMER ST,2:47:00 PM,42.3493,-71.0489
311 SUMMER ST,12:45:00 PM,42.3493,-71.0489
311 SUMMER ST,12:42:00 PM,42.3493,-71.0489
311 SUMMER ST,12:44:00 PM,42.3493,-71.0489
311 SUMMER ST,4:55:00 PM,42.3493,-71.0489
311 SUMMER ST,12:46:00 PM,42.3493,-71.0489
315 HUNTINGTON AV,4:01:00 PM,42.3411,-71.0878
316 NEWBURY ST,1:17:00 PM,42.3486,-71.0854
319 WASHINGTON ST,4:28:00 PM,42.2999,-71.0747
319 WASHINGTON ST,4:29:00 PM,42.2999,-71.0747
32 BRIGHTON AVE,2:33:00 PM,,
32 NEWBURY ST A-B,3:37:00 PM,,
32 TREMONT ST,2:13:00 PM,42.3765,-71.0584
322 CHELSEA ST,3:46:00 PM,42.3773,-71.0304
323 NEWBURY ST,2:04:00 PM,42.3488,-71.0862
324 NEWBURY ST H-M,3:59:00 PM,,
326 COMMERCIAL ST,12:53:00 PM,42.3653,-71.0513
326 COMMERCIAL ST,12:05:00 PM,42.3653,-71.0513
327 HUNTINGTON AV,4:02:00 PM,42.3409,-71.0882
327 W BROADWAY,5:27:00 PM,,
328 WASHINGTON ST,1:50:00 PM,42.2999,-71.0739
33 BROAD ST S-W,1:04:00 PM,,
33 CHELSEA ST,3:13:00 PM,42.3707,-71.0376
33 GAINSBOROUGH ST,1:40:00 PM,42.3414,-71.086
33 GAINSBOROUGH ST,1:38:00 PM,42.3414,-71.086
33 GLOUCESTER ST,4:34:00 PM,42.3494,-71.084
33 GLOUCESTER ST,1:51:00 PM,42.3494,-71.084
33 GLOUCESTER ST,1:51:00 PM,42.3494,-71.084
330 CONGRESS ST,4:44:00 PM,42.3513,-71.0494
330 CONGRESS ST,12:47:00 PM,42.3513,-71.0494
330 NEWBURY ST H-M,4:01:00 PM,,
331 HUNTINGTON AV,4:04:00 PM,42.3409,-71.0884
332 CONGRESS ST,4:27:00 PM,,
332 CONGRESS ST,4:36:00 PM,,
333 DORCHESTER ST,6:50:00 PM,42.3311,-71.0543
333 HUNTINGTON AV,4:05:00 PM,,
333 MAVERICK ST,4:52:00 PM,42.3665,-71.031
337 CHELSEA ST,3:42:00 PM,42.3779,-71.0292
337 HUNTINGTON AV,4:08:00 PM,,
337 SUMMER ST,3:50:00 PM,,
337 SUMMER ST,3:49:00 PM,,
337 SUMMER ST,3:48:00 PM,,
339 CHELSEA ST,3:43:00 PM,42.3779,-71.0292
34 BATTERYMARCH ST,5:40:00 PM,42.3576,-71.054
34 HARRISON AVE,1:56:00 PM,42.3518,-71.061
342 CHELSEA ST,3:45:00 PM,42.3778,-71.0299
343 W BROADWAY,5:29:00 PM,,
345 W BROADWAY,5:29:00 PM,,
346 COMMERCIAL ST,12:50:00 PM,42.3656,-71.0514
346 COMMERCIAL ST,12:03:00 PM,42.3656,-71.0514
346 W 3RD ST,3:22:00 PM,42.3376,-71.0471
347 MAVERICK ST,4:48:00 PM,42.3663,-71.0305
35 CHARLES ST,12:11:00 PM,42.2504,-71.133
352 CHELSEA ST,3:44:00 PM,42.378,-71.0296
352 NEWBURY ST,12:56:00 PM,42.3481,-71.0872
354 MAVERICK ST,1:07:00 PM,,
356 BOYLSTON ST A-C ST S,6:11:00 PM,,
358 CHELSEA ST,3:44:00 PM,42.3781,-71.0295
36 CHAUNCY ST,12:54:00 PM,,
36 CHAUNCY ST,12:55:00 PM,,
365 MARKET ST,6:55:00 PM,42.3508,-71.1526
365 WASHINGTON ST,2:31:00 PM,42.3566,-71.0595
375 WASHINGTON ST,1:08:00 PM,42.3563,-71.0599
376 BOYLSTON ST,12:32:00 PM,42.3514,-71.0717
377 W BROADWAY,1:10:00 PM,,
38 MONUMENT SQ,1:40:00 PM,,
381 MAIN ST,1:05:00 PM,42.3799,-71.0692
381 W BROADWAY,5:32:00 PM,,
381 W BROADWAY,5:33:00 PM,,
385 W BROADWAY,5:33:00 PM,,
39 EDEN ST,4:59:00 PM,42.3799,-71.0672
39 PRATT ST,5:46:00 PM,42.355,-71.1279
393 W BROADWAY,5:34:00 PM,,
395 W BROADWAY,1:39:00 PM,,
395 W BROADWAY,5:34:00 PM,,
395 W BROADWAY,5:35:00 PM,,
397 W BROADWAY,5:36:00 PM,,
399 DORCHESTER ST,1:03:00 PM,42.33,-71.0567
399 W BROADWAY,1:12:00 PM,,
40 BROAD ST,2:07:00 PM,42.3584,-71.0539
40 BROAD ST M-C,12:22:00 PM,,
40 CHARLES ST,12:10:00 PM,42.3572,-71.0702
40 CHARLES ST,12:09:00 PM,42.3572,-71.0702
40 WARREN ST,2:43:00 PM,,
40 WARREN ST,2:43:00 PM,,
400 D ST,12:18:00 PM,42.3425,-71.0471
400 D ST,12:09:00 PM,42.3425,-71.0471
402 COMMERCIAL ST,12:45:00 PM,42.3667,-71.052
404 COMMERCIAL ST,12:46:00 PM,42.3668,-71.0521
406 COLUMBUS AVE,4:14:00 PM,42.3444,-71.0766
407 WASHINGTON ST,12:15:00 PM,42.2974,-71.0728
409 W BROADWAY,4:27:00 PM,,
409 W BROADWAY,1:41:00 PM,,
41 MONUMENT SQ,1:39:00 PM,42.3757,-71.0616
41 QUINT AVE,2:10:00 PM,42.3517,-71.1344
415 COLUMBUS AVE,12:11:00 PM,42.3447,-71.077
419 BROOKLINE AVE,4:26:00 PM,42.3387,-71.1078
42 INTERVALE ST,6:05:00 PM,42.3116,-71.0795
426 BELGRADE AVE,12:18:00 PM,42.2859,-71.1496
43 BELMONT ST,3:42:00 PM,42.3816,-71.0649
43 TEMPLE ST,2:58:00 PM,,
43 TEMPLE ST,2:57:00 PM,,
437 BOYLSTON ST,4:18:00 PM,42.3516,-71.0729
44 SCHOOL ST,12:43:00 PM,42.3577,-71.0596
440 BOYLSTON ST C-B,6:54:00 PM,,
441 HANOVER ST,6:29:00 PM,42.3661,-71.0526
45 BATTERYMARCH ST,12:04:00 PM,,
45 FAIRFIELD ST B-N,5:25:00 PM,,
45 FRANKLIN ST,4:18:00 PM,42.3555,-71.059
45 HEREFORD ST,4:07:00 PM,42.349,-71.0861
45 NEWBURY ST A-B,5:15:00 PM,,
46 CHARLES ST,12:07:00 PM,42.3003,-71.0645
46 COMMONWEALTH AVE,4:58:00 PM,42.3527,-71.0734
46 COMMONWEALTH AVE,1:45:00 PM,42.3527,-71.0734
46 GLOUCESTER ST,6:04:00 PM,42.3488,-71.0842
46 GREENBRIER ST,4:30:00 PM,42.2986,-71.071
46 NEWBURY ST,3:32:00 PM,,
46 NEWBURY ST,5:12:00 PM,,
46 NEWBURY ST,12:30:00 PM,,
46 NEWBURY ST,1:49:00 PM,,
46 NEWBURY ST,5:11:00 PM,,
46 NEWBURY ST A-B,5:14:00 PM,,
46 WAREHAM ST,12:18:00 PM,42.3391,-71.067
462 BEACON ST,2:38:00 PM,42.3515,-71.0879
464 HANOVER ST,12:40:00 PM,42.3671,-71.0527
47 CHELSEA ST,3:15:00 PM,42.371,-71.0372
470 TREMONT ST,12:54:00 PM,42.3461,-71.068
470 W BROADWAY,3:26:00 PM,,
470 W BROADWAY,2:35:00 PM,,
470 W BROADWAY,3:26:00 PM,,
472 COMMONWEALTH AVE,2:15:00 PM,42.3485,-71.0937
48 BOURNESIDE ST,1:00:00 PM,,
48 BRIGHTON AVE,2:30:00 PM,42.3522,-71.1275
48 BRIGHTON AVE,2:29:00 PM,42.3522,-71.1275
48 CLARENDON ST,12:26:00 PM,42.3458,-71.073
492 COMMERCIAL ST,4:40:00 PM,42.3677,-71.0546
4TH AVE / 9TH ST,2:12:00 PM,,
5 ARLINGTON ST,4:20:00 PM,42.3549,-71.0725
5 ARLINGTON ST,4:19:00 PM,42.3549,-71.0725
5 ATHERSTONE ST,12:56:00 PM,42.2834,-71.0688
5 PARK ST,4:07:00 PM,42.3573,-71.0625
5 TYLER ST,2:10:00 PM,42.3511,-71.0609
50 BLOSSOM ST,5:47:00 PM,42.363,-71.0673
50 FAIRFIELD ST,5:24:00 PM,,
50 GLOUCESTER ST,1:00:00 PM,42.3486,-71.0841
50 GLOUCESTER ST N-B,4:15:00 PM,,
50 MONUMENT SQ,2:39:00 PM,42.3752,-71.0606
500 BOYLSTON ST,4:05:00 PM,42.3505,-71.0739
500 BOYLSTON ST C-B,4:08:00 PM,,
500 BOYLSTON ST C-B,12:18:00 PM,,
500 BOYLSTON ST C-B,4:10:00 PM,,
500 BROOKLINE AVE,4:21:00 PM,42.3366,-71.1093
500 BROOKLINE AVE,4:22:00 PM,42.3366,-71.1093
500 PARKER ST,2:24:00 PM,,
500 PARKER ST,2:24:00 PM,,
501 BOYLSTON ST,3:16:00 PM,42.3513,-71.0747
505 TREMONT ST,3:38:00 PM,42.3449,-71.0707
51 BLOSSOM ST,4:08:00 PM,42.3631,-71.0665
51 BLOSSOM ST,1:05:00 PM,42.3631,-71.0665
52 CHAUNCY ST,1:06:00 PM,,
52 HIGH ST,12:00:00 PM,42.3542,-71.0547
52 HIGH ST,1:14:00 PM,42.3542,-71.0547
525 NEWBURY EXTENSION,1:43:00 PM,,
527 TREMONT ST,3:41:00 PM,,
53 HEREFORD ST,4:27:00 PM,42.3488,-71.086
53 MARLBOROUGH ST,1:30:00 PM,42.3541,-71.0748
53 N WASHINGTON,12:40:00 PM,,
535 BOYLSTON ST,4:02:00 PM,,
535 BOYLSTON ST,12:08:00 PM,,
54 CHELSEA ST,2:11:00 PM,42.3713,-71.0374
540 ALBANY ST,4:11:00 PM,42.3373,-71.067
545 BOYLSTON ST,2:52:00 PM,,
545 BOYLSTON ST,2:52:00 PM,,
545 BOYLSTON ST,4:10:00 PM,,
545 BOYLSTON ST,2:13:00 PM,,
545 BOYLSTON ST D-C,12:10:00 PM,,
551 BOYLSTON ST D-C,12:12:00 PM,,
558 TREMONT ST,5:41:00 PM,42.3437,-71.0717
56 BELMONT ST,3:43:00 PM,42.382,-71.0649
565 BOYLSTON ST D-C,4:15:00 PM,,
569 BOYLSTON ST,4:01:00 PM,42.3506,-71.0764
57 N WASHINGTON,12:39:00 PM,,
571 TREMONT ST,3:44:00 PM,42.3437,-71.0726
574 WASHINGTON ST,1:21:00 PM,42.3534,-71.062
574 WASHINGTON ST,1:21:00 PM,42.3534,-71.062
574 WASHINGTON ST,1:20:00 PM,42.3534,-71.062
575 BOYLSTON ST,4:17:00 PM,42.3506,-71.0766
58 BERKELEY ST,12:34:00 PM,42.3465,-71.0711
58 BERKELEY ST,12:54:00 PM,42.3465,-71.0711
58 DECATUR ST,2:55:00 PM,,
58 FRANKLIN ST,12:42:00 PM,42.3558,-71.0584
58 FRANKLIN ST,2:17:00 PM,42.3558,-71.0584
599 E BROADWAY,3:26:00 PM,,
6 *AT PUBLIC LOT,4:59:00 PM,,
6 *AT PUBLIC LOT,4:51:00 PM,,
6 *AT PUBLIC LOT,4:50:00 PM,,
6 *AT PUBLIC LOT,4:57:00 PM,,
6 *AT PUBLIC LOT,4:53:00 PM,,
6 *AT PUBLIC LOT,5:07:00 PM,,
6 *AT PUBLIC LOT,4:53:00 PM,,
6 *AT PUBLIC LOT,5:00:00 PM,,
6 BOWDOIN ST,2:23:00 PM,,
6 BOWDOIN ST,2:32:00 PM,,
6 GLENVILLE AVE,4:22:00 PM,42.3508,-71.1317
6 NEWBURY ST A-B,3:44:00 PM,,
60 CHARLES ST,12:05:00 PM,42.2998,-71.0643
60 CHARLES ST,12:06:00 PM,42.2998,-71.0643
60 CHARLES ST,12:04:00 PM,42.2998,-71.0643
607 BOYLSTON ST,12:38:00 PM,42.3504,-71.0772
61 BATTERYMARCH ST,12:03:00 PM,42.3571,-71.0536
61 BROOKLINE AV,1:07:00 PM,42.3472,-71.0991
61 BROOKLINE AV,1:53:00 PM,42.3472,-71.0991
61 BROOKLINE AV,5:02:00 PM,42.3472,-71.0991
61 BROOKLINE AV,1:08:00 PM,42.3472,-71.0991
610 BEACON ST,1:34:00 PM,,
611 TREMONT ST,3:50:00 PM,42.3429,-71.0741
611 TREMONT ST,6:05:00 PM,42.3429,-71.0741
612 E BROADWAY,4:07:00 PM,,
619 TREMONT ST,6:07:00 PM,,
62 CHARLES ST S,1:06:00 PM,42.3576,-71.0704
625 TREMONT ST,12:38:00 PM,42.3426,-71.0746
63 ATLANTIC AV,4:07:00 PM,,
63 ATLANTIC AV,12:10:00 PM,,
63 BERKELEY ST,6:16:00 PM,42.3467,-71.0705
63 CHARLES ST,12:00:00 PM,42.3,-71.0646
63 CHARLES ST,12:01:00 PM,42.3,-71.0646
63 CHATHAM ST,12:38:00 PM,42.3596,-71.054
63 MELCHER ST,4:12:00 PM,42.349,-71.0498
631 E BROADWAY,5:31:00 PM,,
637 TREMONT ST,6:38:00 PM,42.3424,-71.0751
637 TREMONT ST,12:40:00 PM,42.3424,-71.0751
639 TREMONT ST,6:40:00 PM,,
64 BRIGHTON AVE,2:28:00 PM,42.3523,-71.1283
64 SUMMER ST,12:38:00 PM,42.2598,-71.1253
64 SUMMER ST,12:37:00 PM,42.2598,-71.1253
65 FRANKLIN ST,12:44:00 PM,42.3554,-71.0588
651 BOYLSTON ST,3:59:00 PM,,
651 E BROADWAY,5:36:00 PM,,
651 E BROADWAY,5:39:00 PM,,
651 E BROADWAY,5:37:00 PM,,
654 E BROADWAY,5:38:00 PM,,
658 MASSACHUSETTS AVE,5:50:00 PM,42.3362,-71.0762
658 MASSACHUSETTS AVE,5:49:00 PM,42.3362,-71.0762
659 CENTRE ST,2:51:00 PM,,
66 CANAL ST NC-V,12:02:00 PM,,
661 E BROADWAY,4:38:00 PM,,
665 BOYLSTON ST E-D,4:37:00 PM,,
666 CENTRE ST,2:49:00 PM,42.3125,-71.1139
667 CENTRE ST,2:52:00 PM,42.3126,-71.1143
667 TREMONT ST,3:58:00 PM,42.3419,-71.0759
669 BOYLSTON ST E-D,4:36:00 PM,,
67 NEWBURY ST,5:15:00 PM,42.3521,-71.0742
67 NEWBURY ST B-C,5:49:00 PM,,
68 BEACON ST,12:16:00 PM,42.3563,-71.0698
68 STANIFORD ST,4:35:00 PM,,
683 CENTRE ST,2:55:00 PM,42.3121,-71.1145
684 CENTRE ST,1:09:00 PM,42.3118,-71.114
684 MASSACHUSETTS AVE,3:53:00 PM,42.3356,-71.0755
686 MASSACHUSETTS AVE,3:55:00 PM,42.3355,-71.0754
69 CHELSEA ST,3:18:00 PM,42.3715,-71.0365
69 EAST BERKELEY ST,5:02:00 PM,42.344,-71.0666
693 CENTRE ST,1:16:00 PM,42.3119,-71.1145
699 BOYLSTON ST,3:57:00 PM,,
699 BOYLSTON ST,2:08:00 PM,,
7 EXCHANGE PLACE,2:02:00 PM,,
7 EXCHANGE PLACE,2:05:00 PM,,
7 EXCHANGE PLACE,2:03:00 PM,,
70 BEACON ST,12:17:00 PM,42.2548,-71.1146
70 CHELSEA ST,4:09:00 PM,42.3717,-71.037
70 COMMONWEALTH AVE,12:10:00 PM,42.3523,-71.0749
70 DELL AVE,12:11:00 PM,,
70 DELL AVE,12:12:00 PM,,
70 FRANKLIN ST,2:51:00 PM,42.3557,-71.0582
70 FRANKLIN ST,12:45:00 PM,42.3557,-71.0582
70 FRANKLIN ST,12:45:00 PM,42.3557,-71.0582
70 FRANKLIN ST,12:41:00 PM,42.3557,-71.0582
703 CENTRE ST,2:57:00 PM,42.3116,-71.1146
703 CENTRE ST,2:56:00 PM,42.3116,-71.1146
703 CENTRE ST,2:57:00 PM,42.3116,-71.1146
711 BOYLSTON ST,1:22:00 PM,42.3496,-71.0799
711 E BROADWAY,5:43:00 PM,,
722 CENTRE ST,2:41:00 PM,42.3111,-71.1144
722 CENTRE ST,2:37:00 PM,42.3111,-71.1144
725 BOYLSTON ST F-E,5:15:00 PM,,
726 CAMBRIDGE ST,1:56:00 PM,,
729 CENTRE ST,2:58:00 PM,42.3112,-71.1148
73 BUNKER HILL ST,5:22:00 PM,42.3775,-71.0578
73 NEWBURY ST,12:34:00 PM,42.3521,-71.0745
73 SACHEM ST,2:07:00 PM,42.331,-71.108
736 CAMBRIDGE ST,1:57:00 PM,42.3496,-71.148
736 CAMBRIDGE ST,1:58:00 PM,42.3496,-71.148
736 CAMBRIDGE ST,1:54:00 PM,42.3496,-71.148
736 CAMBRIDGE ST,1:54:00 PM,42.3496,-71.148
736 CAMBRIDGE ST,1:53:00 PM,42.3496,-71.148
74 BAILEY ST,12:58:00 PM,42.2848,-71.0662
74 BAILEY ST,12:59:00 PM,42.2848,-71.0662
74 BAILEY ST,12:59:00 PM,42.2848,-71.0662
745 ATLANTIC AVE,12:43:00 PM,42.3503,-71.0571
745 BOYLSTON ST,1:03:00 PM,42.3494,-71.0806
745 BOYLSTON ST F-E,5:19:00 PM,,
745 BOYLSTON ST F-E,3:58:00 PM,,
745 CENTRE ST,3:03:00 PM,42.3108,-71.1149
75 BEACON ST,12:19:00 PM,42.2546,-71.1141
75 CENTRE ST,12:11:00 PM,42.291,-71.0683
75 CHARLES ST S,12:01:00 PM,42.3583,-71.0703
75 FEDERAL ST,1:01:00 PM,42.3553,-71.0568
75 FEDERAL ST,1:02:00 PM,42.3553,-71.0568
75 NEWBURY ST B-C,3:29:00 PM,,
75 NORTHERN AV,12:37:00 PM,42.3524,-71.0452
75 NORTHERN AV,12:38:00 PM,42.3524,-71.0452
75 NORTHERN AV,12:36:00 PM,42.3524,-71.0452
75 NORTHERN AV,12:40:00 PM,42.3524,-71.0452
75 NORTHERN AV,12:33:00 PM,42.3524,-71.0452
75 NORTHERN AV,12:32:00 PM,42.3524,-71.0452
75 NORTHERN AV,12:40:00 PM,42.3524,-71.0452
76 BRIGHTON AVE,2:27:00 PM,42.3524,-71.1288
76 COMMONWEALTH AVE,1:43:00 PM,42.3522,-71.0752
762 ADAMS ST,5:13:00 PM,,
767 E BROADWAY,6:50:00 PM,,
77 BEACON ST,12:20:00 PM,42.3561,-71.0706
77 BEACON ST,2:04:00 PM,42.3561,-71.0706
77 CHARLES ST S,12:50:00 PM,42.2491,-71.1343
78 BRIGHTON AVE,5:00:00 PM,42.3524,-71.1289
78 BRIGHTON AVE,2:27:00 PM,42.3524,-71.1289
79 BEACON ST,12:21:00 PM,42.2547,-71.1139
79 CENTRE ST,12:10:00 PM,42.3286,-71.0954
793 BOYLSTON ST,1:10:00 PM,42.3492,-71.0816
8 CHELSEA ST,4:11:00 PM,42.3703,-71.0385
8 GARRISON ST,4:46:00 PM,42.3461,-71.0796
8 NEWBURY ST,12:23:00 PM,42.3522,-71.0718
8 PARK ST,4:02:00 PM,42.2629,-71.1208
80 BROOKLINE AV,5:05:00 PM,42.3464,-71.099
80 COMMONWEALTH AVE,12:08:00 PM,42.3522,-71.0753
80 COMMONWEALTH AVE,12:09:00 PM,42.3522,-71.0753
80 COMMONWEALTH AVE,12:09:00 PM,42.3522,-71.0753
80 LINCOLN ST,3:22:00 PM,,
81 BEACON ST,12:22:00 PM,42.356,-71.0711
81 BEACON ST,2:05:00 PM,42.356,-71.0711
81 BEACON ST,2:06:00 PM,42.356,-71.0711
811 BOYLSTON ST,1:09:00 PM,42.3491,-71.0823
811 BOYLSTON ST,1:07:00 PM,42.3491,-71.0823
811 BOYLSTON ST,4:03:00 PM,42.3491,-71.0823
811 BOYLSTON ST,1:33:00 PM,42.3491,-71.0823
82 DEVONSHIRE ST,12:53:00 PM,,
82 MARLBOROUGH ST,4:31:00 PM,42.3534,-71.0757
82 NEWBURY ST B-C,5:55:00 PM,,
82 NEWBURY ST B-C,3:16:00 PM,,
82 NEWBURY ST B-C,5:20:00 PM,,
850 DORCHESTER AVE,6:09:00 PM,42.3218,-71.0565
855 COMMONWEALTH AVE,3:40:00 PM,,
86 BEACON ST,2:07:00 PM,42.2552,-71.1138
87 BAILEY ST,1:03:00 PM,42.2847,-71.0651
87 CHELSEA ST,3:19:00 PM,42.372,-71.036
87 KILBY ST,1:46:00 PM,42.3573,-71.0554
88 BEACON ST,2:08:00 PM,42.3559,-71.0718
88 BLACKSTONE ST,1:31:00 PM,,
88 BLACKSTONE ST,4:20:00 PM,,
88 MARLBOROUGH ST,4:30:00 PM,42.3534,-71.0759
88 MARLBOROUGH ST,1:06:00 PM,42.3534,-71.0759
883 BOYLSTON ST G-F,1:38:00 PM,,
89 SOUTH ST,3:46:00 PM,42.3518,-71.0576
89 SOUTH ST,3:46:00 PM,42.3518,-71.0576
9 HAWLEY ST,2:38:00 PM,,
9 VINELAND ST,5:18:00 PM,42.3573,-71.1492
90 BEACON ST,2:09:00 PM,42.2553,-71.1136
90 N WASHINGTON ST,2:45:00 PM,42.3654,-71.0587
90 NEWBURY ST B-C,3:11:00 PM,,
91 WAREHAM ST,4:33:00 PM,42.3385,-71.067
910 COMMONWEALTH AV,5:47:00 PM,,
921 BOYLSTON ST H-G,12:13:00 PM,,
939 BOYLSTON ST,4:20:00 PM,42.3482,-71.0851
939 BOYLSTON ST H-G,12:14:00 PM,,
96 BLACKSTONE ST,12:19:00 PM,42.3615,-71.0564
96 BUNKER HILL ST,1:01:00 PM,42.3774,-71.0585
96 SOUTH ST,6:00:00 PM,42.3512,-71.0572
97 BUNKER HILL ST,5:24:00 PM,42.3778,-71.0586
97 GENEVA AVE,2:36:00 PM,42.3066,-71.0794
98 CHELSEA ST,4:07:00 PM,42.3724,-71.0361
98 DARTMOUTH ST,1:04:00 PM,42.346,-71.0755
98 DECATUR ST,2:59:00 PM,,
99 BROOKLINE AV,5:06:00 PM,42.3463,-71.0999
99 BROOKLINE AV,5:06:00 PM,42.3463,-71.0999
99 HIGH ST,1:15:00 PM,42.3542,-71.0548
99 NEWBURY ST,1:55:00 PM,42.3518,-71.0753
99 SUMMER ST,1:47:00 PM,42.3535,-71.0587
A ST / CONGRESS ST,12:48:00 PM,42.3504,-71.0485
A ST / IRON ST,12:55:00 PM,42.3451,-71.0526
A STREET / IRON ST,1:18:00 PM,42.3451,-71.0526
A STREET / IRON ST,1:16:00 PM,42.3451,-71.0526
A STREET / MOUNT WASHINGTON AVE,1:00:00 PM,42.3465,-71.0515
A STREET / MOUNT WASHINGTON AVE,1:01:00 PM,42.3465,-71.0515
A STREET / MOUNT WASHINGTON AVE,1:13:00 PM,42.3465,-71.0515
A STREET / MOUNT WASHINGTON AVE,1:04:00 PM,42.3465,-71.0515
A STREET / MOUNT WASHINGTON AVE,1:11:00 PM,42.3465,-71.0515
A STREET / MOUNT WASHINGTON AVE,12:57:00 PM,42.3465,-71.0515
A STREET / MOUNT WASHINGTON AVE,1:08:00 PM,42.3465,-71.0515
A STREET / MOUNT WASHINGTON AVE,1:09:00 PM,42.3465,-71.0515
A STREET / MOUNT WASHINGTON AVE,1:14:00 PM,42.3465,-71.0515
ALBANY ST / E DEDHAM ST,4:15:00 PM,42.3377,-71.0677
ALBANY ST / E NEWTON ST,3:50:00 PM,42.3359,-71.0701
ALCORN ST / GARDNER ST,4:47:00 PM,42.3531,-71.123
ARCH ST / FRANKLIN ST,2:15:00 PM,42.3554,-71.058
ASHMONT ST / ADAMS ST,2:13:00 PM,42.2882,-71.0554
ATHERSTONE ST / FULLER ST,12:53:00 PM,42.2829,-71.0684
AUCKLAND ST / BAY ST,5:49:00 PM,42.3112,-71.0566
AV DE LAFAYETTE / CHAUNCY ST,12:56:00 PM,,
AVENUE DE LAFAYETTE / CHAUNCY ST,12:57:00 PM,42.3531,-71.0607
AVENUE DE LAFAYETTE / CHAUNCY ST,3:17:00 PM,42.3531,-71.0607
BABCOCK ST / COMMONWEALTH AVE,4:01:00 PM,42.3517,-71.1213
BATTERYMARCH SHORT A / BROAD ST,5:43:00 PM,,
BATTERYMARCH SHORT A / BROAD ST,2:24:00 PM,,
BATTERYMARCH ST / FRANKLIN ST,4:38:00 PM,42.3569,-71.0533
BATTERYMARCH ST / HIGH ST,1:58:00 PM,42.3564,-71.0528
BATTERYMARCH ST / HIGH ST,1:11:00 PM,42.3564,-71.0528
BATTERYMARCH ST / HIGH ST,1:24:00 PM,42.3564,-71.0528
BATTERYMARCH ST / MILK ST,5:28:00 PM,42.3577,-71.0544
BATTERYMARCH ST / MILK ST,1:22:00 PM,42.3577,-71.0544
BAY ST / AUCKLAND ST,5:51:00 PM,42.3112,-71.0566
BEACH ST / ATLANTIC AVE,6:10:00 PM,42.3504,-71.0566
BEACH ST / SOUTH ST,6:08:00 PM,42.3507,-71.0574
BEDFORD ST / LINCOLN ST,1:06:00 PM,42.3535,-71.0577
BELVIDERE ST / MASSACHUSETTS AVE,3:45:00 PM,42.3465,-71.0873
BERKELEY ST / BOYLSTON ST,12:47:00 PM,42.3512,-71.0731
BERKELEY ST / COMMONWEALTH AVE,4:11:00 PM,42.3529,-71.0738
BERKELEY ST / MARLBOROUGH ST,4:13:00 PM,42.354,-71.0744
BERKELEY ST / NEWBURY ST,4:17:00 PM,42.3521,-71.0734
BEVERLY ST / CAUSEWAY ST,2:46:00 PM,42.3663,-71.0596
BEVERLY ST / CAUSEWAY ST,2:47:00 PM,42.3663,-71.0596
BEVERLY ST / CAUSEWAY ST,2:45:00 PM,42.3663,-71.0596
BINNEY ST / JIMMY FUND WAY,1:30:00 PM,42.3373,-71.1071
BLACKSTONE ST / HANOVER ST,1:35:00 PM,42.3621,-71.0567
BLACKSTONE ST / HANOVER ST,1:33:00 PM,42.3621,-71.0567
BLOSSOM ST / CAMBRIDGE ST,5:53:00 PM,42.3611,-71.067
BLOSSOM ST / CHARLES ST,12:03:00 PM,42.3643,-71.0698
BLOSSOM ST / CHARLES ST,12:00:00 PM,42.3643,-71.0698
BLOSSOM ST / CHARLES ST,12:02:00 PM,42.3643,-71.0698
BLOSSOM ST / WM. CARD. OCONNELL WAY,4:00:00 PM,42.3634,-71.0669
BOURNESIDE ST / MELVILLE AVE,12:59:00 PM,42.2958,-71.0625
BOWDOIN PARK / BOWDOIN ST,1:36:00 PM,42.3059,-71.0674
BOWDOIN ST / *AT PUBLIC LOT,3:39:00 PM,,
BOWDOIN ST / *AT PUBLIC LOT,3:37:00 PM,,
BOWDOIN ST / CAMBRIDGE ST,6:00:00 PM,42.3612,-71.0629
BOWDOIN ST / HANCOCK ST,3:49:00 PM,42.3107,-71.0623
BOWDOIN ST / TOPLIFF ST,1:15:00 PM,42.3049,-71.0688
BOYLSTON ST / CENTRE ST,1:33:00 PM,42.3195,-71.1116
BOYLSTON ST / DARTMOUTH ST,5:39:00 PM,42.3501,-71.0773
BOYLSTON ST / EXETER ST,1:02:00 PM,42.3495,-71.0795
BOYLSTON ST C-B / CLARENDON ST,6:20:00 PM,,
BRIGHTON AVE / CAMBRIDGE ST,1:25:00 PM,42.3536,-71.1375
BRIGHTON AVE / CHESTER ST,12:00:00 PM,42.3525,-71.1284
BRIGHTON AVE / LINDEN ST,2:24:00 PM,42.3527,-71.1302
BRIGHTON AVE / LINDEN ST,2:23:00 PM,42.3527,-71.1302
BRIGHTON AVE / QUINT AVE,1:27:00 PM,42.3532,-71.134
BROOKLINE AV / BEACON ST,5:46:00 PM,42.3488,-71.0971
BROOKSIDE AVE / CORNWALL ST,12:19:00 PM,42.3121,-71.1044
BYRON ST / SARATOGA ST,5:59:00 PM,42.384,-71.0166
CALUMET ST / ALLEGHANY ST,6:56:00 PM,,
CAMBRIDGE ST / ANDERSON ST,12:05:00 PM,42.3611,-71.0679
CAMBRIDGE ST / CENTER PLAZA,1:37:00 PM,,
CAMBRIDGE ST / CENTER PLAZA,2:13:00 PM,,
CANAL ST / CAUSEWAY ST,12:20:00 PM,42.3655,-71.0611
CANAL ST / VALENTI WAY,2:27:00 PM,42.3643,-71.0599
CAUSEWAY ST / BEVERLY ST,12:33:00 PM,42.3663,-71.0596
CAUSEWAY ST / FRIEND ST,12:18:00 PM,42.3651,-71.0618
CAUSEWAY ST / LANCASTER ST,12:35:00 PM,42.3645,-71.0629
CAUSEWAY ST / MEDFORD ST,2:32:00 PM,42.3664,-71.0594
CAUSEWAY ST / MEDFORD ST,12:23:00 PM,42.3664,-71.0594
CAUSEWAY ST / MEDFORD ST,12:24:00 PM,42.3664,-71.0594
CAUSEWAY ST / MEDFORD ST,12:28:00 PM,42.3664,-71.0594
CAUSEWAY ST / PORTLAND ST,1:02:00 PM,42.3648,-71.0623
CAUSEWAY ST / PORTLAND ST,5:25:00 PM,42.3648,-71.0623
CENTRAL ST / BROAD ST,4:16:00 PM,42.3587,-71.0544
CENTRAL ST / INDIA ST,2:56:00 PM,42.3588,-71.0538
CENTRE ST / SOUTH ST,3:19:00 PM,42.2882,-71.1447
CENTRE ST / SOUTH ST,3:21:00 PM,42.2882,-71.1447
CENTRE ST / SOUTH ST,3:20:00 PM,42.2882,-71.1447
CENTRE ST / SOUTH ST,3:20:00 PM,42.2882,-71.1447
CHARLES ST / BEACON ST,2:20:00 PM,42.3562,-71.0694
CHARLES ST / BEACON ST,2:21:00 PM,42.3562,-71.0694
CHARLES ST / BEACON ST,2:21:00 PM,42.3562,-71.0694
CHARLES ST / BEACON ST,2:27:00 PM,42.3562,-71.0694
CHARLES ST / BEACON ST,2:22:00 PM,42.3562,-71.0694
CHARLES ST / BEACON ST,2:24:00 PM,42.3562,-71.0694
CHARLES ST / BEACON ST,2:26:00 PM,42.3562,-71.0694
CHARLES ST / BOYLSTON ST,3:44:00 PM,42.3525,-71.0675
CHARLES ST / BOYLSTON ST,3:47:00 PM,42.3525,-71.0675
CHARLES ST / BOYLSTON ST,5:07:00 PM,42.3525,-71.0675
CHARLES ST / BOYLSTON ST,3:43:00 PM,42.3525,-71.0675
CHARLES ST S / WARRENTON ST,5:16:00 PM,,
CHARLES ST SOUTH / BOYLSTON ST,5:12:00 PM,42.3525,-71.0675
CHAUNCY ST / SUMMER ST,12:07:00 PM,42.3546,-71.0593
CHAUNCY ST / SUMMER ST,5:06:00 PM,42.3546,-71.0593
CHAUNCY ST / SUMMER ST,1:51:00 PM,42.3546,-71.0593
CHAUNCY ST / SUMMER ST,1:49:00 PM,42.3546,-71.0593
CHAUNCY ST / SUMMER ST,2:11:00 PM,42.3546,-71.0593
CHAUNCY ST / SUMMER ST,3:26:00 PM,42.3546,-71.0593
CHESTER ST / BRIGHTON AVE,5:51:00 PM,42.3525,-71.1284
CLARENDON ST / COLUMBUS AVE,4:59:00 PM,42.3473,-71.0735
CLARENDON ST / LAWRENCE ST,12:24:00 PM,42.3461,-71.073
CLINTON ST / SURFACE RD,12:35:00 PM,42.3609,-71.0538
CLINTON ST / SURFACE RD,1:53:00 PM,42.3609,-71.0538
COLUMBIA RD / BELLEVUE ST,1:33:00 PM,42.3126,-71.0684
COLUMBIA RD / K ST,12:03:00 PM,42.3297,-71.0372
COLUMBUS AV / CLARENDON ST,4:27:00 PM,42.3473,-71.0735
COLUMBUS AV / CLARENDON ST,4:30:00 PM,42.3473,-71.0735
COLUMBUS AVE / DARTMOUTH ST,1:06:00 PM,42.3458,-71.0752
COLUMBUS AVE / W CANTON ST,4:18:00 PM,42.3448,-71.0765
COMMERCIAL ST / CHATHAM ST,1:44:00 PM,42.3597,-71.0536
COMMERCIAL ST / COPPS HILL TER,12:29:00 PM,42.3682,-71.0557
COMMERCIAL ST / HANOVER ST,12:24:00 PM,42.3672,-71.0525
COMMERCIAL ST / HULL ST,5:03:00 PM,42.3678,-71.0574
COMMERCIAL ST / JACKSON AVE,12:28:00 PM,42.368,-71.0548
COMMONWEALTH AVE / BROOKLINE AVE,4:56:00 PM,42.3488,-71.0971
COMMONWEALTH AVE / CLARENDON ST,4:55:00 PM,42.3523,-71.076
CONGRESS ST / A ST,1:10:00 PM,42.3504,-71.0485
CONGRESS ST / A ST,1:09:00 PM,42.3504,-71.0485
CONGRESS ST / MILK ST,2:33:00 PM,42.3568,-71.0563
CONGRESS ST / MILK ST,12:52:00 PM,42.3568,-71.0563
CONGRESS ST / WATER ST,12:38:00 PM,42.3576,-71.0564
CR164 N BEACON ST,5:06:00 PM,,
CR172 N BEACON ST,5:07:00 PM,,
CROSS ST / SALEM ST,1:15:00 PM,42.363,-71.0563
DEVENS ST / MAIN ST,2:28:00 PM,42.374,-71.0632
DEVONSHIRE ST / SUMMER ST,3:21:00 PM,42.3537,-71.058
DEVONSHIRE ST / SUMMER ST,2:28:00 PM,42.3537,-71.058
DICKENS ST / CASSNET ST,5:33:00 PM,42.3011,-71.0565
DORCHESTER AV / SUMMER ST,2:36:00 PM,42.3514,-71.0529
DORCHESTER AVE / CENTRE ST,4:43:00 PM,42.2936,-71.0621
DORCHESTER AVE / CONGRESS ST,12:02:00 PM,,
DORCHESTER AVE / CONGRESS ST,2:13:00 PM,,
DORCHESTER AVE / SAVIN HILL AVE,5:56:00 PM,42.313,-71.0572
DORCHESTER AVE / SAVIN HILL AVE,5:57:00 PM,42.313,-71.0572
DORCHESTER ST / VINTON ST,1:01:00 PM,42.3308,-71.0544
DORCHESTER ST / W 3RD ST,5:00:00 PM,42.3362,-71.0446
E BROADWAY / I ST,1:55:00 PM,42.3356,-71.0399
E BROADWAY / N ST,6:55:00 PM,42.3357,-71.0313
E SERVICE ROAD / SEAPORT BLVD,1:14:00 PM,42.351,-71.0439
EAST NEWTON / HARRISON AVE,3:38:00 PM,42.3375,-71.072
EAST NEWTON ST / ALBANY ST,4:09:00 PM,42.3359,-71.0701
EAST NEWTON ST / ALBANY ST,4:08:00 PM,42.3359,-71.0701
EAST NEWTON ST / ALBANY ST,4:05:00 PM,42.3359,-71.0701
EAST ST / SOUTH ST,12:47:00 PM,42.3517,-71.0572
EAST ST / SOUTH ST,4:56:00 PM,42.3517,-71.0572
EAST ST / SOUTH ST,3:48:00 PM,42.3517,-71.0572
EDGERLY RD / BURBANK ST,3:57:00 PM,42.3444,-71.0872
ESSEX ST / SOUTH ST,2:40:00 PM,42.3521,-71.0572
ESSEX ST / SOUTH ST,12:25:00 PM,42.3521,-71.0572
ESSEX ST / SOUTH ST,12:25:00 PM,42.3521,-71.0572
EVANS WY / FENWAY,3:54:00 PM,,
EXCHANGE PLACE / CONGRESS ST,1:36:00 PM,42.358,-71.0565
EXCHANGE PLACE / CONGRESS ST,1:35:00 PM,42.358,-71.0565
FAIRFIELD ST / BOYLSTON ST,5:23:00 PM,42.3489,-71.0818
FAIRFIELD ST / NEWBURY ST,1:30:00 PM,42.3497,-71.0822
FARRINGTON AVE / LINDEN ST,5:41:00 PM,42.3545,-71.1304
FEDERAL ST / FRANKLIN ST,1:00:00 PM,42.3555,-71.0565
FEDERAL ST / FRANKLIN ST,12:55:00 PM,42.3555,-71.0565
FEDERAL ST / HIGH ST,4:30:00 PM,42.3536,-71.0562
FEDERAL ST / HIGH ST,1:05:00 PM,42.3536,-71.0562
FEDERAL ST / HIGH ST,12:20:00 PM,42.3536,-71.0562
FEDERAL ST / MATTHEWS ST,1:03:00 PM,42.3545,-71.0563
FEDERAL ST / MILK ST,12:57:00 PM,42.3568,-71.0567
FEDERAL ST / MILK ST,12:11:00 PM,42.3568,-71.0567
FEDERAL ST / MILK ST,12:12:00 PM,42.3568,-71.0567
FORSYTH ST / HEMENWAY ST,5:44:00 PM,42.3408,-71.0912
FORSYTH ST / HEMENWAY ST,4:21:00 PM,42.3408,-71.0912
FORSYTH ST / HEMENWAY ST,4:56:00 PM,42.3408,-71.0912
FORSYTH WY / FENWAY,4:28:00 PM,42.3408,-71.0935
FORSYTH WY / FENWAY,4:32:00 PM,42.3408,-71.0935
FORSYTH WY / FENWAY,4:34:00 PM,42.3408,-71.0935
FORSYTH WY / HEMENWAY ST,4:30:00 PM,42.3395,-71.0926
FRANKLIN ST / BATTERYMARCH ST,5:40:00 PM,42.3569,-71.0533
FRANKLIN ST / BATTERYMARCH ST,4:56:00 PM,42.3569,-71.0533
FRANKLIN ST / BROAD ST,5:40:00 PM,42.3574,-71.0527
FRANKLIN ST / BROAD ST,12:58:00 PM,42.3574,-71.0527
FRANKLIN ST / FEDERAL ST,12:53:00 PM,42.3555,-71.0565
FRANKLIN ST / FEDERAL ST,12:53:00 PM,42.3555,-71.0565
FRANKLIN ST / PEARL ST,2:06:00 PM,42.3561,-71.0549
FRANKLIN ST / PEARL ST,2:34:00 PM,42.3561,-71.0549
FRANKLIN ST / PEARL ST,1:03:00 PM,42.3561,-71.0549
FRANKLIN ST / PEARL ST,1:02:00 PM,42.3561,-71.0549
FRIEND ST / CAUSEWAY ST,1:07:00 PM,42.3651,-71.0618
GAINSBOROUGH ST / ST BOTOLPH ST,3:46:00 PM,42.3409,-71.0857
GAINSBOROUGH ST / ST BOTOLPH ST,1:43:00 PM,42.3409,-71.0857
GAINSBOROUGH ST / ST BOTOLPH ST,1:42:00 PM,42.3409,-71.0857
GARDNER ST / BABCOCK ST,6:02:00 PM,42.3529,-71.121
GARDNER ST / BABCOCK ST,6:01:00 PM,42.3529,-71.121
GARDNER ST / BABCOCK ST,6:01:00 PM,42.3529,-71.121
GAVIN WAY / OCALLAGHAN WAY,6:12:00 PM,42.3254,-71.0542
GLOUCESTER ST / NEWBURY ST,4:07:00 PM,42.3492,-71.0841
HADASSAH WAY / BOYLSTON ST,3:54:00 PM,42.3522,-71.0692
HANOVER ST / PRINCE ST,1:08:00 PM,42.3643,-71.0539
HARRISON AVE / OAK ST,4:10:00 PM,42.3482,-71.0625
HARRY AGGANIS WY / COMMONWEALTH AVE,3:54:00 PM,42.3515,-71.1185
HARRY AGGANIS WY / COMMONWEALTH AVE,5:45:00 PM,42.3515,-71.1185
HARRY AGGANIS WY / COMMONWEALTH AVE,5:44:00 PM,42.3515,-71.1185
HAVERHILL ST / CAUSEWAY ST,12:12:00 PM,42.3657,-71.0606
HAVERHILL ST / VALENTI WAY,12:43:00 PM,,
HAWLEY ST / MILK ST,2:28:00 PM,42.3567,-71.0581
HAWLEY ST / SUMMER ST,2:30:00 PM,42.3549,-71.0598
HEMENWAY ST / FORSYTH ST,5:52:00 PM,42.3408,-71.0912
HEMENWAY ST / WESTLAND AVE,5:07:00 PM,42.344,-71.0899
HIGH ST / CONGRESS ST,2:48:00 PM,42.3546,-71.0546
HIGH ST / CONGRESS ST,2:11:00 PM,42.3546,-71.0546
HIGH ST / CONGRESS ST,2:10:00 PM,42.3546,-71.0546
HIGH ST / OLIVER ST,1:21:00 PM,42.3561,-71.0532
HIGH ST / OLIVER ST,2:03:00 PM,42.3561,-71.0532
HIGH ST / PEARL ST,12:21:00 PM,42.3552,-71.054
HIGH ST / PEARL ST,2:52:00 PM,42.3552,-71.054
HIGH ST / PEARL ST,12:19:00 PM,42.3552,-71.054
HIGH ST / SURFACE RD,3:01:00 PM,42.3569,-71.0512
HIGH ST / SURFACE RD,4:50:00 PM,42.3569,-71.0512
HIGH ST / SURFACE RD,4:42:00 PM,42.3569,-71.0512
HUDSON ST / BEACH ST,1:27:00 PM,42.3512,-71.0599
HUNTINGTON AV / W NEWTON ST,4:03:00 PM,42.3454,-71.0818
HUNTINGTON AV / W NEWTON ST,4:04:00 PM,42.3454,-71.0818
HUNTINGTON AVE / CUMBERLAND ST,4:08:00 PM,42.3443,-71.083
HUNTINGTON AVE / GAINSBOROUGH ST,12:52:00 PM,42.3414,-71.0865
INDIA ST / MILK ST,3:56:00 PM,42.3585,-71.0532
JOSLIN PL / BROOKLINE AVE,4:11:00 PM,42.3382,-71.1081
KILBY SQ. / WATER ST,12:30:00 PM,42.3578,-71.0554
KILBY ST / BATTERYMARCH ST,12:33:00 PM,,
KILBY ST / EXCHANGE PLACE,1:58:00 PM,42.3583,-71.0556
KILBY ST / HAWES ST,12:31:00 PM,42.358,-71.0555
KILBY ST / HAWES ST,5:12:00 PM,42.358,-71.0555
KILBY ST / WATER ST,12:35:00 PM,42.3578,-71.0554
KNEELAND ST / HUDSON ST,1:34:00 PM,42.3503,-71.0602
KNEELAND ST / HUDSON ST,1:34:00 PM,42.3503,-71.0602
KNEELAND ST / TYLER ST,4:00:00 PM,42.3504,-71.0609
LANCASTER ST / CAUSEWAY ST,3:23:00 PM,42.3645,-71.0629
LANCASTER ST / CAUSEWAY ST,3:23:00 PM,42.3645,-71.0629
LANSDOWNE ST / IPSWICH ST,12:05:00 PM,42.3472,-71.0943
LANSDOWNE ST / IPSWICH ST,12:05:00 PM,42.3472,-71.0943
LANSDOWNE ST / IPSWICH ST,12:04:00 PM,42.3472,-71.0943
LANSDOWNE ST / IPSWICH ST,12:06:00 PM,42.3472,-71.0943
LANSDOWNE ST / IPSWICH ST,12:04:00 PM,42.3472,-71.0943
LANSDOWNE ST / IPSWICH ST,12:04:00 PM,42.3472,-71.0943
LANSDOWNE ST / IPSWICH ST,12:06:00 PM,42.3472,-71.0943
LAWNDALE TER / LAMARTINE PL,1:03:00 PM,,
LEONARD ST / ADAMS ST,5:29:00 PM,42.3013,-71.0596
LINCOLN ST / BEACH ST,12:14:00 PM,42.3509,-71.0585
LINCOLN ST / TUFTS ST,1:21:00 PM,42.3517,-71.0582
LINCOLN ST / TUFTS ST,1:21:00 PM,42.3517,-71.0582
LOGAN AIRPORT SERVICE DR / PORTER ST,2:33:00 PM,,
LOGAN AIRPORT SERVICE DR / PORTER ST,2:30:00 PM,,
LOGAN AIRPORT SERVICE DR / PORTER ST,4:26:00 PM,,
LOGAN AIRPORT SERVICE DR / PORTER ST,2:31:00 PM,,
MAIN ST / ESSEX ST,1:08:00 PM,42.3791,-71.0687
MAIN ST / FRANKLIN ST,1:12:00 PM,42.3779,-71.0675
MAIN ST / SULLIVAN ST,1:16:00 PM,42.3778,-71.0673
MARGINAL RD / HARRISON AVE,4:20:00 PM,42.3471,-71.063
MARGINAL RD / HARRISON AVE,4:16:00 PM,42.3471,-71.063
MARGINAL RD / HARRISON AVE,4:18:00 PM,42.3471,-71.063
MARGINAL RD / SHAWMUT AVE,4:16:00 PM,42.3477,-71.0657
MARGINAL RD / SHAWMUT AVE,4:18:00 PM,42.3477,-71.0657
MARGINAL RD / WASHINGTON ST,4:22:00 PM,42.3473,-71.0644
MARGINAL RD / WASHINGTON ST,4:21:00 PM,42.3473,-71.0644
MARKET ST. LOT / MARKET ST,1:45:00 PM,,
MARKET ST. LOT / MARKET ST,1:42:00 PM,,
MARKET ST. LOT / MARKET ST,1:47:00 PM,,
MASON ST / WEST ST,12:05:00 PM,42.3548,-71.0627
MASSACHUSETTS AVE / WASHINGTON ST,3:41:00 PM,42.3365,-71.0771
MAVERICK ST / ARDEE ST,4:48:00 PM,42.3663,-71.0302
MEDALLION AVE / BINFORD ST,1:22:00 PM,,
MEDALLION AVE / BINFORD ST,5:35:00 PM,,
MEDALLION AVE / BINFORD ST,1:24:00 PM,,
MEDALLION AVE / BINFORD ST,1:23:00 PM,,
MEDALLION AVE / BINFORD ST,1:23:00 PM,,
MEDFORD ST / CAUSEWAY ST,2:32:00 PM,42.3664,-71.0594
MEDFORD ST / CAUSEWAY ST,3:46:00 PM,42.3664,-71.0594
MEDFORD ST / CHELSEA ST,5:13:00 PM,42.3784,-71.0529
MEDFORD ST / N WASHINGTON ST,3:48:00 PM,42.3654,-71.0583
MEDFORD ST / N WASHINGTON ST,2:27:00 PM,42.3654,-71.0583
MEDFORD ST / N WASHINGTON ST,3:49:00 PM,42.3654,-71.0583
MEDFORD ST / N WASHINGTON ST,2:25:00 PM,42.3654,-71.0583
MELCHER ST / A ST,1:27:00 PM,42.3491,-71.0495
MERRIMAC ST / CAUSEWAY ST,12:13:00 PM,42.364,-71.0634
MERRIMAC ST / LANCASTER ST,1:25:00 PM,42.3637,-71.0621
MILK ST / ARCH ST,2:27:00 PM,42.3567,-71.0578
MILK ST / FEDERAL ST,12:26:00 PM,42.3568,-71.0567
MILK ST / INDIA ST,2:50:00 PM,42.3585,-71.0532
MILK ST / INDIA ST,12:01:00 PM,42.3585,-71.0532
MILK ST / KILBY ST,1:30:00 PM,42.3573,-71.0549
MILK ST / OLIVER ST,2:27:00 PM,42.3573,-71.0549
MILK ST / PEARL ST,2:28:00 PM,42.3569,-71.0557
MILK ST / PEARL ST,1:08:00 PM,42.3569,-71.0557
MONUMENT ST / BUNKER HILL ST,3:14:00 PM,42.378,-71.0599
N WASHINGTON / MEDFORD ST,3:51:00 PM,42.3654,-71.0583
NEW CHARDON ST / BULFINCH PL,12:03:00 PM,42.3622,-71.0622
NEWBURY ST / DARTMOUTH ST,3:12:00 PM,42.3509,-71.0777
NEWBURY ST / EXETER ST,1:24:00 PM,42.3503,-71.0799
NR 10 WHITBY ST,5:53:00 PM,,
NR 101 CAUSEWAY ST,1:12:00 PM,,
NR 101 CAUSEWAY ST,3:27:00 PM,,
NR 11 DEERFIELD ST,1:21:00 PM,,
NR 125 HIGH ST,2:54:00 PM,,
NR 14 CLIPPER SHIP LN,1:54:00 PM,,
NR 155 LEYDEN ST,5:48:00 PM,,
NR 19 DEERFIELD ST,1:25:00 PM,,
NR 19 STANIFORD ST,1:21:00 PM,,
NR 200 BERKELEY ST,5:10:00 PM,,
NR 241 A ST,5:27:00 PM,,
NR 241 A ST,2:32:00 PM,,
NR 241 A STREET,4:20:00 PM,,
NR 241 A STREET,2:28:00 PM,,
NR 241 A STREET,4:19:00 PM,,
NR 241 A STREET,5:31:00 PM,,
NR 241 A STREET,5:25:00 PM,,
NR 241 A STREET,5:31:00 PM,,
NR 241 A STREET,5:24:00 PM,,
NR 241 A STREET,5:29:00 PM,,
NR 241 A STREET,5:26:00 PM,,
NR 241 A STREET,4:21:00 PM,,
NR 241 A STREET,2:31:00 PM,,
NR 25 NEW CHARDON ST,4:08:00 PM,,
NR 25 NEW CHARDON ST,4:08:00 PM,,
NR 250 HANOVER ST,6:16:00 PM,,
NR 266 SUMMER ST,12:36:00 PM,,
NR 290 TREMONT ST,12:13:00 PM,,
NR 333 MAVERICK ST,4:53:00 PM,,
NR 333 MAVERICK ST,4:51:00 PM,,
NR 337 SUMMER ST,5:51:00 PM,,
NR 366 HANOVER ST,2:25:00 PM,,
NR 380 STUART ST,5:05:00 PM,,
NR 400 D STREET,12:13:00 PM,,
NR 401 D STREET,12:11:00 PM,,
NR 50 GLOUCESTER ST N-B,4:16:00 PM,,
NR 51 BLOSSOM ST,1:03:00 PM,,
NR 60 BRIGHTON AVE,5:02:00 PM,,
NR 64 PLYMPTON ST,4:17:00 PM,,
NR100 PINCKNEY ST,3:43:00 PM,,
NR100 STATE ST,1:38:00 PM,,
NR105 BEACH ST,12:09:00 PM,,
NR11 DEERFIELD ST,1:20:00 PM,,
NR11 DEERFIELD ST,1:24:00 PM,,
NR11 DEERFIELD ST,1:20:00 PM,,
NR114 EDGERLY RD,1:06:00 PM,,
NR114 EDGERLY RD,1:00:00 PM,,
NR120 WATER ST,4:19:00 PM,,
NR126 HIGH ST,1:20:00 PM,,
NR126 HIGH ST,1:20:00 PM,,
NR1277 COMMONWEALTH AVE,12:10:00 PM,,
NR135 NEWBURY ST C-D,3:20:00 PM,,
NR145 NEWBURY ST C-D,3:15:00 PM,,
NR152 MILK ST,3:58:00 PM,,
NR294 CONGRESS ST,2:07:00 PM,,
NR33 BROAD ST,1:05:00 PM,,
NR365 PARK ST,4:24:00 PM,,
NR4 COLUMBUS AV,4:09:00 PM,,
NR4 COLUMBUS AV,4:04:00 PM,,
NR4 COLUMBUS AVE,4:02:00 PM,,
NR500 BOYLSTON ST,12:28:00 PM,,
NR500 BOYLSTON ST,12:29:00 PM,,
NR66 MARLBOROUGH ST,1:10:00 PM,,
NR7 EXCHANGE PLACE,12:33:00 PM,,
NR736 CAMBRIDGE ST,1:57:00 PM,,
NR745 ATLANTIC AVE,12:42:00 PM,,
NR85 WENDELL ST,1:25:00 PM,,
NR88 BERKELEY ST,4:36:00 PM,,
OLD COLONY AVE / C ST,3:09:00 PM,42.3366,-71.0561
OLD RUTHERFORD AVE / DEVENS ST,2:31:00 PM,42.3734,-71.0641
OLIVER ST / FRANKLIN ST,3:49:00 PM,42.3566,-71.0539
OLIVER ST / FRANKLIN ST,4:00:00 PM,42.3566,-71.0539
OLIVER ST / HIGH ST,2:22:00 PM,42.3561,-71.0532
OLIVER ST / HIGH ST,2:26:00 PM,42.3561,-71.0532
OLIVER ST / HIGH ST,1:22:00 PM,42.3561,-71.0532
OLIVER ST / MILK ST,2:11:00 PM,42.3573,-71.0549
OPERA PL / HUNTINGTON AVE,4:12:00 PM,42.3404,-71.089
OPP  21 LANCASTER ST,2:35:00 PM,,
OPP  342 CHELSEA ST,3:42:00 PM,,
OPP 100 DARTMOUTH ST,12:15:00 PM,,
OPP 100 W 2ND ST,3:02:00 PM,,
OPP 100 W 2ND ST,5:11:00 PM,,
OPP 107 MERRIMAC ST,1:26:00 PM,,
OPP 107 MERRIMAC ST,1:24:00 PM,,
OPP 109 SALEM ST,4:52:00 PM,,
OPP 113 HAVRE ST,2:05:00 PM,,
OPP 116 W 1ST ST,3:07:00 PM,,
OPP 116 W 1ST ST,5:15:00 PM,,
OPP 116 W 1ST ST,5:19:00 PM,,
OPP 116 W 1ST ST,3:09:00 PM,,
OPP 116 W 1ST ST,3:07:00 PM,,
OPP 116 W 1ST ST,3:06:00 PM,,
OPP 116 W 1ST ST,3:05:00 PM,,
OPP 121 CHARLES ST S,5:18:00 PM,,
OPP 131 HAVRE ST,4:16:00 PM,,
OPP 133 PORTLAND ST V-C,2:10:00 PM,,
OPP 15 COURT SQ,1:51:00 PM,,
OPP 161 DEVONSHIRE ST,12:48:00 PM,,
OPP 161 DEVONSHIRE ST,12:47:00 PM,,
OPP 161 DEVONSHIRE ST,12:46:00 PM,,
OPP 161 DEVONSHIRE ST,12:46:00 PM,,
OPP 175 HEMENWAY ST,4:58:00 PM,,
OPP 175 HEMENWAY ST,6:46:00 PM,,
OPP 185 HARRISON AV,4:05:00 PM,,
OPP 2 JACOBBE RD,1:56:00 PM,,
OPP 201 DEVONSHIRE ST,12:43:00 PM,,
OPP 241 A STREET,2:25:00 PM,,
OPP 25 CHESTER ST,5:26:00 PM,,
OPP 250 CAMBRIDGE ST,5:37:00 PM,,
OPP 279 TREMONT ST,6:29:00 PM,,
OPP 285 COLUMBUS AVE,12:19:00 PM,,
OPP 3 LAMARTINE PL,1:02:00 PM,,
OPP 30 FEDERAL ST,1:42:00 PM,,
OPP 300 COMMERCIAL ST,12:18:00 PM,,
OPP 33 STUART ST,3:42:00 PM,,
OPP 332 CONGRESS ST,4:31:00 PM,,
OPP 333 W 4TH ST,1:19:00 PM,,
OPP 337 HANOVER ST,6:20:00 PM,,
OPP 337 SUMMER ST,3:59:00 PM,,
OPP 337 SUMMER ST,3:47:00 PM,,
OPP 337 SUMMER ST,3:42:00 PM,,
OPP 337 SUMMER ST,12:27:00 PM,,
OPP 337 SUMMER ST,3:57:00 PM,,
OPP 337 SUMMER ST,12:29:00 PM,,
OPP 337 SUMMER ST,3:46:00 PM,,
OPP 337 SUMMER ST,3:43:00 PM,,
OPP 337 SUMMER ST,3:44:00 PM,,
OPP 347 CONGRESS ST,4:34:00 PM,,
OPP 347 CONGRESS ST,4:34:00 PM,,
OPP 40 PARK PLAZA,12:33:00 PM,,
OPP 401 D STREET,5:39:00 PM,,
OPP 401 D STREET,12:07:00 PM,,
OPP 401 D STREET,2:52:00 PM,,
OPP 401 D STREET,5:18:00 PM,,
OPP 411 D STREET,12:05:00 PM,,
OPP 411 D STREET,12:03:00 PM,,
OPP 411 D STREET,12:03:00 PM,,
OPP 411 D STREET,12:06:00 PM,,
OPP 45 GAINSBOROUGH ST,3:50:00 PM,,
OPP 45 GAINSBOROUGH ST,3:55:00 PM,,
OPP 52 GLENVILLE AVE,4:29:00 PM,,
OPP 54 GAINSBOROUGH ST,3:53:00 PM,,
OPP 567 TREMONT ST,12:33:00 PM,,
OPP 63 ATLANTIC AVE,12:13:00 PM,,
OPP 66 CANAL ST NC-V,12:05:00 PM,,
OPP 81 RICHMOND ST,3:08:00 PM,,
OPP 82 BROOKLINE AV,1:54:00 PM,,
OPP 90 CANAL ST NC-V,12:09:00 PM,,
OPP 909 BOYLSTON ST H-G,12:53:00 PM,,
OPP 921 BOYLSTON ST H-G,12:52:00 PM,,
OPP10 HIGH ST,12:01:00 PM,,
OPP105 WATER ST,4:23:00 PM,,
OPP105 WATER ST,12:36:00 PM,,
OPP105 WATER ST,1:01:00 PM,,
OPP120 WATER ST,4:21:00 PM,,
OPP121 WATER ST,12:38:00 PM,,
OPP121 WATER ST,12:24:00 PM,,
OPP171 MILK ST,1:14:00 PM,,
OPP171 MILK ST,4:12:00 PM,,
OPP175 HEMENWAY ST,6:45:00 PM,,
OPP175 HEMENWAY ST,6:46:00 PM,,
OPP21 BOURNESIDE ST,1:03:00 PM,,
OPP30 EVANS WY,3:47:00 PM,,
OPP30 EVANS WY,3:51:00 PM,,
OPP450 BROOKLINE AVE,4:17:00 PM,,
OPP75 NORTHERN AV,12:29:00 PM,,
OPP75 NORTHERN AV,12:30:00 PM,,
OPP777 CENTRE ST,1:52:00 PM,,
OPP777 CENTRE ST,1:51:00 PM,,
OPP78 CHARLES ST S,5:06:00 PM,,
OPP79 WENSLEY ST,2:10:00 PM,,
OPP83 WENSLEY ST,2:09:00 PM,,
OPP9 BROAD ST C-S,3:53:00 PM,,
OPP9 BROAD ST C-S,12:17:00 PM,,
OVERLAND ST / BROOKLINE AVE,5:09:00 PM,42.3461,-71.0997
OVERLAND ST / BROOKLINE AVE,5:08:00 PM,42.3461,-71.0997
PARK PLAZA / HADASSAH WAY,12:35:00 PM,42.3516,-71.0689
PARK PLAZA / HADASSAH WAY,3:55:00 PM,42.3516,-71.0689
PARKER ST / HUNTINGTON AVE,4:46:00 PM,42.3391,-71.0923
PAUL SULLIVAN WAY / HARRISON AVE,12:50:00 PM,42.3429,-71.0651
PEARL ST / FRANKLIN ST,1:04:00 PM,42.3561,-71.0549
PEARL ST / FRANKLIN ST,4:06:00 PM,42.3561,-71.0549
PEARL ST / HIGH ST,2:08:00 PM,42.3552,-71.054
PEARL ST / HIGH ST,12:26:00 PM,42.3552,-71.054
PRICE RD / GLENVILLE AVE,4:31:00 PM,42.3495,-71.1347
PROVINCE CT / PROVINCE ST,3:14:00 PM,42.3571,-71.0599
RALEIGH ST / BAY STATE ROAD,1:33:00 PM,42.3499,-71.0953
RALEIGH ST / BAY STATE ROAD,1:30:00 PM,42.3499,-71.0953
RUTLAND ST / WASHINGTON ST,5:27:00 PM,42.3384,-71.0743
SARATOGA ST / BYRON ST,5:58:00 PM,42.384,-71.0166
SEVENTH STREET / 1ST AVE,6:06:00 PM,,
SEVENTH STREET / 1ST AVE,6:05:00 PM,,
SIXTH STREET / 1ST AVE,5:56:00 PM,,
SIXTH STREET / 3RD AVE,5:55:00 PM,42.3754,-71.0553
SOUTH ST / CENTRE ST,3:22:00 PM,42.2882,-71.1447
ST BOTOLPH ST / MASSACHUSETTS AVE,1:51:00 PM,42.3421,-71.0841
ST CECILIA ST / BELVIDERE ST,3:38:00 PM,42.3464,-71.0867
ST CECILIA ST / BELVIDERE ST,5:35:00 PM,42.3464,-71.0867
ST MARTIN ST / MEDFORD ST,12:48:00 PM,42.3833,-71.0676
STATE ST / MERCHANTS ROW,2:01:00 PM,42.3591,-71.0554
STUART ST / BERKELEY ST,4:11:00 PM,42.3495,-71.0722
STUART ST / BERKELEY ST,3:47:00 PM,42.3495,-71.0722
STUART ST / BERKELEY ST,3:48:00 PM,42.3495,-71.0722
STUART ST / BERKELEY ST,3:40:00 PM,42.3495,-71.0722
STUART ST / TREMONT ST,6:06:00 PM,42.3511,-71.0649
SUDBURY ST / CAMBRIDGE ST,1:32:00 PM,42.3609,-71.0613
SUMMER ST / ELM ST,12:07:00 PM,42.3773,-71.0639
SUMMER ST / WORLD TRADE CENTER AVE,5:48:00 PM,,
SUMMER ST / WORLD TRADE CENTER AVE,12:23:00 PM,,
SUMMER ST / WORLD TRADE CENTER AVE,3:40:00 PM,,
TREMONT ST / BURNEY ST,12:14:00 PM,42.3323,-71.0993
TREMONT ST / DARTMOUTH ST,6:47:00 PM,42.3428,-71.0737
TREMONT ST / OAK ST,4:28:00 PM,42.3486,-71.0655
TREMONT ST / OAK ST,4:30:00 PM,42.3486,-71.0655
TREMONT ST / PARKER ST,12:16:00 PM,42.3318,-71.0972
TREMONT ST / SCHOOL ST,12:40:00 PM,42.358,-71.0604
TREMONT ST / SCHOOL ST,12:38:00 PM,42.358,-71.0604
TREMONT ST / STUART ST,12:19:00 PM,42.3511,-71.0649
TREMONT ST / STUART ST,6:33:00 PM,42.3511,-71.0649
TREMONT ST / STUART ST,3:34:00 PM,42.3511,-71.0649
TREMONT ST / STUART ST,6:31:00 PM,42.3511,-71.0649
TUFTS ST / LINCOLN ST,3:41:00 PM,42.3517,-71.0582
TYLER ST / KNEELAND ST,1:36:00 PM,42.3504,-71.0609
VALENTI WAY / CANAL ST,2:54:00 PM,42.3643,-71.0599
VALENTI WAY / CANAL ST,12:14:00 PM,42.3643,-71.0599
VALENTI WAY / CANAL ST,12:14:00 PM,42.3643,-71.0599
VALENTI WAY / FRIEND ST,12:26:00 PM,42.364,-71.0605
VALENTI WAY / FRIEND ST,2:13:00 PM,42.364,-71.0605
VALENTI WAY / FRIEND ST,1:20:00 PM,42.364,-71.0605
VALENTI WAY / PORTLAND ST,1:23:00 PM,42.3637,-71.061
W BROADWAY / F ST,4:30:00 PM,42.3368,-71.0478
W NEWTON ST / HUNTINGTON AVE,12:23:00 PM,42.3454,-71.0818
WALFORD WAY / CARNEY CT,12:08:00 PM,42.3793,-71.0601
WALNUT PARK / WALNUT AVE,12:02:00 PM,42.3141,-71.0941
WALNUT PARK / WALNUT AVE,12:03:00 PM,42.3141,-71.0941
WARD ST / PARKER ST,1:59:00 PM,42.3348,-71.095
WARREN ST / WINTHROP ST,12:29:00 PM,42.3737,-71.0617
WASHINGTON ST / *AT PUBLIC LOT,3:01:00 PM,,
WASHINGTON ST / *AT PUBLIC LOT,3:12:00 PM,,
WASHINGTON ST / *AT PUBLIC LOT,3:03:00 PM,,
WASHINGTON ST / *AT PUBLIC LOT,3:13:00 PM,,
WASHINGTON ST / *AT PUBLIC LOT,3:00:00 PM,,
WASHINGTON ST / *AT PUBLIC LOT,3:02:00 PM,,
WASHINGTON ST / *AT PUBLIC LOT,3:14:00 PM,,
WASHINGTON ST / *AT PUBLIC LOT,3:08:00 PM,,
WASHINGTON ST / *AT PUBLIC LOT,3:15:00 PM,,
WASHINGTON ST / *AT PUBLIC LOT,12:33:00 PM,,
WASHINGTON ST / *AT PUBLIC LOT,3:07:00 PM,,
WASHINGTON ST / *AT PUBLIC LOT,2:59:00 PM,,
WASHINGTON ST / *AT PUBLIC LOT,3:10:00 PM,,
WASHINGTON ST / *AT PUBLIC LOT,3:11:00 PM,,
WASHINGTON ST / *AT PUBLIC LOT,3:05:00 PM,,
WASHINGTON ST / *AT PUBLIC LOT,3:04:00 PM,,
WASHINGTON ST / E CONCORD ST,4:37:00 PM,42.3379,-71.0749
WASHINGTON ST / E CONCORD ST,5:56:00 PM,42.3379,-71.0749
WASHINGTON ST / E NEWTON ST,5:37:00 PM,42.3389,-71.0736
WASHINGTON ST / E NEWTON ST,12:53:00 PM,42.3389,-71.0736
WASHINGTON ST / E NEWTON ST,12:53:00 PM,42.3389,-71.0736
WASHINGTON ST / E SPRINGFIELD ST,3:47:00 PM,42.337,-71.0763
WASHINGTON ST / LYNDHURST ST,12:27:00 PM,42.2923,-71.0718
WASHINGTON ST / NASSAU ST,12:07:00 PM,,
WASHINGTON ST / NEWCOMB ST,12:26:00 PM,42.3346,-71.0793
WASHINGTON ST / OAK ST W,6:24:00 PM,42.3484,-71.0641
WASHINGTON ST / ROSEDALE ST,12:25:00 PM,42.2929,-71.0718
WASHINGTON ST / ROSEDALE ST,12:23:00 PM,42.2929,-71.0718
WASHINGTON ST / SOUTHERN AVE,12:41:00 PM,42.291,-71.0717
WASHINGTON ST / STATE ST,12:05:00 PM,42.3588,-71.0578
WASHINGTON ST / TALBOT AVE,12:44:00 PM,42.2902,-71.0716
WASHINGTON ST / W DEDHAM ST,3:30:00 PM,42.3408,-71.0707
WASHINGTON ST / WATER ST,1:47:00 PM,42.3577,-71.0581
WASHINGTON ST / WINTER ST,4:11:00 PM,42.3555,-71.0605
WATER ST / BATTERYMARCH ST,12:26:00 PM,42.3579,-71.0551
WATER ST / DEVONSHIRE ST,12:56:00 PM,42.3576,-71.0573
WELLES AVE / DORCHESTER AVE,4:08:00 PM,42.2899,-71.0632
WESTGLOW ST / ADAMS ST,5:17:00 PM,42.2888,-71.0556
WHITBY ST / FORD ST,5:53:00 PM,42.3873,-71.0074
X  68 EDGERLY RD,3:55:00 PM,,
X 1 UNION ST,2:06:00 PM,,
X 100 W CONCORD ST,3:57:00 PM,,
X 109 E CANTON ST,4:00:00 PM,,
X 110 STUART ST,1:02:00 PM,,
X 110 STUART ST,1:03:00 PM,,
X 20 CITY SQ,1:26:00 PM,,
X 20 CITY SQ,1:26:00 PM,,
X 200 BERKELEY ST,3:33:00 PM,,
X 200 BERKELEY ST,3:33:00 PM,,
X 24 CLINTON ST,1:54:00 PM,,
X 252 TREMONT ST,1:08:00 PM,,
X 316 STUART ST,3:42:00 PM,,
X 33 UNION ST,2:29:00 PM,,
X 33 UNION ST,2:27:00 PM,,
X 368 MAIN ST,1:03:00 PM,,
X 370 STUART ST,5:07:00 PM,,
X 447 W BROADWAY,5:49:00 PM,,
X 447 W BROADWAY,5:43:00 PM,,
X 52 PLYMPTON ST,4:20:00 PM,,
X 535 NEWBURY ST EXT,1:46:00 PM,,
X 595 ALBANY ST,3:56:00 PM,,
X 68 EDGERLY RD,3:54:00 PM,,
X 75 BERKELEY ST,6:17:00 PM,,
X 99 E CANTON ST,4:02:00 PM,,
X100 DEERFIELD ST,3:45:00 PM,,
X100 DEERFIELD ST,3:45:00 PM,,
X100 DEERFIELD ST,5:18:00 PM,,
X103 SOUTH ST,5:59:00 PM,,
X105 BEACH ST,12:10:00 PM,,
X107 MERRIMAC ST,12:45:00 PM,,
X107 MERRIMAC ST,2:14:00 PM,,
X107 SOUTH ST,3:03:00 PM,,
X11 AV DE LAFAYETTE,12:59:00 PM,,
X11 AV DE LAFAYETTE,3:19:00 PM,,
X111 BEACH ST,1:06:00 PM,,
X116 WARREN ST,2:01:00 PM,,
X126 N WASHINGTON ST,4:51:00 PM,,
X137 CHARLES ST,12:33:00 PM,,
X15 UNION ST,12:25:00 PM,,
X157 W CONCORD ST,4:09:00 PM,,
X161 DEVONSHIRE ST,2:56:00 PM,,
X172 BEACON ST,5:07:00 PM,,
X179 SOUTH ST,12:56:00 PM,,
X179 SOUTH ST,3:07:00 PM,,
X180 LINCOLN ST,3:29:00 PM,,
X181 DEVONSHIRE ST,2:24:00 PM,,
X19 HAWLEY ST,12:23:00 PM,,
X19 HAWLEY ST,12:23:00 PM,,
X2 RALEIGH ST,1:29:00 PM,,
X2 SILBER WY,3:53:00 PM,,
X2 SILBER WY,3:55:00 PM,,
X20 CHARLES ST,12:14:00 PM,,
X20 STANIFORD ST,3:44:00 PM,,
X200 LINCOLN ST,3:31:00 PM,,
X200 LINCOLN ST,3:30:00 PM,,
X210 LINCOLN ST,3:32:00 PM,,
X214 LINCOLN ST,1:14:00 PM,,
X214 LINCOLN ST,3:38:00 PM,,
X22 CLINTON ST,1:37:00 PM,,
X22 CLINTON ST,1:14:00 PM,,
X22 CLINTON ST,1:15:00 PM,,
X22 CLINTON ST,1:39:00 PM,,
X22 N ANDERSON ST,5:39:00 PM,,
X241 ST BOTOLPH ST,1:51:00 PM,,
X241 ST BOTOLPH ST,1:55:00 PM,,
X241 ST BOTOLPH ST,1:50:00 PM,,
X241 ST BOTOLPH ST,1:47:00 PM,,
X241 ST BOTOLPH ST,1:49:00 PM,,
X241 ST BOTOLPH ST,1:46:00 PM,,
X241 ST BOTOLPH ST,1:46:00 PM,,
X241 ST BOTOLPH ST,1:47:00 PM,,
X27 BELMONT ST,3:41:00 PM,,
X272 BOYLSTON ST,3:38:00 PM,,
X272 BOYLSTON ST A-C ST S,6:00:00 PM,,
X272 BOYLSTON ST A-C ST S,6:03:00 PM,,
X28 CHARLES ST,12:13:00 PM,,
X300 BOYLSTON ST A-C ST S,5:00:00 PM,,
X300 BOYLSTON ST A-C ST S,6:08:00 PM,,
X300 BOYLSTON ST A-C ST S,3:36:00 PM,,
X300 BOYLSTON ST A-C ST S,6:06:00 PM,,
X300 BOYLSTON ST A-C ST S,6:04:00 PM,,
X300 BOYLSTON ST A-C ST S,6:05:00 PM,,
X33 ARCH ST,12:49:00 PM,,
X42 CHAUNCY ST,12:14:00 PM,,
X446 W BROADWAY,5:43:00 PM,,
X450 BROOKLINE AVE,12:55:00 PM,,
X474 BROOKLINE AV,2:15:00 PM,,
X474 BROOKLINE AV,2:16:00 PM,,
X48 MONUMENT SQ,4:02:00 PM,,
X480 TREMONT ST,12:57:00 PM,,
X488 TREMONT ST,3:35:00 PM,,
X496 TREMONT ST,5:55:00 PM,,
X50 STANIFORD ST,2:10:00 PM,,
X500 BOYLSTON ST,12:19:00 PM,,
X53 MARLBOROUGH ST,1:32:00 PM,,
X55 HARVARD ST,4:10:00 PM,,
X55 HARVARD ST,4:10:00 PM,,
X55 UNION ST,12:28:00 PM,,
X6 GLENVILLE AVE,2:06:00 PM,,
X60 CHARLES ST,12:07:00 PM,,
X640 COMMONWEALTH AVE,4:04:00 PM,,
X66 DECATUR ST,2:56:00 PM,,
X69 CHARLES ST S,3:31:00 PM,,
X695 ATLANTIC AVE,4:49:00 PM,,
X695 ATLANTIC AVE,4:32:00 PM,,
X695 ATLANTIC AVE,3:49:00 PM,,
X72 BEACON ST,2:18:00 PM,,
X74 BEACON ST,2:18:00 PM,,
X745 ATLANTIC AV,4:41:00 PM,,
X745 ATLANTIC AV,12:39:00 PM,,
X745 ATLANTIC AV,4:43:00 PM,,
X78 BEACON ST,2:17:00 PM,,
X79 BEACON ST,2:16:00 PM,,
X8 MONUMENT SQ,4:00:00 PM,,
X80 BLOSSOM ST,12:56:00 PM,,
X80 BLOSSOM ST,12:55:00 PM,,
X87 BEACON ST,2:14:00 PM,,
X88 BEACH ST,1:24:00 PM,,
X88 BEACH ST,2:18:00 PM,,
X88 BEACON ST,2:13:00 PM,,
X88 BERKELEY ST,4:40:00 PM,,
X89 BEACON ST,2:09:00 PM,,
X89 SOUTH ST,3:01:00 PM,,
X9 MOULTON ST,3:21:00 PM,,
X90 BEACON ST,2:09:00 PM,,
X90 BEACON ST,2:08:00 PM,,
X97 BUNKER HILL ST,3:16:00 PM,,
X98 DECATUR ST,2:57:00 PM,,
X98 DECATUR ST,2:58:00 PM,,
X98 DECATUR ST,5:10:00 PM,,
YAWKEY WAY / VAN NESS ST,5:30:00 PM,42.3454,-71.0982
YAWKEY WY / BOYLSTON ST,5:34:00 PM,42.3446,-71.0978
