location,time,latitude,longitude
*AT PUBLIC LOT / E BROADWAY,3:09:00 PM,,
*AT PUBLIC LOT / E BROADWAY,5:23:00 PM,,
*AT PUBLIC LOT / E BROADWAY,5:21:00 PM,,
*AT PUBLIC LOT / E BROADWAY,3:06:00 PM,,
*AT PUBLIC LOT / E BROADWAY,3:09:00 PM,,
*AT PUBLIC LOT / E BROADWAY,3:08:00 PM,,
*AT PUBLIC LOT / E BROADWAY,5:22:00 PM,,
*AT PUBLIC LOT / W BROADWAY,3:29:00 PM,,
*AT PUBLIC LOT / W BROADWAY,3:30:00 PM,,
*AT PUBLIC LOT / W BROADWAY,5:38:00 PM,,
*AT PUBLIC LOT / W BROADWAY,1:09:00 PM,,
*AT PUBLIC LOT / W BROADWAY,5:37:00 PM,,
*AT PUBLIC LOT / W BROADWAY,3:25:00 PM,,
*AT PUBLIC LOT / W BROADWAY,3:29:00 PM,,
*AT PUBLIC LOT / W BROADWAY,5:36:00 PM,,
*AT PUBLIC LOT / W BROADWAY,3:24:00 PM,,
*AT PUBLIC LOT / W BROADWAY,3:31:00 PM,,
*AT PUBLIC LOT / W BROADWAY,5:38:00 PM,,
*AT PUBLIC LOT / W BROADWAY,3:28:00 PM,,
1 BURROUGH ST LOT,3:56:00 PM,,
1 BURROUGH ST LOT,3:52:00 PM,,
1 BURROUGH ST LOT,4:00:00 PM,,
1 BURROUGH ST LOT,3:59:00 PM,,
1 BURROUGH ST LOT,3:59:00 PM,,
1 BURROUGH ST LOT,3:51:00 PM,,
1 BURROUGH ST LOT,3:58:00 PM,,
1 BURROUGH ST LOT,1:12:00 PM,,
1 BURROUGH ST LOT,3:56:00 PM,,
1 BURROUGH ST LOT,3:51:00 PM,,
1 BURROUGH ST LOT,3:48:00 PM,,
1 BURROUGH ST LOT,3:55:00 PM,,
1 BURROUGH ST LOT,3:50:00 PM,,
1 BURROUGH ST LOT,3:49:00 PM,,
1 BURROUGH ST LOT,3:50:00 PM,,
1 BURROUGH ST LOT,3:54:00 PM,,
1 CHURCH ST,4:41:00 PM,,
1 COLUMBUS AVE,5:37:00 PM,,
1 COLUMBUS AVE,5:39:00 PM,,
1 COLUMBUS AVE,5:40:00 PM,,
1 COLUMBUS AVE,5:40:00 PM,,
1 COLUMBUS AVE,4:45:00 PM,,
1 COLUMBUS AVE,4:32:00 PM,,
1 ELIOT ST,4:43:00 PM,,
1 HUNTINGTON AV,3:38:00 PM,42.3488,-71.0781
1 INDIA ST,12:20:00 PM,,
1 INDIA ST,12:21:00 PM,,
1 INDIA ST,12:19:00 PM,,
1 INDIA ST,12:21:00 PM,,
1 INDIA ST,12:20:00 PM,,
1 INDIA ST,1:40:00 PM,,
1 INDIA ST,12:19:00 PM,,
1 NEWBURY ST A-B,4:54:00 PM,,
1 TOWER ST,3:02:00 PM,,
1 UNION ST,1:17:00 PM,,
1 WOODLAWN ST,3:05:00 PM,,
10 ARLINGTON ST,4:30:00 PM,42.3543,-71.0722
10 BEACON ST,3:55:00 PM,,
10 BEACON ST,12:17:00 PM,,
10 BEACON ST,12:15:00 PM,,
10 BOWDOIN ST,1:01:00 PM,42.3605,-71.0625
10 HYDE PARK AVE,3:03:00 PM,42.2996,-71.1135
100 BROOKLINE AV,5:49:00 PM,42.346,-71.0994
100 BROOKLINE AV,5:51:00 PM,42.346,-71.0994
100 EAST NEWTON ST,4:19:00 PM,42.3363,-71.0702
100 MILK ST,5:41:00 PM,42.3572,-71.0555
100 N WASHINGTON,4:06:00 PM,,
100 NORTHERN AV,2:04:00 PM,42.3529,-71.0431
100 NORTHERN AV,1:52:00 PM,42.3529,-71.0431
100 STATE ST,2:05:00 PM,42.3592,-71.0551
100 TREMONT ST,1:43:00 PM,42.3507,-71.1727
101 BROOKLINE AV,5:53:00 PM,,
101 BROOKLINE AVE,5:52:00 PM,,
1018 COMMONWEALTH AVE,1:16:00 PM,,
102 SOUTH ST,1:21:00 PM,42.3511,-71.0571
103 ARCH ST,6:36:00 PM,42.3549,-71.0589
103 ARCH ST,1:23:00 PM,42.3549,-71.0589
103 ARCH ST,3:28:00 PM,42.3549,-71.0589
103 ARCH ST,3:26:00 PM,42.3549,-71.0589
103 ARCH ST,12:05:00 PM,42.3549,-71.0589
103 ARCH ST,1:00:00 PM,42.3549,-71.0589
103 ARCH ST,6:37:00 PM,42.3549,-71.0589
103 ARCH ST,4:16:00 PM,42.3549,-71.0589
103 ARCH ST,1:05:00 PM,42.3549,-71.0589
103 ARCH ST,4:17:00 PM,42.3549,-71.0589
103 ARCH ST,4:15:00 PM,42.3549,-71.0589
103 ARCH ST,12:01:00 PM,42.3549,-71.0589
103 CHARLES ST,2:10:00 PM,42.3591,-71.0705
1048 DORCHESTER AVE,6:03:00 PM,42.3151,-71.056
105 BROOKLINE AV,5:54:00 PM,,
105 WATER ST,3:47:00 PM,,
105 WATER ST,1:26:00 PM,,
107 CHARLES ST,1:11:00 PM,42.3592,-71.0705
107 CHARLES ST,3:37:00 PM,42.3592,-71.0705
107 N WASHINGTON,5:08:00 PM,,
108 BROOKLINE AVE,12:35:00 PM,,
108 BROOKLINE AVE,6:25:00 PM,,
108 BROOKLINE AVE,12:35:00 PM,,
1088 BENNINGTON ST,2:13:00 PM,42.388,-71.0034
1088 BENNINGTON ST,2:14:00 PM,42.388,-71.0034
109 CHARLES ST,2:10:00 PM,42.3593,-71.0705
109 NONANTUM ST,4:32:00 PM,42.3502,-71.1725
1098 BENNINGTON ST,2:15:00 PM,42.388,-71.0029
11 AV DE LAFAYETTE,1:52:00 PM,,
11 AV DE LAFAYETTE,1:55:00 PM,,
11 NEWBURY ST A-B,4:56:00 PM,,
11 PARK ST,12:01:00 PM,42.2631,-71.1202
11 TYLER ST,2:50:00 PM,42.2465,-71.1254
110 HIGH ST,1:23:00 PM,,
110 HIGH ST,1:22:00 PM,,
110 HIGH ST,1:24:00 PM,,
111 BEACON ST,3:10:00 PM,42.355,-71.0732
111 BEACON ST,3:14:00 PM,42.355,-71.0732
111 BEACON ST,3:11:00 PM,42.355,-71.0732
1111 COMMONWEALTH AV,3:53:00 PM,42.352,-71.1262
114 NEWBURY ST C-D,2:39:00 PM,,
115 HAVRE ST,12:00:00 PM,42.3727,-71.0382
115 NEWBURY ST,4:58:00 PM,42.3515,-71.0762
115 NEWBURY ST,5:42:00 PM,42.3515,-71.0762
115 NEWBURY ST,1:17:00 PM,42.3515,-71.0762
115 NEWBURY ST,3:31:00 PM,42.3515,-71.0762
115 W 1ST ST,12:12:00 PM,,
116 HARVARD AVE,2:09:00 PM,42.3525,-71.1317
117 N WASHINGTON,3:00:00 PM,,
117 NEWBURY ST C-D,2:33:00 PM,,
117 WATER ST,12:15:00 PM,42.3581,-71.0546
117 WATER ST,12:15:00 PM,42.3581,-71.0546
119 HAVRE ST,5:43:00 PM,42.3728,-71.0382
12 BEACON ST,12:14:00 PM,42.3578,-71.0623
12 HYDE PARK AVE,3:04:00 PM,,
12 WALL ST,12:20:00 PM,42.3798,-71.0656
120 BOYLSTON ST,3:55:00 PM,42.3176,-71.1037
120 BROOKLINE AV,3:52:00 PM,42.3456,-71.0999
120 BROOKLINE AV,4:00:00 PM,42.3456,-71.0999
120 CAMBRIDGE ST,12:51:00 PM,42.361,-71.0633
120 CHARLES ST,2:10:00 PM,42.3592,-71.0709
120 CHARLES ST,2:12:00 PM,42.3592,-71.0709
120 STATE ST,2:53:00 PM,,
120 STATE ST,3:22:00 PM,,
120 WATER ST,5:50:00 PM,42.3583,-71.0546
121 HAVRE ST,5:43:00 PM,42.3728,-71.0381
121 WATER ST,2:30:00 PM,42.3581,-71.0546
123 CAMBRIDGE ST,12:10:00 PM,42.3824,-71.0805
123 N WASHINGTON,3:02:00 PM,,
123 SOUTH ST,1:19:00 PM,42.3513,-71.0575
1230 COMMONWEALTH AVE,5:51:00 PM,42.3498,-71.131
124 BEACON ST,3:09:00 PM,42.3552,-71.0744
124 BEACON ST,3:07:00 PM,42.3552,-71.0744
124 DORCHESTER ST,6:41:00 PM,,
1243 COMMONWEALTH AV,4:01:00 PM,,
1245 COMMONWEALTH AV,5:31:00 PM,,
1247 COMMONWEALTH AV,4:03:00 PM,42.3503,-71.132
1247 COMMONWEALTH AV,5:32:00 PM,42.3503,-71.132
1249 BOYLSTON ST,5:37:00 PM,42.3454,-71.0958
1249 BOYLSTON ST,6:58:00 PM,42.3454,-71.0958
1249 BOYLSTON ST,6:59:00 PM,42.3454,-71.0958
1249 BOYLSTON ST,6:59:00 PM,42.3454,-71.0958
125 HIGH ST,2:26:00 PM,42.3553,-71.0531
125 HIGH ST,2:28:00 PM,42.3553,-71.0531
125 WEBSTER ST,3:20:00 PM,42.3662,-71.0362
1251 COMMONWEALTH AVE,4:04:00 PM,42.3501,-71.1326
126 HIGH ST,5:17:00 PM,42.3556,-71.0539
126 HIGH ST,1:17:00 PM,42.3556,-71.0539
126 NEWBURY ST,6:07:00 PM,42.351,-71.0764
126 NEWBURY ST,12:16:00 PM,42.351,-71.0764
1265 BOYLSTON ST,5:37:00 PM,42.3453,-71.0964
127 CHARLES ST,12:12:00 PM,42.3599,-71.0706
127 WEBSTER ST,3:19:00 PM,42.3662,-71.0361
128 BRIGHTON AVE,2:10:00 PM,42.3526,-71.1313
1295 YAWKEY WY,5:25:00 PM,,
13 BOWDOIN ST,2:00:00 PM,42.2994,-71.0726
130 OCALLAGHAN WAY,6:22:00 PM,42.3259,-71.055
131 DARTMOUTH ST,4:04:00 PM,42.3466,-71.0754
131 HAVRE ST,5:45:00 PM,42.373,-71.0379
131 NEWBURY ST,12:34:00 PM,42.3513,-71.0769
131 OLIVER ST,1:16:00 PM,,
131 WASHINGTON ST,3:10:00 PM,42.3453,-71.1451
1310 COMMONWEALTH AV,5:40:00 PM,42.3483,-71.1341
1310 COMMONWEALTH AV,5:39:00 PM,42.3483,-71.1341
1312 COMMONWEALTH AV,5:41:00 PM,,
1316 COMMONWEALTH AV,5:42:00 PM,,
1316 COMMONWEALTH AV,5:45:00 PM,,
1316 COMMONWEALTH AV,5:43:00 PM,,
132 NEWBURY ST,1:18:00 PM,42.3509,-71.0767
133 BROOKLINE AV,4:02:00 PM,,
133 FEDERAL ST,2:45:00 PM,42.3543,-71.0566
133 PEARL ST,2:19:00 PM,,
135 EMERSON ST,12:50:00 PM,42.3354,-71.0395
135 NEWBURY ST C-D,5:04:00 PM,,
136 HARRISON AVE,6:52:00 PM,42.3498,-71.0615
136 HARRISON AVE,6:53:00 PM,42.3498,-71.0615
136 HARRISON AVE,6:54:00 PM,42.3498,-71.0615
1365 BOYLSTON ST,6:51:00 PM,,
1365 BOYLSTON ST,6:50:00 PM,,
1365 BOYLSTON ST,4:13:00 PM,,
1365 BOYLSTON ST,4:11:00 PM,,
1365 BOYLSTON ST,4:10:00 PM,,
137 NEWBURY ST,1:01:00 PM,42.3513,-71.0771
138 CHARLES ST,12:40:00 PM,42.3597,-71.071
139 CHARLES ST,12:35:00 PM,42.3602,-71.0706
139 PARIS ST,4:05:00 PM,42.373,-71.0367
14 BOWDOIN ST,4:04:00 PM,42.2997,-71.073
14 BOWDOIN ST,4:05:00 PM,42.2997,-71.073
14 EDGERLY RD,12:06:00 PM,42.3461,-71.0879
14 EDGERLY RD,12:06:00 PM,42.3461,-71.0879
14 NEWBURY ST,4:57:00 PM,42.3522,-71.072
140 CLARENDON ST,12:10:00 PM,42.3486,-71.0744
140 N WASHINGTON,4:09:00 PM,,
1408 CENTRE ST,3:16:00 PM,42.294,-71.1361
1408 CENTRE ST,3:17:00 PM,42.294,-71.1361
1408 CENTRE ST,3:18:00 PM,42.294,-71.1361
141 CHARLES ST,12:38:00 PM,42.3603,-71.0706
141 CHARLES ST,12:37:00 PM,42.3603,-71.0706
141 NEWBURY ST C-D,2:30:00 PM,,
141 PARIS ST,12:09:00 PM,42.3731,-71.0366
141 W BROADWAY,3:39:00 PM,,
144 NEWBURY ST,3:27:00 PM,42.3508,-71.0772
144 NEWBURY ST C-D,2:26:00 PM,,
145 CHARLES ST,3:24:00 PM,,
145 PROVIDENCE ST,2:01:00 PM,42.2672,-71.1219
145 WASHINGTON ST,3:07:00 PM,42.3462,-71.1455
1472 WASHINGTON ST,12:50:00 PM,,
148 CAMBRIDGE ST,2:23:00 PM,42.361,-71.0643
148 CAMBRIDGE ST,12:46:00 PM,42.361,-71.0643
15 COURT SQ,12:11:00 PM,42.3582,-71.0587
15 COURT SQ,2:31:00 PM,42.3582,-71.0587
15 GARRISON ST,12:44:00 PM,42.346,-71.0799
15 GARRISON ST,12:45:00 PM,42.346,-71.0799
15 SAINT GEORGE STREET,12:05:00 PM,42.3381,-71.0724
15 UNION ST,2:30:00 PM,42.3609,-71.0567
150 BROOKLINE AV,4:06:00 PM,42.3446,-71.101
150 BROOKLINE AV,1:55:00 PM,42.3446,-71.101
150 BROOKLINE AV,4:05:00 PM,42.3446,-71.101
150 BROOKLINE AV,12:56:00 PM,42.3446,-71.101
150 HARRISON AV,4:01:00 PM,42.3494,-71.0618
150 HARRISON AV,3:58:00 PM,42.3494,-71.0618
150 HARRISON AVE,6:55:00 PM,42.3494,-71.0618
150 HUNTINGTON AV,3:44:00 PM,,
150 HUNTINGTON AV,4:48:00 PM,,
150 HUNTINGTON AV,4:50:00 PM,,
150 NEWBURY ST,5:49:00 PM,42.3506,-71.078
150 NEWBURY ST D-E,5:08:00 PM,,
150 NEWBURY ST D-E,5:07:00 PM,,
151 CAMBRIDGE ST,12:44:00 PM,42.3615,-71.065
151 CHARLES ST,3:22:00 PM,42.3605,-71.0706
151 ORLEANS ST,2:45:00 PM,,
151 ORLEANS ST,2:45:00 PM,,
151 ORLEANS ST,2:48:00 PM,,
151 ORLEANS ST,2:46:00 PM,,
151 ORLEANS ST,2:47:00 PM,,
151 ORLEANS ST,2:46:00 PM,,
154 STUART ST,1:08:00 PM,,
154 STUART ST,1:08:00 PM,,
155 BERKELEY ST,5:46:00 PM,,
156 BROOKLINE AV,4:08:00 PM,,
156 CAMBRIDGE ST,12:45:00 PM,42.361,-71.0647
156 CAMBRIDGE ST,12:44:00 PM,42.361,-71.0647
156 MILK ST,12:53:00 PM,42.3587,-71.0528
156 PORTER ST,5:00:00 PM,42.3713,-71.0325
156 PORTER ST,12:50:00 PM,42.3713,-71.0325
157 BERKELEY ST,3:38:00 PM,42.3494,-71.0718
157 NEWBURY ST,12:57:00 PM,42.3509,-71.0785
16 CHELSEA ST,4:10:00 PM,42.3705,-71.0383
16 HYDE PARK AVE,3:04:00 PM,42.2995,-71.1136
16 PIEDMONT ST,5:06:00 PM,42.3499,-71.0679
16 STILLMAN ST,12:51:00 PM,42.3637,-71.0565
160 ST ALPHONSUS ST,1:32:00 PM,42.3318,-71.1018
161 DEVONSHIRE ST,4:25:00 PM,42.3563,-71.0575
161 DEVONSHIRE ST,4:25:00 PM,42.3563,-71.0575
162 COLUMBUS AV,4:48:00 PM,42.3493,-71.0706
162 COLUMBUS AV,4:47:00 PM,42.3493,-71.0706
163 COTTAGE ST,12:53:00 PM,42.3699,-71.0326
164 NEWBURY ST,12:48:00 PM,42.3504,-71.0786
164 NEWBURY ST,12:49:00 PM,42.3504,-71.0786
1640 WASHINGTON ST,4:20:00 PM,42.3376,-71.0749
1663 BLUE HILL AVE,12:02:00 PM,42.2679,-71.0942
1670 WASHINGTON ST,4:23:00 PM,42.3374,-71.0753
17 BOWDOIN ST,6:00:00 PM,42.3606,-71.0631
17 BOWDOIN ST,6:03:00 PM,42.3606,-71.0631
17 COTTAGE ST,3:23:00 PM,42.3661,-71.0363
17 COURT ST,12:30:00 PM,42.3593,-71.0583
17 COURT ST,12:31:00 PM,42.3593,-71.0583
170 MILK ST,12:07:00 PM,,
172 NEWBURY ST D-E,3:07:00 PM,,
173 NEWBURY ST,12:12:00 PM,42.3507,-71.0792
173 NEWBURY ST,12:11:00 PM,42.3507,-71.0792
175 CANAL ST V-C,2:33:00 PM,,
175 HEMENWAY ST,5:17:00 PM,42.3412,-71.0913
175 PORTLAND ST,2:27:00 PM,42.3644,-71.0616
176 COMMONWEALTH AVE,4:44:00 PM,42.3511,-71.0793
176 NEWBURY ST D-E,12:16:00 PM,,
179 LINCOLN ST,3:45:00 PM,42.3505,-71.059
179 LINCOLN ST,1:29:00 PM,42.3505,-71.059
179 LINCOLN ST,3:44:00 PM,42.3505,-71.059
179 SOUTH ST,2:02:00 PM,,
179 SOUTH ST,2:03:00 PM,,
18 BIRCH ST,3:31:00 PM,,
18 BIRCH ST,3:30:00 PM,,
18 COTTAGE ST,3:22:00 PM,42.3662,-71.0367
18 NEWBURY ST A-B,4:58:00 PM,,
18 NEWBURY ST A-B,4:59:00 PM,,
180 BERKELEY ST,4:18:00 PM,,
180 CANAL ST V-C,1:20:00 PM,,
180 NEWBURY ST D-E,12:14:00 PM,,
181 DEVONSHIRE ST,1:02:00 PM,42.3561,-71.0575
181 DEVONSHIRE ST,2:05:00 PM,42.3561,-71.0575
181 DEVONSHIRE ST,2:04:00 PM,42.3561,-71.0575
181 DEVONSHIRE ST,12:26:00 PM,42.3561,-71.0575
185 DEVONSHIRE ST,12:17:00 PM,42.3559,-71.0576
1866 DORCHESTER AVE,2:15:00 PM,42.2871,-71.0637
1875 DORCHESTER AVE,2:16:00 PM,,
188 COMMONWEALTH AVE,4:43:00 PM,42.351,-71.0798
19 DEERFIELD ST,5:01:00 PM,,
19 FLOYD ST,4:25:00 PM,42.2896,-71.0889
19 PROVINCE ST,4:31:00 PM,,
1920 BEACON ST,3:59:00 PM,42.3365,-71.1493
1924 BEACON ST,4:01:00 PM,42.3365,-71.1496
1924 BEACON ST,4:03:00 PM,42.3365,-71.1496
1930 BEACON ST,4:05:00 PM,,
1930 BEACON ST,4:04:00 PM,,
195 CONDOR ST,1:01:00 PM,42.3824,-71.0332
197 CALUMET ST,12:01:00 PM,42.3289,-71.1011
2 CENTER PLAZA,5:16:00 PM,42.3598,-71.0602
2 CENTER PLAZA,5:19:00 PM,42.3598,-71.0602
2 HYDE PARK AVE,3:03:00 PM,42.2998,-71.1134
2 MARKET ST. LOT,1:27:00 PM,,
2 MARKET ST. LOT,1:29:00 PM,,
2 OLIVER ST,5:04:00 PM,,
2 PRISCILLA RD,4:15:00 PM,42.3452,-71.1528
20 BOWDOIN ST,2:29:00 PM,42.2997,-71.073
20 CHARLES ST,2:21:00 PM,,
20 CITY SQ,4:11:00 PM,,
20 CITY SQ,4:11:00 PM,,
20 CITY SQ,4:12:00 PM,,
20 STANIFORD ST,2:30:00 PM,42.362,-71.0644
20 STANIFORD ST,2:29:00 PM,42.362,-71.0644
200 HARRISON AVE,4:04:00 PM,42.3484,-71.0622
200 NEWBURY ST E-F,5:29:00 PM,,
200 NEWBURY ST E-F,4:47:00 PM,,
200 PORTLAND ST V-C,2:28:00 PM,,
201 DEVONSHIRE ST,2:25:00 PM,42.3557,-71.0575
201 NEWBURY ST,4:08:00 PM,42.3504,-71.0805
203 MASSACHUSETTS AVE,12:36:00 PM,42.3453,-71.0872
203 NEWBURY ST E-F,4:48:00 PM,,
205 NEWBURY ST,5:49:00 PM,42.3503,-71.0809
207 NEWBURY ST E-F,2:50:00 PM,,
209 COLUMBUS AV,4:04:00 PM,42.3485,-71.0724
209 COLUMBUS AV,4:02:00 PM,42.3485,-71.0724
209 NEWBURY ST E-F,4:50:00 PM,,
21 BOWDOIN ST,12:25:00 PM,42.2997,-71.0724
21 MERCHANTS ROW,12:57:00 PM,42.3595,-71.0555
21 MERCHANTS ROW,2:09:00 PM,42.3595,-71.0555
21 MERCHANTS ROW,12:20:00 PM,42.3595,-71.0555
21 SPAULDING ST,3:28:00 PM,42.2925,-71.0551
21 SPAULDING ST,3:26:00 PM,42.2925,-71.0551
210 CAMBRIDGE ST,12:50:00 PM,,
211 NEWBURY ST E-F,2:15:00 PM,,
212 NEWBURY ST E-F,4:06:00 PM,,
213 NEWBURY ST,12:40:00 PM,42.3502,-71.0812
214 SHAWMUT AVE,1:11:00 PM,,
216 NEWBURY ST E-F,4:45:00 PM,,
217 NEWBURY ST,2:09:00 PM,42.3501,-71.0814
218 HANOVER ST,12:16:00 PM,42.3631,-71.0555
218 NEWBURY ST E-F,4:36:00 PM,,
219 SHAWMUT AVE,1:10:00 PM,42.344,-71.0677
219 SHAWMUT AVE,1:09:00 PM,42.344,-71.0677
219 SHAWMUT AVE,1:09:00 PM,42.344,-71.0677
22 BEACON ST,12:11:00 PM,42.2531,-71.1173
22 BOSTON WHARF RD,1:29:00 PM,42.3505,-71.047
22 BOSTON WHARF RD,1:32:00 PM,42.3505,-71.047
22 BOSTON WHARF RD,1:31:00 PM,42.3505,-71.047
22 BOSTON WHARF RD,1:29:00 PM,42.3505,-71.047
220 CLARENDON ST N-B,1:13:00 PM,,
220 NEWBURY ST E-F,4:02:00 PM,,
224 CLARENDON ST N-B,2:18:00 PM,,
225 NEWBURY ST,2:48:00 PM,42.35,-71.0817
226 PARKER HILL AVE,12:26:00 PM,42.3289,-71.1019
23 JEFFRIES ST,3:08:00 PM,42.365,-71.0296
233 CLARENDON ST,1:13:00 PM,42.3518,-71.0756
233 HANOVER ST,6:36:00 PM,42.363,-71.055
233 NEWBURY ST,4:55:00 PM,42.3499,-71.082
233 NEWBURY ST E-F,4:53:00 PM,,
239 CAUSEWAY ST,12:21:00 PM,,
239 CAUSEWAY ST,4:13:00 PM,,
239 NEWBURY ST,2:38:00 PM,,
24 COMMONWEALTH AVE,3:24:00 PM,42.353,-71.0725
24 GAVIN WAY,6:15:00 PM,42.3259,-71.0535
24 GAVIN WAY,6:15:00 PM,42.3259,-71.0535
24 NEW CHARDON ST,12:32:00 PM,42.3628,-71.0618
24 SCHOOL ST,12:14:00 PM,42.3576,-71.0592
24 SCHOOL ST,12:14:00 PM,42.3576,-71.0592
240 NEWBURY ST E-F,12:11:00 PM,,
240 NEWBURY ST E-F,4:40:00 PM,,
240 NEWBURY ST E-F,4:22:00 PM,,
245 BEACON ST,4:45:00 PM,42.3536,-71.0784
245 EVERETT ST,3:05:00 PM,42.3613,-71.1359
245 NEWBURY ST F-G,1:25:00 PM,,
245 SUMMER ST,2:14:00 PM,42.3514,-71.0538
245 SUMMER ST,2:42:00 PM,42.3514,-71.0538
248 NEWBURY ST,12:22:00 PM,42.3494,-71.0825
249 MAIN ST,1:09:00 PM,42.3769,-71.0658
249 NEWBURY ST,12:42:00 PM,42.3498,-71.0828
249 SHAWMUT AVE,1:03:00 PM,42.3436,-71.0684
25 BRIGHTON AVE,2:20:00 PM,42.3526,-71.1262
25 CHARLES ST,1:55:00 PM,42.3827,-71.0707
25 KINGSTON ST,2:40:00 PM,42.3537,-71.0592
25 KINGSTON ST,4:09:00 PM,42.3537,-71.0592
25 KINGSTON ST,4:10:00 PM,42.3537,-71.0592
25 NEW CHARDON ST,2:23:00 PM,42.3621,-71.0617
25 NEW CHARDON ST,12:53:00 PM,42.3621,-71.0617
25 NEW CHARDON ST,12:52:00 PM,42.3621,-71.0617
25 NEW CHARDON ST,12:55:00 PM,42.3621,-71.0617
250 BOWDOIN ST,1:20:00 PM,42.3065,-71.0669
250 CAMBRIDGE ST,12:39:00 PM,42.3609,-71.0673
251 MASSACHUSETTS AVE,12:03:00 PM,,
252 TREMONT ST,12:31:00 PM,42.3504,-71.0648
253 NEWBURY ST F-G,3:29:00 PM,,
254 NEWBURY ST F-G,5:33:00 PM,,
254 SHAWMUT AVE,1:04:00 PM,42.3433,-71.0682
255 MASSACHUSETTS AVE,12:01:00 PM,42.3441,-71.0866
255 NEWBURY ST F-G,3:29:00 PM,,
255 SHAWMUT AVE,1:04:00 PM,42.3434,-71.0688
256 LEYDEN ST,2:04:00 PM,42.3887,-71.0012
256 SHAWMUT AVE,1:03:00 PM,42.3432,-71.0685
257 HANOVER ST,6:37:00 PM,42.3632,-71.0548
257 SHAWMUT AVE,1:04:00 PM,42.3434,-71.0688
258 SHAWMUT AVE,1:03:00 PM,42.3432,-71.0684
259 SHAWMUT AVE,1:04:00 PM,42.3433,-71.0689
26 CHARLES ST,3:42:00 PM,42.2506,-71.1323
26 LOGAN WAY,6:11:00 PM,42.3274,-71.0539
26 LOGAN WAY,6:10:00 PM,42.3274,-71.0539
26 WEST ST,3:04:00 PM,,
260 BERKELEY ST,4:10:00 PM,42.3526,-71.074
261 EVERETT ST,3:06:00 PM,42.3652,-71.0296
262 NEWBURY ST F-G,5:31:00 PM,,
262 SHAWMUT AVE,1:03:00 PM,42.3431,-71.0685
262 SHAWMUT AVE,1:04:00 PM,42.3431,-71.0685
265 NEWBURY ST F-G,3:27:00 PM,,
266 SUMMER ST,12:27:00 PM,42.3506,-71.0504
268 NEWBURY ST F-G,2:43:00 PM,,
268 SHAWMUT AVE,12:33:00 PM,42.3431,-71.0686
270 DARTMOUTH ST B-N,3:24:00 PM,,
270 DARTMOUTH ST B-N,12:06:00 PM,,
270 NEWBURY ST F-G,5:30:00 PM,,
270 NEWBURY ST F-G,12:18:00 PM,,
270 SHAWMUT AVE,12:21:00 PM,42.3431,-71.0687
270 SHAWMUT AVE,12:33:00 PM,42.3431,-71.0687
271 WACHUSETT ST,2:06:00 PM,42.2902,-71.1174
272 NEWBURY ST F-G,5:29:00 PM,,
272 SHAWMUT AVE,1:01:00 PM,42.343,-71.0687
273 NEWBURY ST F-G,3:26:00 PM,,
274 SUMMER ST,12:25:00 PM,42.3504,-71.0501
274 SUMMER ST,12:26:00 PM,42.3504,-71.0501
275 NEWBURY ST,3:25:00 PM,42.3495,-71.0838
275 NEWBURY ST,12:09:00 PM,42.3495,-71.0838
276 ADAMS ST,1:49:00 PM,42.2999,-71.0584
276 NEWBURY ST F-G,3:33:00 PM,,
279 NEWBURY ST,2:40:00 PM,42.3494,-71.084
279 NEWBURY ST,12:08:00 PM,42.3494,-71.084
279 NEWBURY ST,1:30:00 PM,42.3494,-71.084
279 NEWBURY ST,12:07:00 PM,42.3494,-71.084
28 BOWDOIN ST,5:33:00 PM,,
28 BOWDOIN ST,5:34:00 PM,,
28 CHARLES ST,1:16:00 PM,42.2505,-71.1324
28 COURT SQ,12:36:00 PM,,
28 EXETER ST N-B,5:15:00 PM,,
280 CONGRESS ST,12:03:00 PM,,
280 SHAWMUT AVE,12:19:00 PM,42.3429,-71.069
280 SHAWMUT AVE,12:20:00 PM,42.3429,-71.069
280 SUMMER ST,3:15:00 PM,42.3503,-71.0498
280 SUMMER ST,12:29:00 PM,42.3503,-71.0498
280 SUMMER ST,12:24:00 PM,42.3503,-71.0498
280 SUMMER ST,12:23:00 PM,42.3503,-71.0498
280 SUMMER ST,12:22:00 PM,42.3503,-71.0498
281 NEWBURY ST,1:16:00 PM,42.3492,-71.0846
281 SUMMER ST,3:31:00 PM,,
282 SHAWMUT AVE,12:18:00 PM,42.3428,-71.0691
284 CAMBRIDGE ST,12:36:00 PM,42.361,-71.0681
285 SUMMER ST,12:33:00 PM,42.3497,-71.0496
286 NEWBURY ST,12:46:00 PM,42.3489,-71.0844
286 NEWBURY ST,1:14:00 PM,42.3489,-71.0844
286 NEWBURY ST,5:22:00 PM,42.3489,-71.0844
286 NEWBURY ST,2:49:00 PM,42.3489,-71.0844
286 NEWBURY ST,5:23:00 PM,42.3489,-71.0844
287 HANOVER ST,6:39:00 PM,42.3637,-71.0543
288 HANOVER ST,12:11:00 PM,,
29 SHAWMUT AVE,1:05:00 PM,,
290 COLUMBUS AVE,5:21:00 PM,42.3467,-71.0738
290 MAIN ST,12:29:00 PM,,
290 NEWBURY ST G-H,2:50:00 PM,,
291 HUNTINGTON AVE,1:17:00 PM,42.3415,-71.0868
291 HUNTINGTON AVE,1:44:00 PM,42.3415,-71.0868
291 SHAWMUT AVE,12:31:00 PM,42.3428,-71.0698
293 ADAMS ST,3:57:00 PM,42.2992,-71.0582
294 BOWDOIN ST,3:32:00 PM,42.3076,-71.066
295 A STREET,12:19:00 PM,,
295 ADAMS ST,3:58:00 PM,42.2991,-71.0581
295 HANOVER ST,6:39:00 PM,42.3637,-71.0543
295 HUNTINGTON AVE,2:14:00 PM,,
295 HUNTINGTON AVE,6:05:00 PM,,
297 MAVERICK ST,5:12:00 PM,42.3673,-71.0327
297 NEWBURY ST,5:18:00 PM,42.3491,-71.0852
299 ADAMS ST,1:51:00 PM,42.2991,-71.0581
299 MAIN ST,12:22:00 PM,42.378,-71.0673
3 ESSEX ST,12:55:00 PM,,
3 HARVARD AVE. LOT,2:00:00 PM,,
3 HARVARD AVE. LOT,2:01:00 PM,,
3 HARVARD AVE. LOT,1:57:00 PM,,
3 NEPTUNE RD,1:44:00 PM,42.3801,-71.0261
3 NEPTUNE RD,1:43:00 PM,42.3801,-71.0261
3 PARK ST,2:37:00 PM,42.3572,-71.0624
3 PARK ST,2:39:00 PM,42.3572,-71.0624
30 BATTERYMARCH ST,12:34:00 PM,42.3576,-71.0538
30 CHAUNCY ST,12:47:00 PM,,
30 CHAUNCY ST,12:37:00 PM,,
30 CHAUNCY ST,12:48:00 PM,,
30 FEDERAL ST,1:58:00 PM,42.3561,-71.0564
30 FEDERAL ST,12:59:00 PM,42.3561,-71.0564
30 FEDERAL ST,12:11:00 PM,42.3561,-71.0564
30 LANCASTER ST,1:02:00 PM,42.3641,-71.0628
30 NEWBURY ST,5:00:00 PM,42.352,-71.0726
30 SCHOOL ST,12:13:00 PM,42.3602,-71.1423
30 SCHOOL ST,12:13:00 PM,42.3602,-71.1423
300 BERKELEY ST,2:52:00 PM,42.3542,-71.0748
300 TREMONT ST,12:23:00 PM,,
300 TREMONT ST,12:25:00 PM,,
301 HUNTINGTON AV,3:46:00 PM,42.2676,-71.1175
302 ASHFORD ST,6:22:00 PM,,
302 NEWBURY ST,12:59:00 PM,42.3487,-71.085
303 COLUMBUS AV,3:58:00 PM,,
303 NEWBURY ST,5:17:00 PM,42.349,-71.0855
305 W BROADWAY,5:26:00 PM,,
31 HARRISON AVE,12:38:00 PM,42.3518,-71.0614
31 TOWER ST,3:12:00 PM,42.2992,-71.1123
310 MAIN ST,12:38:00 PM,42.378,-71.0679
311 HUNTINGTON AV,3:47:00 PM,,
311 SUMMER ST,3:19:00 PM,42.3493,-71.0489
311 SUMMER ST,3:18:00 PM,42.3493,-71.0489
311 SUMMER ST,12:38:00 PM,42.3493,-71.0489
311 SUMMER ST,12:39:00 PM,42.3493,-71.0489
311 W BROADWAY,5:26:00 PM,,
314 NEWBURY ST,4:06:00 PM,42.3486,-71.0853
315 HANOVER ST,6:40:00 PM,42.364,-71.054
316 MAIN ST,12:39:00 PM,42.378,-71.0679
319 HUNTINGTON AV,3:49:00 PM,42.341,-71.0879
32 BRIGHTON AVE,2:18:00 PM,,
32 BRIGHTON AVE,6:08:00 PM,,
32 TOWER ST,3:11:00 PM,42.2994,-71.112
320 HANOVER ST,6:55:00 PM,,
321 HANOVER ST,6:40:00 PM,42.3641,-71.054
321 HANOVER ST,6:41:00 PM,42.3641,-71.054
321 SUMMER ST,12:41:00 PM,42.3492,-71.0487
325 HUNTINGTON AV,3:50:00 PM,42.3409,-71.0881
325 W BROADWAY,5:28:00 PM,,
327 SHAWMUT AVE,12:27:00 PM,42.3419,-71.0713
328 HANOVER ST,6:54:00 PM,42.3647,-71.0538
328 NEWBURY ST,2:51:00 PM,42.3484,-71.0862
328 WASHINGTON ST,1:33:00 PM,42.2999,-71.0739
329 NEWBURY ST H-M,4:05:00 PM,,
33 ARCH ST,3:22:00 PM,42.3562,-71.058
33 GAINSBOROUGH ST,1:50:00 PM,42.3414,-71.086
33 GAINSBOROUGH ST,1:49:00 PM,42.3414,-71.086
33 HARRISON AVE,2:01:00 PM,42.3517,-71.0614
33 HARRISON AVE,1:55:00 PM,42.3517,-71.0614
33 HARRISON AVE,2:00:00 PM,42.3517,-71.0614
33 UNION ST,1:19:00 PM,42.3612,-71.0568
330 CONGRESS ST,12:48:00 PM,42.3513,-71.0494
330 NEWBURY ST H-M,5:24:00 PM,,
332 HANOVER ST,6:54:00 PM,,
332 NEWBURY ST H-M,3:47:00 PM,,
334 SHAWMUT AVE,12:21:00 PM,42.3416,-71.0711
335 NEWBURY ST H-M,1:16:00 PM,,
337 HANOVER ST,6:42:00 PM,42.3644,-71.0536
338 NEWBURY ST,5:53:00 PM,42.3482,-71.0866
339 WASHINGTON ST,12:17:00 PM,42.3492,-71.1522
341 HANOVER ST,6:42:00 PM,,
341 W BROADWAY,5:30:00 PM,,
342 NEWBURY ST,3:48:00 PM,42.3482,-71.0867
343 CONGRESS ST,2:45:00 PM,42.3506,-71.0494
343 W BROADWAY,5:29:00 PM,,
343 W BROADWAY,5:29:00 PM,,
344 NEWBURY ST,12:57:00 PM,42.3482,-71.0869
346 HANOVER ST,3:45:00 PM,,
346 NEWBURY ST,2:54:00 PM,42.3482,-71.087
349 NEWBURY ST H-M,4:00:00 PM,,
349 W BROADWAY,3:43:00 PM,,
35 CHARLES ST,1:56:00 PM,42.2504,-71.133
35 CHARLES ST,1:58:00 PM,42.2504,-71.133
350 BOYLSTON ST,1:53:00 PM,42.3515,-71.0711
350 COLUMBUS AVE,5:14:00 PM,,
351 HANOVER ST,6:43:00 PM,,
351 HANOVER ST,6:43:00 PM,,
355 NEWBURY ST,12:59:00 PM,42.3485,-71.0876
357 W BROADWAY,5:31:00 PM,,
359 NEWBURY ST H-M,3:54:00 PM,,
359 NEWBURY ST H-M,3:52:00 PM,,
359 NEWBURY ST H-M,5:49:00 PM,,
36 CHAUNCY ST,2:10:00 PM,,
36 HARRISON AVE,12:53:00 PM,42.3518,-71.061
36 HARRISON AVE,12:41:00 PM,42.3518,-71.061
36 WARREN ST,12:18:00 PM,42.3501,-71.1436
361 NEWBURY ST,1:00:00 PM,42.3484,-71.0877
361 NEWBURY ST,3:37:00 PM,42.3484,-71.0877
361 W BROADWAY,5:32:00 PM,,
366 AMORY ST,2:27:00 PM,,
369 CENTRE ST,6:05:00 PM,42.2946,-71.058
37 HAVRE ST,3:50:00 PM,42.3705,-71.0403
370 STUART ST,6:02:00 PM,,
3702 WASHINGTON ST,2:58:00 PM,42.3005,-71.1129
3702 WASHINGTON ST,3:19:00 PM,42.3005,-71.1129
3702 WASHINGTON ST,3:18:00 PM,42.3005,-71.1129
3704 WASHINGTON ST,2:59:00 PM,42.3004,-71.1129
3708 WASHINGTON ST,12:26:00 PM,42.3003,-71.1129
3712 WASHINGTON ST,3:20:00 PM,,
3712 WASHINGTON ST,3:00:00 PM,,
3712 WASHINGTON ST,3:20:00 PM,,
3720 WASHINGTON ST,3:01:00 PM,42.3,-71.1133
3722 WASHINGTON ST,3:01:00 PM,42.3,-71.1133
374 IPSWICH ST,5:40:00 PM,,
376 BOYLSTON ST B-A,5:51:00 PM,,
376 BOYLSTON ST B-A,3:44:00 PM,,
376 BOYLSTON ST B-A,4:10:00 PM,,
376 BOYLSTON ST B-A,5:50:00 PM,,
377 W BROADWAY,2:17:00 PM,,
38 HARRISON AVE,12:53:00 PM,42.3517,-71.061
38 PLEASANT ST,12:41:00 PM,42.2561,-71.1139
380 CENTRE ST,6:04:00 PM,42.322,-71.1093
386 COMMERCIAL ST,12:02:00 PM,42.3665,-71.0519
387 W BROADWAY,5:32:00 PM,,
388 COMMONWEALTH AV,12:20:00 PM,,
388 COMMONWEALTH AV,12:21:00 PM,,
389 W BROADWAY,5:34:00 PM,,
389 W BROADWAY,5:33:00 PM,,
39 BRIGHTON ST,2:20:00 PM,42.3842,-71.0774
391 HANOVER ST,6:45:00 PM,42.3652,-71.0529
392 COMMERCIAL ST,12:03:00 PM,42.3666,-71.0519
396 BOYLSTON ST,3:41:00 PM,42.3513,-71.0721
396 BOYLSTON ST B-A,3:40:00 PM,,
396 BOYLSTON ST B-A,3:36:00 PM,,
396 BOYLSTON ST B-A,3:34:00 PM,,
396 BOYLSTON ST B-A,5:50:00 PM,,
396 BOYLSTON ST B-A,5:49:00 PM,,
396 BOYLSTON ST B-A,3:38:00 PM,,
396 HANOVER ST,6:49:00 PM,,
399 BOYLSTON ST,1:49:00 PM,42.3518,-71.0721
399 BOYLSTON ST,1:50:00 PM,42.3518,-71.0721
399 BOYLSTON ST B-A,1:51:00 PM,,
399 W BROADWAY,2:20:00 PM,,
4 COTTAGE ST,3:24:00 PM,42.3659,-71.0368
40 BEACON ST,2:42:00 PM,42.3572,-71.0663
40 BROAD ST M-C,2:25:00 PM,,
401 W BROADWAY,5:35:00 PM,,
404 COMMERCIAL ST,12:04:00 PM,42.3668,-71.0521
406 COLUMBUS AVE,5:11:00 PM,42.3444,-71.0766
406 W BROADWAY,5:49:00 PM,,
406 W BROADWAY,5:48:00 PM,,
409 W BROADWAY,2:21:00 PM,,
409 W BROADWAY,2:21:00 PM,,
41 BEACON ST,2:41:00 PM,42.2536,-71.1158
41 BELVIDERE ST,3:42:00 PM,,
41 BELVIDERE ST,6:36:00 PM,,
41 MONUMENT SQ,5:43:00 PM,42.3757,-71.0616
41 RIDGEMONT ST,4:29:00 PM,42.3513,-71.1422
41 UNION ST,2:32:00 PM,42.3613,-71.0569
410 HANOVER ST,5:19:00 PM,42.3663,-71.0529
411 BUNKER HILL ST,12:59:00 PM,42.3829,-71.0702
411 BUNKER HILL ST,1:00:00 PM,42.3829,-71.0702
411 NEWBURY EXT,5:46:00 PM,,
412 W BROADWAY,5:48:00 PM,,
416 MEDFORD ST,6:01:00 PM,42.3821,-71.0659
416 MEDFORD ST,6:01:00 PM,42.3821,-71.0659
42 PARKVALE AVE,4:55:00 PM,42.3523,-71.1335
4210 WASHINGTON ST,4:05:00 PM,42.2866,-71.1276
424 W BROADWAY,5:45:00 PM,,
425 BOYLSTON ST B-A,1:02:00 PM,,
435 W BROADWAY,5:38:00 PM,,
437 BOYLSTON ST,2:54:00 PM,42.3516,-71.0729
437 BOYLSTON ST,1:48:00 PM,42.3516,-71.0729
437 BOYLSTON ST,2:18:00 PM,42.3516,-71.0729
437 BOYLSTON ST,12:19:00 PM,42.3516,-71.0729
437 BOYLSTON ST,2:23:00 PM,42.3516,-71.0729
437 BOYLSTON ST,2:55:00 PM,42.3516,-71.0729
437 BOYLSTON ST,2:16:00 PM,42.3516,-71.0729
44 BEACON ST,2:40:00 PM,42.3569,-71.0669
44 GAINSBOROUGH ST,3:42:00 PM,42.3416,-71.087
44 GAINSBOROUGH ST,2:19:00 PM,42.3416,-71.087
44 PLEASANT ST,12:38:00 PM,42.3753,-71.0623
44 SCHOOL ST,1:49:00 PM,42.3577,-71.0596
441 W BROADWAY,5:44:00 PM,,
45 BEACON ST,2:39:00 PM,42.3569,-71.067
45 CHARLES ST,1:59:00 PM,,
45 FAIRFIELD ST B-N,3:08:00 PM,,
45 HEREFORD ST,4:09:00 PM,42.349,-71.0861
45 ROGERS ST,6:07:00 PM,42.329,-71.0553
46 BEACON ST,2:38:00 PM,42.254,-71.1159
46 BEACON ST,2:38:00 PM,42.254,-71.1159
46 CROSS ST,6:32:00 PM,42.3633,-71.0564
46 NEWBURY ST,1:09:00 PM,,
46 NEWBURY ST,5:38:00 PM,,
46 NEWBURY ST,1:10:00 PM,,
46 NEWBURY ST,12:26:00 PM,,
46 NEWBURY ST,12:47:00 PM,,
46 NEWBURY ST,5:36:00 PM,,
46 NEWBURY ST,1:10:00 PM,,
46 NEWBURY ST,1:09:00 PM,,
464 BREMEN ST,1:45:00 PM,42.3801,-71.0262
464 BREMEN ST,1:46:00 PM,42.3801,-71.0262
472 COMMERCIAL ST,12:09:00 PM,42.3676,-71.054
48 BEACON ST,2:36:00 PM,42.3568,-71.0675
48 BEACON ST,2:37:00 PM,42.3568,-71.0675
48 PLEASANT ST,5:39:00 PM,42.3154,-71.0595
482 CENTRE ST,5:48:00 PM,42.3186,-71.1121
49 BEACON ST,2:35:00 PM,42.3568,-71.0676
491 BOYLSTON ST,2:28:00 PM,42.3512,-71.0742
491 BOYLSTON ST,12:16:00 PM,42.3512,-71.0742
491 BOYLSTON ST C-B,12:49:00 PM,,
491 WELD ST,12:17:00 PM,42.2934,-71.1526
494 ASHMONT ST,5:11:00 PM,42.2891,-71.053
498 HUNTINGTON AVE,2:16:00 PM,,
5 COMMONWEALTH AVE,4:34:00 PM,42.3539,-71.0725
5 MARYLAND ST,5:53:00 PM,42.312,-71.0554
5 YAWKEY WAY,5:27:00 PM,,
50 E SPRINGFIELD ST,4:26:00 PM,42.3359,-71.0747
500 BROOKLINE AVE,4:20:00 PM,42.3366,-71.1093
500 BROOKLINE AVE,4:20:00 PM,42.3366,-71.1093
500 NEWBURY ST EXT,2:02:00 PM,,
501 BOYLSTON ST,5:31:00 PM,42.3513,-71.0747
501 BOYLSTON ST,12:43:00 PM,42.3513,-71.0747
501 BOYLSTON ST,1:23:00 PM,42.3513,-71.0747
505 BOYLSTON ST C-B,2:16:00 PM,,
510 WASHINGTON ST,1:01:00 PM,42.3543,-71.0615
511 WASHINGTON ST,2:36:00 PM,42.294,-71.0721
511 WASHINGTON ST,2:35:00 PM,42.294,-71.0721
513 WASHINGTON ST,12:50:00 PM,42.3492,-71.1618
518 COLUMBUS AVE,5:04:00 PM,42.3419,-71.0797
52 CHAUNCY ST,2:31:00 PM,,
520 BROOKLINE AVE,4:18:00 PM,,
520 E BROADWAY,4:55:00 PM,,
523 NEWBURY ST EXT,5:13:00 PM,,
53 BEACON ST,2:34:00 PM,42.2539,-71.1152
53 HEREFORD ST,2:43:00 PM,42.3488,-71.086
53 HEREFORD ST,4:09:00 PM,42.3488,-71.086
534 COLUMBUS AVE,5:02:00 PM,42.3415,-71.0802
534 DORCHESTER AVE,12:54:00 PM,42.3311,-71.0568
535 BOYLSTON ST,12:40:00 PM,,
535 NEWBURY ST EXT,5:17:00 PM,,
537 SUMNER ST,3:10:00 PM,42.3643,-71.0296
54 FRANKLIN ST,2:15:00 PM,42.3559,-71.0586
54 FRANKLIN ST,12:48:00 PM,42.3559,-71.0586
54 HYDE PARK AVE,12:09:00 PM,42.2987,-71.114
54 JEFFRIES ST,3:16:00 PM,42.3641,-71.0301
540 E BROADWAY,5:13:00 PM,,
545 BOYLSTON ST,12:12:00 PM,,
546 COLUMBUS AVE,5:00:00 PM,42.3413,-71.0805
549 SUMNER ST,3:11:00 PM,42.3642,-71.0291
55 HEMENWAY ST,4:14:00 PM,42.3451,-71.0899
55 UNION ST,3:46:00 PM,42.3616,-71.0571
552 COLUMBUS AVE,4:59:00 PM,42.3412,-71.0806
56 GAINSBOROUGH ST,1:46:00 PM,42.3418,-71.0874
56 HYDE PARK AVE,12:11:00 PM,42.2985,-71.1141
56 KNEELAND ST,4:07:00 PM,42.3506,-71.061
560 CENTRE ST,4:48:00 PM,42.3163,-71.1135
560 CENTRE ST,4:48:00 PM,42.3163,-71.1135
560 CENTRE ST,4:47:00 PM,42.3163,-71.1135
561 BOYLSTON ST,2:54:00 PM,42.3507,-71.0763
564 WASHINGTON ST,12:56:00 PM,42.3534,-71.062
565 BOYLSTON ST D-C,5:23:00 PM,,
569 BOYLSTON ST D-C,2:56:00 PM,,
57 HAVRE ST,3:54:00 PM,42.3711,-71.0398
57 HEMENWAY ST,4:13:00 PM,42.345,-71.0899
57 N WASHINGTON,4:01:00 PM,,
570 ASHMONT ST,5:15:00 PM,42.2897,-71.0506
58 FRANKLIN ST,1:27:00 PM,42.3558,-71.0584
581 BOYLSTON ST D-C,2:11:00 PM,,
584 CENTRE ST,4:34:00 PM,42.3154,-71.1138
590 CENTRE ST,4:36:00 PM,42.315,-71.1138
590 CENTRE ST,4:36:00 PM,42.315,-71.1138
590 CENTRE ST,4:35:00 PM,42.315,-71.1138
590 CENTRE ST,4:37:00 PM,42.315,-71.1138
591 CENTRE ST,4:41:00 PM,,
592 CENTRE ST,4:37:00 PM,,
593 CENTRE ST,4:40:00 PM,42.3151,-71.1143
593 CENTRE ST,4:41:00 PM,42.3151,-71.1143
595 CENTRE ST,4:39:00 PM,42.315,-71.1143
595 COMMONWEALTH AVE,4:08:00 PM,42.3496,-71.0998
6 ELEANOR ST,4:31:00 PM,42.3512,-71.1427
6 MARYLAND ST,5:55:00 PM,42.3119,-71.0551
60 CHARLES ST,2:19:00 PM,42.2998,-71.0643
601 ALBANY ST,4:35:00 PM,42.3372,-71.0687
601 CENTRE ST,4:38:00 PM,42.3149,-71.1143
607 BOYLSTON PL,12:16:00 PM,,
607 BOYLSTON ST,2:10:00 PM,42.3504,-71.0772
607 BOYLSTON ST,1:06:00 PM,42.3504,-71.0772
61 BATTERYMARCH ST,2:27:00 PM,42.3571,-71.0536
617 E BROADWAY,5:33:00 PM,,
620 E BROADWAY,5:34:00 PM,,
63 ATLANTIC AVE,6:06:00 PM,,
63 ATLANTIC AVE,6:06:00 PM,,
63 HAVRE ST,3:55:00 PM,42.3712,-71.0397
631 E BROADWAY,5:35:00 PM,,
637 E BROADWAY,3:02:00 PM,,
64 BRIGHTON ST,2:13:00 PM,,
65 CHARLES ST,2:01:00 PM,42.2494,-71.134
65 CHATHAM ST,12:00:00 PM,42.3596,-71.0539
65 FRANKLIN ST,3:19:00 PM,42.3554,-71.0588
65 FRANKLIN ST,12:08:00 PM,42.3554,-71.0588
65 HARRISON AVE,12:43:00 PM,42.3513,-71.0615
650 E BROADWAY,3:13:00 PM,,
651 E BROADWAY,3:02:00 PM,,
657 E BROADWAY,2:59:00 PM,,
657 E BROADWAY,5:37:00 PM,,
66 HARRISON AVE,3:29:00 PM,42.3513,-71.0611
66 HARRISON AVE,12:44:00 PM,42.3513,-71.0611
66 HYDE PARK AVE,12:13:00 PM,42.2981,-71.1144
66 KNEELAND ST,4:05:00 PM,,
66 STANIFORD ST,2:27:00 PM,42.3627,-71.0642
661 BOYLSTON ST,1:03:00 PM,42.35,-71.0787
661 E BROADWAY,5:09:00 PM,,
665 HUNTINGTON AV,4:13:00 PM,42.3356,-71.1017
665 HUNTINGTON AV,4:12:00 PM,42.3356,-71.1017
673 BOYLSTON ST E-D,3:15:00 PM,,
674 E BROADWAY,5:09:00 PM,,
68 HARRISON AVE,3:28:00 PM,42.3511,-71.0611
68 HARRISON AVE,2:52:00 PM,42.3511,-71.0611
68 KNEELAND ST,4:04:00 PM,42.3506,-71.0606
684 CENTRE ST,2:25:00 PM,42.3118,-71.114
684 CENTRE ST,4:25:00 PM,42.3118,-71.114
684 CENTRE ST,1:27:00 PM,42.3118,-71.114
684 CENTRE ST,1:40:00 PM,42.3118,-71.114
684 CENTRE ST,1:41:00 PM,42.3118,-71.114
685 CENTRE ST,1:39:00 PM,42.312,-71.1145
69 NEWBURY ST,12:55:00 PM,42.3521,-71.0743
695 ATLANTIC AV,1:12:00 PM,42.3516,-71.0564
695 ATLANTIC AVE,1:12:00 PM,42.3516,-71.0564
7 BLACKINTON ST,1:59:00 PM,42.388,-71.0036
7 EXCHANGE PLACE,3:41:00 PM,,
7 EXCHANGE PLACE,3:43:00 PM,,
7 HUDSON ST,1:38:00 PM,42.351,-71.0601
70 FEDERAL ST,12:10:00 PM,42.3557,-71.0562
70 FRANKLIN ST,2:11:00 PM,42.3557,-71.0582
70 FRANKLIN ST,12:49:00 PM,42.3557,-71.0582
70 FRANKLIN ST,2:14:00 PM,42.3557,-71.0582
70 FRANKLIN ST,12:43:00 PM,42.3557,-71.0582
70 QUINT AVE,4:59:00 PM,42.3507,-71.1334
703 CENTRE ST,1:43:00 PM,42.3116,-71.1146
707 E BROADWAY,5:38:00 PM,,
71 KILBY ST,6:48:00 PM,42.3573,-71.0557
711 BOYLSTON ST,12:43:00 PM,42.3496,-71.0799
711 CENTRE ST,1:44:00 PM,42.3114,-71.1147
72 KNEELAND ST,3:35:00 PM,42.3505,-71.0605
729 BOYLSTON ST F-E,2:26:00 PM,,
729 BOYLSTON ST F-E,2:25:00 PM,,
73 CHARLES ST,2:02:00 PM,42.3582,-71.0703
736 CAMBRIDGE ST,1:41:00 PM,42.3496,-71.148
736 CAMBRIDGE ST,1:42:00 PM,42.3496,-71.148
736 CAMBRIDGE ST,1:43:00 PM,42.3496,-71.148
736 CAMBRIDGE ST,1:39:00 PM,42.3496,-71.148
736 CAMBRIDGE ST,1:38:00 PM,42.3496,-71.148
74 SELWYN ST,12:50:00 PM,42.2918,-71.1343
74 WALFORD WAY,1:33:00 PM,42.3783,-71.0571
740 E BROADWAY,5:42:00 PM,,
741 E BROADWAY,5:43:00 PM,,
743 E BROADWAY,3:36:00 PM,,
745 BOYLSTON ST F-E,4:31:00 PM,,
745 BOYLSTON ST F-E,5:45:00 PM,,
75 FEDERAL ST,12:30:00 PM,42.3553,-71.0568
75 NORTHERN AV,2:06:00 PM,42.3524,-71.0452
75 NORTHERN AV,2:03:00 PM,42.3524,-71.0452
75 NORTHERN AV,1:59:00 PM,42.3524,-71.0452
75 NORTHERN AVE,2:01:00 PM,42.3524,-71.0452
75 PARK PLZ,5:43:00 PM,,
76 CHARLES ST,12:49:00 PM,42.3581,-71.0707
76 CHARLES ST,12:49:00 PM,42.3581,-71.0707
76 CHELSEA ST,4:16:00 PM,42.3719,-71.0368
761 BOYLSTON ST,2:28:00 PM,42.3493,-71.0812
761 HARRISON AVE,1:59:00 PM,42.3371,-71.0728
761 HARRISON AVE,1:57:00 PM,42.3371,-71.0728
761 HARRISON AVE,1:53:00 PM,42.3371,-71.0728
761 HARRISON AVE,1:58:00 PM,42.3371,-71.0728
761 HARRISON AVE,1:58:00 PM,42.3371,-71.0728
761 HARRISON AVE,1:54:00 PM,42.3371,-71.0728
761 HARRISON AVE,1:56:00 PM,42.3371,-71.0728
761 HARRISON AVE,1:55:00 PM,42.3371,-71.0728
77 CHARLES ST,12:26:00 PM,42.2491,-71.1343
77 CHARLES ST,2:02:00 PM,42.2491,-71.1343
77 CHARLES ST,12:25:00 PM,42.2491,-71.1343
77 WARREN ST,1:45:00 PM,42.349,-71.1427
777 BOYLSTON ST,1:14:00 PM,42.3493,-71.0814
777 BOYLSTON ST,2:59:00 PM,42.3493,-71.0814
78 CHARLES ST,2:17:00 PM,42.3581,-71.0707
78 CHARLES ST SOUTH,4:30:00 PM,42.3581,-71.0707
780 E BROADWAY,6:45:00 PM,,
79 CHARLES ST,3:31:00 PM,42.3584,-71.0704
79 ELM ST,2:34:00 PM,42.3792,-71.0623
79 LUBEC ST,12:46:00 PM,42.3707,-71.0328
793 BOYLSTON ST,12:51:00 PM,42.3492,-71.0816
793 BOYLSTON ST,2:30:00 PM,42.3492,-71.0816
793 BOYLSTON ST,2:30:00 PM,42.3492,-71.0816
8 *AT PUBLIC LOT,4:13:00 PM,,
8 *AT PUBLIC LOT,4:12:00 PM,,
8 *AT PUBLIC LOT,4:08:00 PM,,
8 *AT PUBLIC LOT,4:08:00 PM,,
8 *AT PUBLIC LOT,4:15:00 PM,,
8 *AT PUBLIC LOT,4:11:00 PM,,
8 *AT PUBLIC LOT,4:16:00 PM,,
8 *AT PUBLIC LOT,4:07:00 PM,,
8 *AT PUBLIC LOT,4:16:00 PM,,
8 *AT PUBLIC LOT,4:13:00 PM,,
8 *AT PUBLIC LOT,4:10:00 PM,,
8 BOWDOIN ST,2:31:00 PM,42.2996,-71.0733
8 GARRISON ST,3:53:00 PM,42.3461,-71.0796
8 GARRISON ST,3:50:00 PM,42.3461,-71.0796
8 GARRISON ST,3:52:00 PM,42.3461,-71.0796
8 HARRISON AVE,12:36:00 PM,,
82 BROOKLINE AVE,2:02:00 PM,42.3464,-71.099
82 DEVONSHIRE ST,12:30:00 PM,,
82 DEVONSHIRE ST,12:30:00 PM,,
82 ENDICOTT ST,12:47:00 PM,42.3639,-71.0574
82 WALFORD WAY,1:34:00 PM,42.3783,-71.0575
82 WATER ST,2:57:00 PM,42.3577,-71.0563
824 BLUE HILL AVE,12:55:00 PM,42.2964,-71.0871
824 BLUE HILL AVE,12:56:00 PM,42.2964,-71.0871
824 BLUE HILL AVE,12:56:00 PM,42.2964,-71.0871
827 BOYLSTON ST,3:03:00 PM,42.349,-71.0826
828 HUNTINGTON AVE,12:43:00 PM,42.333,-71.1092
846 HUNTINGTON AVE,12:39:00 PM,42.3329,-71.1101
850 DORCHESTER AVE,6:13:00 PM,42.3218,-71.0565
854 DORCHESTER AVE,6:14:00 PM,42.3217,-71.0566
858 HUNTINGTON AVE,12:38:00 PM,42.3327,-71.1104
86 SOUTH ST,1:20:00 PM,42.3067,-71.1151
864 HUNTINGTON AVE,12:35:00 PM,42.3326,-71.1106
87 KILBY ST,6:49:00 PM,42.3573,-71.0554
87 KILBY ST,5:44:00 PM,42.3573,-71.0554
87 KILBY ST,6:50:00 PM,42.3573,-71.0554
88 BEACH ST,1:33:00 PM,42.3513,-71.0598
88 BEACON ST,6:00:00 PM,42.3559,-71.0718
886 HUNTINGTON AVE,12:32:00 PM,42.3322,-71.1114
89 BEACON ST,2:25:00 PM,42.2549,-71.1133
9 PRIMROSE ST,12:40:00 PM,42.2905,-71.1295
9 SULLIVAN ST,12:33:00 PM,42.3778,-71.0669
90 CHARLES ST,2:16:00 PM,42.3584,-71.0709
90 CHARLES ST,12:46:00 PM,42.3584,-71.0709
90 N WASHINGTON ST,1:17:00 PM,42.3654,-71.0587
90 NEWBURY ST,5:06:00 PM,,
900 BOYLSTON ST H-G,12:10:00 PM,,
92 WARREN ST,12:09:00 PM,42.3748,-71.0634
925 COMMONWEALTH AV,3:49:00 PM,42.3522,-71.1177
939 BOYLSTON ST,1:08:00 PM,42.3482,-71.0851
939 BOYLSTON ST H-G,1:06:00 PM,,
97 COLBURN ST,4:20:00 PM,,
99 BROOKLINE AV,5:49:00 PM,42.3463,-71.0999
99 BROOKLINE AV,5:51:00 PM,42.3463,-71.0999
99 BROOKLINE AV,3:54:00 PM,42.3463,-71.0999
99 BROOKLINE AV,5:50:00 PM,42.3463,-71.0999
99 BROOKLINE AV,2:01:00 PM,42.3463,-71.0999
A ST / CONGRESS ST,1:26:00 PM,42.3504,-71.0485
A ST / MOUNT WASHINGTON AVE,1:03:00 PM,42.3465,-71.0515
A STREET / MOUNT WASHINGTON AVE,1:06:00 PM,42.3465,-71.0515
A STREET / MOUNT WASHINGTON AVE,1:05:00 PM,42.3465,-71.0515
A STREET / MOUNT WASHINGTON AVE,1:07:00 PM,42.3465,-71.0515
ALBANY ST / E DEDHAM ST,12:16:00 PM,42.3377,-71.0677
ARCH ST / MILK ST,12:58:00 PM,42.3567,-71.0578
ARCH ST / MILK ST,12:59:00 PM,42.3567,-71.0578
ARCH ST / SUMMER ST,12:43:00 PM,42.3544,-71.0591
ARCH ST / SUMMER ST,4:07:00 PM,42.3544,-71.0591
ARCH ST / SUMMER ST,12:52:00 PM,42.3544,-71.0591
ASHFORD ST / BABCOCK ST,12:18:00 PM,42.3538,-71.1209
ASHMONT ST / DORCHESTER AVE,5:01:00 PM,42.2857,-71.0643
ATLANTIC AV / ESSEX ST,2:26:00 PM,42.3518,-71.0559
ATLANTIC AV / SUMMER ST,2:25:00 PM,42.3527,-71.0554
ATLANTIC AVE / ESSEX ST,2:27:00 PM,42.3518,-71.0559
AUCKLAND ST / BAY ST,5:41:00 PM,42.3112,-71.0566
AUCKLAND ST / DEWAR ST,5:42:00 PM,42.3098,-71.0569
BATTERYMARCH ARM / BATTERYMARCH ST,3:20:00 PM,,
BATTERYMARCH ST / FRANKLIN ST,3:22:00 PM,42.3569,-71.0533
BATTERYMARCH ST / FRANKLIN ST,12:32:00 PM,42.3569,-71.0533
BATTERYMARCH ST / FRANKLIN ST,3:14:00 PM,42.3569,-71.0533
BATTERYMARCH ST / FRANKLIN ST,3:15:00 PM,42.3569,-71.0533
BATTERYMARCH ST / HIGH ST,4:46:00 PM,42.3564,-71.0528
BATTERYMARCH ST / HIGH ST,3:11:00 PM,42.3564,-71.0528
BATTERYMARCH ST / MILK ST,2:34:00 PM,42.3577,-71.0544
BEDFORD ST / KINGSTON ST,2:37:00 PM,42.3533,-71.0594
BEDFORD ST / KINGSTON ST,2:35:00 PM,42.3533,-71.0594
BELFORT ST / DORCHESTER AVE,6:02:00 PM,42.3154,-71.0567
BERKELEY ST / BEACON ST,2:49:00 PM,42.3548,-71.0748
BERKELEY ST / BOYLSTON ST,4:22:00 PM,42.3512,-71.0731
BERKELEY ST / MARLBOROUGH ST,2:55:00 PM,42.354,-71.0744
BERKELEY ST / NEWBURY ST,2:35:00 PM,42.3521,-71.0734
BERKELEY ST / NEWBURY ST,4:09:00 PM,42.3521,-71.0734
BERKELEY ST / NEWBURY ST,4:07:00 PM,42.3521,-71.0734
BEVERLY ST / CAUSEWAY ST,2:33:00 PM,42.3663,-71.0596
BEVERLY ST / VALENTI WAY,2:30:00 PM,,
BLAGDEN ST / EXETER ST,3:33:00 PM,42.3487,-71.0791
BOWDOIN ST / *AT PUBLIC LOT,3:23:00 PM,,
BOWDOIN ST / *AT PUBLIC LOT,1:17:00 PM,,
BOWDOIN ST / *AT PUBLIC LOT,3:25:00 PM,,
BOWDOIN ST / *AT PUBLIC LOT,3:26:00 PM,,
BOWDOIN ST / NORTON ST,1:27:00 PM,42.3055,-71.0679
BOWDOIN ST / OLNEY ST,1:28:00 PM,42.3052,-71.0684
BOYLSTON ST / CHARLES ST,6:55:00 PM,42.3525,-71.0675
BOYLSTON ST / DARTMOUTH ST,12:21:00 PM,42.3501,-71.0773
BOYLSTON ST / YAWKEY WAY,6:55:00 PM,42.3446,-71.0978
BREMEN ST / GOVE ST,12:39:00 PM,42.3709,-71.0366
BREMEN ST / GOVE ST,12:39:00 PM,42.3709,-71.0366
BRIGHTON AVE / ST LUKES RD,5:17:00 PM,42.3523,-71.1269
BROOKLINE AV / LANSDOWNE ST,3:47:00 PM,42.3472,-71.0985
BROOKLINE AVE / NEWBURY EXTENSION,3:42:00 PM,42.3483,-71.0974
CAMBRIA ST / ST CECILIA ST,6:29:00 PM,42.3473,-71.0866
CAMBRIDGE ST / GORDON ST,1:52:00 PM,42.3526,-71.1403
CAMBRIDGE ST / SUDBURY ST,2:46:00 PM,42.3609,-71.0613
CAMBRIDGE ST / SUDBURY ST,2:47:00 PM,42.3609,-71.0613
CAUSEWAY ST / FRIEND ST,1:00:00 PM,42.3651,-71.0618
CAUSEWAY ST / MEDFORD ST,2:37:00 PM,42.3664,-71.0594
CAUSEWAY ST / MEDFORD ST,4:12:00 PM,42.3664,-71.0594
CAUSEWAY ST / PORTLAND ST,4:38:00 PM,42.3648,-71.0623
CENTRAL ST / BROAD ST,3:53:00 PM,42.3587,-71.0544
CENTRAL ST / BROAD ST,5:04:00 PM,42.3587,-71.0544
CENTRE ST / GROVENOR RD,4:30:00 PM,42.3142,-71.1141
CENTRE ST / MYRTLE ST,5:18:00 PM,42.3132,-71.1141
CENTRE ST / SOUTH ST,5:21:00 PM,42.2882,-71.1447
CENTRE ST / SOUTH ST,3:36:00 PM,42.2882,-71.1447
CHARLES ST / BEACON ST,4:58:00 PM,42.3562,-71.0694
CHARLES ST / BEACON ST,4:11:00 PM,42.3562,-71.0694
CHARLES ST / BEACON ST,4:56:00 PM,42.3562,-71.0694
CHARLES ST / BEACON ST,4:55:00 PM,42.3562,-71.0694
CHARLES ST / BEACON ST,4:11:00 PM,42.3562,-71.0694
CHARLES ST / BEACON ST,5:00:00 PM,42.3562,-71.0694
CHARLES ST / BEACON ST,4:58:00 PM,42.3562,-71.0694
CHARLES ST / BRANCH ST,1:54:00 PM,42.3567,-71.0697
CHARLES ST S / STUART ST,3:49:00 PM,42.3509,-71.0669
CHARLES ST SOUTH / BOYLSTON ST,3:51:00 PM,42.3525,-71.0675
CHARLES ST SOUTH / BOYLSTON ST,5:29:00 PM,42.3525,-71.0675
CHAUNCY ST / BEDFORD ST,12:29:00 PM,42.3536,-71.0603
CHAUNCY ST / SUMMER ST,12:37:00 PM,42.3546,-71.0593
CHAUNCY ST / SUMMER ST,2:46:00 PM,42.3546,-71.0593
CLARENDON ST / COLUMBUS AVE,5:56:00 PM,42.3473,-71.0735
CLARENDON ST / COLUMBUS AVE,4:10:00 PM,42.3473,-71.0735
CLARENDON ST / ST JAMES AVE,12:05:00 PM,42.3498,-71.0748
CLINTON ST / SURFACE RD,12:12:00 PM,42.3609,-71.0538
COLUMBUS AV / CAHNERS PL,5:24:00 PM,42.348,-71.0726
COLUMBUS AV / CAHNERS PL,5:52:00 PM,42.348,-71.0726
COLUMBUS AV / CLARENDON ST,3:54:00 PM,42.3473,-71.0735
COLUMBUS AV / CLARENDON ST,3:55:00 PM,42.3473,-71.0735
COLUMBUS AV / CLARENDON ST,5:53:00 PM,42.3473,-71.0735
COLUMBUS AVE / GREENWICH PARK,4:47:00 PM,42.3422,-71.0798
COMMERCIAL ST / COPPS HILL TER,3:17:00 PM,42.3682,-71.0557
COMMERCIAL ST / COPPS HILL TER,3:19:00 PM,42.3682,-71.0557
COMMERCIAL ST / JACKSON AVE,12:11:00 PM,42.368,-71.0548
COMMERCIAL ST / STATE ST,12:46:00 PM,42.3593,-71.0536
COMMONWEALTH AV / GRIGGS ST,5:38:00 PM,42.3486,-71.1341
COMMONWEALTH AVE / BABCOCK ST,5:02:00 PM,42.3517,-71.1213
COMMONWEALTH AVE / SILBER WAY,4:06:00 PM,42.3494,-71.1006
COURT SQ / CITY HALL AVE,3:20:00 PM,42.3582,-71.059
COURT SQ / PIE ALY,3:22:00 PM,,
CROSS ST / HANOVER ST,2:51:00 PM,42.3626,-71.0557
CROSS ST / HANOVER ST,2:50:00 PM,42.3626,-71.0557
CROSS ST / SALEM ST,12:15:00 PM,42.363,-71.0563
DARTMOUTH ST B-N / BOYLSTON ST,12:04:00 PM,,
DARTMOUTH ST B-N / BOYLSTON ST,3:21:00 PM,,
DAY ST / CENTRE ST,5:08:00 PM,,
DAY ST / MARK ST,5:14:00 PM,42.3228,-71.1098
DEERFIELD ST / COMMONWEALTH AVE,3:40:00 PM,42.349,-71.0971
DEERFIELD ST / COMMONWEALTH AVE,3:41:00 PM,42.349,-71.0971
DEERFIELD ST / COMMONWEALTH AVE,3:39:00 PM,42.349,-71.0971
DERNE ST / BOWDOIN ST,1:26:00 PM,42.3595,-71.0629
DEVONSHIRE ST / FRANKLIN ST,12:08:00 PM,42.3554,-71.0573
DEVONSHIRE ST / SUMMER ST,4:13:00 PM,42.3537,-71.058
DORCHESTER AVE / CONGRESS ST,12:37:00 PM,,
DORCHESTER AVE / CONGRESS ST,2:16:00 PM,,
DORCHESTER AVE / CONGRESS ST,2:17:00 PM,,
DORCHESTER AVE / LEEDSVILLE ST,5:35:00 PM,42.3051,-71.059
DORCHESTER AVE / MSGR LYDON,2:21:00 PM,42.2881,-71.0637
DORCHESTER AVE / ST WILLIAM ST,6:04:00 PM,42.3149,-71.0568
DORCHESTER AVE / ST WILLIAM ST,6:05:00 PM,42.3149,-71.0568
DORCHESTER AVE / WRENTHAM ST,2:19:00 PM,42.2875,-71.0638
E 5TH ST / O ST,4:43:00 PM,42.334,-71.0292
E 5TH ST / O ST,4:42:00 PM,42.334,-71.0292
E BROADWAY / P ST,6:52:00 PM,42.3358,-71.0272
E NEWTON ST / HARRISON AVE,5:24:00 PM,42.3375,-71.072
EAST NEWTON ST / HARRISON AVE,5:27:00 PM,42.3375,-71.072
EAST SERVICE RD / CONGRESS ST,1:38:00 PM,42.3488,-71.0459
EAST SERVICE RD / SEAPORT BLVD,1:42:00 PM,42.351,-71.0439
EAST SERVICE RD / SEAPORT BLVD,1:41:00 PM,42.351,-71.0439
EAST SERVICE RD / SEAPORT BLVD,1:40:00 PM,42.351,-71.0439
EDGERLY RD / BURBANK ST,4:03:00 PM,42.3444,-71.0872
EDGERLY RD / BURBANK ST,4:04:00 PM,42.3444,-71.0872
EDGERLY RD / NEW EDGERLY RD,4:06:00 PM,,
EVANS WY / FENWAY,4:54:00 PM,,
EVANS WY / FENWAY,4:53:00 PM,,
EVANS WY / FENWAY,4:01:00 PM,,
EVANS WY / FENWAY,4:00:00 PM,,
FAIRFIELD ST / BOYLSTON ST,12:53:00 PM,42.3489,-71.0818
FAIRVIEW ST / MENDUM ST,12:44:00 PM,42.291,-71.128
FEDERAL ST / HIGH ST,2:26:00 PM,42.3536,-71.0562
FEDERAL ST / HIGH ST,1:21:00 PM,42.3536,-71.0562
FEDERAL ST / HIGH ST,2:42:00 PM,42.3536,-71.0562
FEDERAL ST / HIGH ST,2:24:00 PM,42.3536,-71.0562
FORDHAM RD / BRIGHTON AVE,5:14:00 PM,42.3524,-71.1277
FORSYTH ST / FENWAY,4:39:00 PM,,
FORSYTH ST / HEMENWAY ST,4:09:00 PM,42.3408,-71.0912
FORSYTH ST / HEMENWAY ST,4:11:00 PM,42.3408,-71.0912
FORSYTH ST / HEMENWAY ST,4:14:00 PM,42.3408,-71.0912
FORSYTH ST / HEMENWAY ST,4:13:00 PM,42.3408,-71.0912
FORSYTH ST / HEMENWAY ST,5:15:00 PM,42.3408,-71.0912
FORSYTH ST / HUNTINGTON AVE,4:07:00 PM,42.3398,-71.0906
FORSYTH WY / FENWAY,4:32:00 PM,42.3408,-71.0935
FORSYTH WY / FENWAY,4:38:00 PM,42.3408,-71.0935
FORSYTH WY / FENWAY,4:34:00 PM,42.3408,-71.0935
FORSYTH WY / FENWAY,4:30:00 PM,42.3408,-71.0935
FRANKLIN ST / ARCH ST,12:46:00 PM,42.3554,-71.058
FRANKLIN ST / BROAD ST,12:25:00 PM,42.3574,-71.0527
FRANKLIN ST / BROAD ST,2:22:00 PM,42.3574,-71.0527
FRANKLIN ST / BROAD ST,2:20:00 PM,42.3574,-71.0527
FRANKLIN ST / FEDERAL ST,1:09:00 PM,42.3555,-71.0565
FRANKLIN ST / OLIVER ST,4:10:00 PM,42.3566,-71.0539
FRANKLIN ST / PEARL ST,1:05:00 PM,42.3561,-71.0549
FRANKLIN ST / PEARL ST,12:34:00 PM,42.3561,-71.0549
FRANKLIN ST / PEARL ST,4:06:00 PM,42.3561,-71.0549
GAINSBOROUGH ST / ST BOTOLPH ST,1:54:00 PM,42.3409,-71.0857
GARDNER ST / BABCOCK ST,6:19:00 PM,42.3529,-71.121
GARDNER ST / BABCOCK ST,4:57:00 PM,42.3529,-71.121
GARDNER ST / BABCOCK ST,4:56:00 PM,42.3529,-71.121
GARDNER ST / BABCOCK ST,4:55:00 PM,42.3529,-71.121
GARDNER ST / BABCOCK ST,6:16:00 PM,42.3529,-71.121
GARDNER ST / BABCOCK ST,4:54:00 PM,42.3529,-71.121
GARRISON ST / HUNTINGTON AVE,3:55:00 PM,42.3465,-71.0804
GARRISON ST / ST BOTOLPH ST,4:52:00 PM,42.3459,-71.0796
GLOUCESTER ST / NEWBURY ST,12:56:00 PM,42.3492,-71.0841
GOVE ST / ORLEANS ST,2:52:00 PM,42.3705,-71.0355
GOVE ST / ORLEANS ST,2:53:00 PM,42.3705,-71.0355
GOVE ST / ORLEANS ST,2:52:00 PM,42.3705,-71.0355
HANCOCK ST / PAYSON AVE,1:11:00 PM,42.3145,-71.0657
HANCOCK ST / PAYSON AVE,1:11:00 PM,42.3145,-71.0657
HANOVER ST / PRINCE ST,3:42:00 PM,42.3643,-71.0539
HANOVER ST / PRINCE ST,6:57:00 PM,42.3643,-71.0539
HANOVER ST / PRINCE ST,12:13:00 PM,42.3643,-71.0539
HANSBOROUGH ST / HARVARD ST,12:51:00 PM,42.2883,-71.0927
HARRY AGGANIS WY / COMMONWEALTH AVE,3:52:00 PM,42.3515,-71.1185
HARRY AGGANIS WY / COMMONWEALTH AVE,4:45:00 PM,42.3515,-71.1185
HARVARD AVE. LOT / HARVARD AVE,1:58:00 PM,,
HARVARD AVE. LOT / HARVARD AVE. LOT,2:04:00 PM,,
HAVERHILL ST / VALENTI WAY,12:05:00 PM,,
HAVERHILL ST / VALENTI WAY,12:06:00 PM,,
HEREFORD ST B-N / BOYLSTON ST,1:04:00 PM,,
HIGH ST / BATTERYMARCH ST,4:14:00 PM,42.3564,-71.0528
HIGH ST / CONGRESS ST,2:15:00 PM,42.3546,-71.0546
HIGH ST / CONGRESS ST,2:10:00 PM,42.3546,-71.0546
HIGH ST / FEDERAL ST,1:15:00 PM,42.3536,-71.0562
HIGH ST / OLIVER ST,1:11:00 PM,42.3561,-71.0532
HIGH ST / OLIVER ST,4:16:00 PM,42.3561,-71.0532
HIGH ST / OLIVER ST,12:34:00 PM,42.3561,-71.0532
HIGH ST / PEARL ST,1:19:00 PM,42.3552,-71.054
HIGH ST / PEARL ST,1:18:00 PM,42.3552,-71.054
HIGH ST / SURFACE RD,3:09:00 PM,42.3569,-71.0512
HIGH ST / SURFACE RD,1:12:00 PM,42.3569,-71.0512
HIGH ST / SURFACE RD,12:37:00 PM,42.3569,-71.0512
HOLIDAY ST / BOWDOIN ST,1:06:00 PM,42.3018,-71.0719
HUNTINGTON AV / GARRISON ST,3:41:00 PM,42.3465,-71.0804
HUNTINGTON AVE / MASSACHUSETTS AVE,2:08:00 PM,42.3427,-71.0849
HYDE PARK AVE / WELD HILL ST,12:06:00 PM,42.2991,-71.1141
HYDE PARK AVE / WOODLAWN ST,12:03:00 PM,42.2995,-71.1139
HYDE PARK AVE / WOODLAWN ST,12:04:00 PM,42.2995,-71.1139
I ST / E 7TH ST,3:44:00 PM,42.3322,-71.0399
INDIA ST / CENTRAL ST,1:44:00 PM,42.3588,-71.0538
INDIA ST / CENTRAL ST,12:01:00 PM,42.3588,-71.0538
INDIA ST / CENTRAL ST,4:17:00 PM,42.3588,-71.0538
INDIA ST / CENTRAL ST,2:20:00 PM,42.3588,-71.0538
INDIA ST / MILK ST,1:46:00 PM,42.3585,-71.0532
INDIA ST / MILK ST,1:48:00 PM,42.3585,-71.0532
INDIA ST / MILK ST,12:03:00 PM,42.3585,-71.0532
INDIA ST / MILK ST,12:02:00 PM,42.3585,-71.0532
INDIA ST / MILK ST,1:47:00 PM,42.3585,-71.0532
IPSWICH ST / BOYLSTON ST,5:40:00 PM,42.3452,-71.0954
KILBY ST / MILK ST,6:46:00 PM,42.3573,-71.0549
KILBY ST / WATER ST,1:16:00 PM,42.3578,-71.0554
KILBY ST / WATER ST,1:16:00 PM,42.3578,-71.0554
KINGSTON ST / BEDFORD ST,2:31:00 PM,42.3533,-71.0594
KINGSTON ST / BEDFORD ST,2:30:00 PM,42.3533,-71.0594
KINGSTON ST / ESSEX ST,1:53:00 PM,42.3525,-71.0594
KINGSTON ST / SUMMER ST,2:27:00 PM,42.3541,-71.0586
KINGSTON ST / SUMMER ST,2:26:00 PM,42.3541,-71.0586
KINGSTON ST / SUMMER ST,2:25:00 PM,42.3541,-71.0586
LANSDOWNE ST / BROOKLINE AVE,2:10:00 PM,42.3472,-71.0985
LANSDOWNE ST / BROOKLINE AVE,2:07:00 PM,42.3472,-71.0985
LANSDOWNE ST / BROOKLINE AVE,2:08:00 PM,42.3472,-71.0985
LANSDOWNE ST / BROOKLINE AVE,2:07:00 PM,42.3472,-71.0985
LANSDOWNE ST / BROOKLINE AVE,2:06:00 PM,42.3472,-71.0985
LANSDOWNE ST / BROOKLINE AVE,2:10:00 PM,42.3472,-71.0985
LANSDOWNE ST / BROOKLINE AVE,2:06:00 PM,42.3472,-71.0985
LAWNDALE TER / LAMARTINE PL,1:01:00 PM,,
LOGAN AIRPORT SERVICE DR / PORTER ST,2:29:00 PM,,
LOGAN AIRPORT SERVICE DR / PORTER ST,2:32:00 PM,,
LOGAN AIRPORT SERVICE DR / PORTER ST,2:30:00 PM,,
LOGAN AIRPORT SERVICE DR / PORTER ST,2:29:00 PM,,
MARGINAL RD / SHAWMUT AVE,4:36:00 PM,42.3477,-71.0657
MARGINAL RD / SHAWMUT AVE,4:37:00 PM,42.3477,-71.0657
MARGINAL RD / TREMONT ST,3:36:00 PM,42.348,-71.068
MARGINAL ST / JEFFRIES ST,3:14:00 PM,42.364,-71.0303
MARGINAL ST / JEFFRIES ST,3:13:00 PM,42.364,-71.0303
MARKET ST. LOT / MARKET ST,1:26:00 PM,,
MASSACHUSETTS AVE / WESTLAND AVE,12:02:00 PM,42.3434,-71.0858
MAVERICK ST / ARDEE ST,5:10:00 PM,42.3663,-71.0302
MEDALLION AVE / BINFORD ST,5:48:00 PM,,
MEDALLION AVE / BINFORD ST,12:55:00 PM,,
MEDALLION AVE / BINFORD ST,5:48:00 PM,,
MEDFORD ST / BELMONT ST,6:04:00 PM,42.3821,-71.0647
MEDFORD ST / BELMONT ST,6:05:00 PM,42.3821,-71.0647
MEDFORD ST / BELMONT ST,6:03:00 PM,42.3821,-71.0647
MEDFORD ST / CAUSEWAY ST,3:07:00 PM,42.3664,-71.0594
MEDFORD ST / N WASHINGTON ST,1:12:00 PM,42.3654,-71.0583
MEDFORD ST / N WASHINGTON ST,1:15:00 PM,42.3654,-71.0583
MEDFORD ST / N WASHINGTON ST,3:04:00 PM,42.3654,-71.0583
MEDFORD ST / N WASHINGTON ST,1:12:00 PM,42.3654,-71.0583
MEDFORD ST / N WASHINGTON ST,1:14:00 PM,42.3654,-71.0583
MEDFORD ST / N WASHINGTON ST,1:14:00 PM,42.3654,-71.0583
MERCHANTS ROW / STATE ST,12:20:00 PM,42.3591,-71.0554
MERRIMAC ST / LANCASTER ST,3:39:00 PM,42.3637,-71.0621
MILK ST / KILBY ST,6:54:00 PM,42.3573,-71.0549
MILK ST / OLIVER ST,2:09:00 PM,42.3573,-71.0549
MILK ST / OLIVER ST,6:44:00 PM,42.3573,-71.0549
MILK ST / OLIVER ST,5:50:00 PM,42.3573,-71.0549
MILK ST / OLIVER ST,4:02:00 PM,42.3573,-71.0549
MILK ST / PEARL ST,12:51:00 PM,42.3569,-71.0557
MILK ST / PEARL ST,1:22:00 PM,42.3569,-71.0557
MILK ST / PEARL ST,12:52:00 PM,42.3569,-71.0557
MILK ST / PEARL ST,12:17:00 PM,42.3569,-71.0557
MILK ST / PEARL ST,12:51:00 PM,42.3569,-71.0557
MILTON AVE / NORFOLK ST,12:25:00 PM,42.2871,-71.0788
MUSEUM RD / FENWAY,4:51:00 PM,42.339,-71.0969
MUSEUM RD / FENWAY,5:00:00 PM,42.339,-71.0969
MUSEUM RD / FENWAY,4:58:00 PM,42.339,-71.0969
MUSEUM RD / FENWAY,5:00:00 PM,42.339,-71.0969
MUSEUM RD / FENWAY,5:02:00 PM,42.339,-71.0969
MUSEUM RD / FENWAY,4:50:00 PM,42.339,-71.0969
MUSEUM RD / HUNTINGTON AVE,4:46:00 PM,42.3381,-71.0947
N ANDERSON ST / FEDERAL ST,1:13:00 PM,,
NEW CHARDON ST / MERRIMAC ST,1:24:00 PM,42.363,-71.0597
NEWBURY ST B-C / BERKELEY ST,3:05:00 PM,,
NORTH ST / CROSS ST,5:17:00 PM,42.3622,-71.0548
NR 100 DARTMOUTH ST,3:42:00 PM,,
NR 101 CAUSEWAY ST,12:42:00 PM,,
NR 101 CAUSEWAY ST,2:25:00 PM,,
NR 110 BEVERLY ST,2:32:00 PM,,
NR 125 HIGH ST,4:52:00 PM,,
NR 126 HIGH ST,2:23:00 PM,,
NR 15 CATAWBA ST,12:07:00 PM,,
NR 15 CATAWBA ST,12:07:00 PM,,
NR 15 KNEELAND ST,4:59:00 PM,,
NR 161 DEVONSHIRE ST,2:02:00 PM,,
NR 17 COTTAGE ST,3:21:00 PM,,
NR 209 COLUMBUS AV,4:00:00 PM,,
NR 222 FRIEND ST,1:09:00 PM,,
NR 24 FEDERAL ST,1:59:00 PM,,
NR 241 A ST,6:05:00 PM,,
NR 241 A ST,6:04:00 PM,,
NR 241 A ST,6:04:00 PM,,
NR 241 A ST,6:02:00 PM,,
NR 241 A ST,6:03:00 PM,,
NR 241 A ST,6:01:00 PM,,
NR 241 A ST,6:00:00 PM,,
NR 241 A ST,6:01:00 PM,,
NR 241 A ST,6:07:00 PM,,
NR 241 A ST,6:05:00 PM,,
NR 241 A ST,6:06:00 PM,,
NR 241 A ST,6:01:00 PM,,
NR 241 A STREET,2:18:00 PM,,
NR 251 CAUSEWAY ST,2:39:00 PM,,
NR 251 CAUSEWAY ST,2:38:00 PM,,
NR 266 SUMMER ST,12:46:00 PM,,
NR 281 NEWBURY ST,5:25:00 PM,,
NR 289 HANOVER ST,6:39:00 PM,,
NR 30 LANCASTER ST,2:23:00 PM,,
NR 30 LANCASTER ST,1:32:00 PM,,
NR 30 LANCASTER ST,1:31:00 PM,,
NR 30 LANCASTER ST,3:44:00 PM,,
NR 337 SUMMER ST,3:35:00 PM,,
NR 364 HANOVER ST,5:03:00 PM,,
NR 400 D STREET,3:46:00 PM,,
NR 500 BOYLSTON ST C-B,5:01:00 PM,,
NR 57 CANAL ST,1:19:00 PM,,
NR 60 BRIGHTON AVE,5:12:00 PM,,
NR 63 ATLANTIC AVE,6:08:00 PM,,
NR 64 PLYMPTON ST,4:54:00 PM,,
NR 75 PARK PLAZA,4:22:00 PM,,
NR 99 BROOKLINE AV,3:59:00 PM,,
NR1 E LENOX ST,5:42:00 PM,,
NR105 WATER ST,3:46:00 PM,,
NR110 1ST AVE,4:59:00 PM,,
NR121 WATER ST,5:50:00 PM,,
NR125 NEWBURY ST,6:08:00 PM,,
NR145 NEWBURY ST C-D,2:45:00 PM,,
NR15 CATAWBA ST,12:07:00 PM,,
NR154 NEWBURY ST D-E,3:03:00 PM,,
NR160 MILK ST,12:09:00 PM,,
NR18 BOWDOIN ST,1:48:00 PM,,
NR2 COMMONWEALTH AVE,4:52:00 PM,,
NR21 SPAULDING ST,3:27:00 PM,,
NR21 SPAULDING ST,12:31:00 PM,,
NR25 NEW CHARDON ST,2:35:00 PM,,
NR25 NEW CHARDON ST,2:21:00 PM,,
NR250 CAMBRIDGE ST,2:10:00 PM,,
NR261 BOWDOIN ST,3:35:00 PM,,
NR27 COURT SQ,2:31:00 PM,,
NR27 VINELAND ST,4:51:00 PM,,
NR28 BOWDOIN ST,5:35:00 PM,,
NR284 CAMBRIDGE ST,12:03:00 PM,,
NR360 NEWBURY ST,2:55:00 PM,,
NR360 NEWBURY ST,5:16:00 PM,,
NR416 MEDFORD ST,6:03:00 PM,,
NR480 BEACON ST,2:14:00 PM,,
NR505 TREMONT ST,4:05:00 PM,,
NR52 SUMMER ST,1:21:00 PM,,
NR651 BOYLSTON ST E-D,3:18:00 PM,,
NR7 EXCHANGE PLACE,1:11:00 PM,,
NR7 FARRINGTON AVE,12:00:00 PM,,
NR8 ARLINGTON ST,4:30:00 PM,,
NR82 WATER ST,2:59:00 PM,,
NR9 BROAD ST,3:50:00 PM,,
NR9 BROAD ST,3:51:00 PM,,
OLD COLONY AVE / PREBLE ST,4:52:00 PM,42.3293,-71.0526
OLIVER ST / FRANKLIN ST,12:49:00 PM,42.3566,-71.0539
OLIVER ST / FRANKLIN ST,5:20:00 PM,42.3566,-71.0539
OLIVER ST / HIGH ST,1:13:00 PM,42.3561,-71.0532
OPERA PL / HUNTINGTON AVE,3:56:00 PM,42.3404,-71.089
OPERA PL / HUNTINGTON AVE,3:53:00 PM,42.3404,-71.089
OPERA PL / HUNTINGTON AVE,5:35:00 PM,42.3404,-71.089
OPERA PL / HUNTINGTON AVE,3:59:00 PM,42.3404,-71.089
OPP  225 SHAWMUT AVE,1:09:00 PM,,
OPP 107 MERRIMAC ST,12:11:00 PM,,
OPP 113 HAVRE ST,12:01:00 PM,,
OPP 113 HAVRE ST,4:01:00 PM,,
OPP 113 HAVRE ST,3:59:00 PM,,
OPP 1144 BENNINGTON ST,2:06:00 PM,,
OPP 116 W 1ST ST,2:09:00 PM,,
OPP 116 W 1ST ST,2:11:00 PM,,
OPP 116 W 1ST ST,4:26:00 PM,,
OPP 116 W 1ST ST,2:12:00 PM,,
OPP 116 W 1ST ST,2:11:00 PM,,
OPP 116 W 1ST ST,2:12:00 PM,,
OPP 116 W 1ST ST,2:13:00 PM,,
OPP 116 W 1ST ST,2:10:00 PM,,
OPP 116 W 1ST ST,4:25:00 PM,,
OPP 120 BROOKLINE AVE,1:59:00 PM,,
OPP 149 RICHMOND ST,12:57:00 PM,,
OPP 15 GREEN ST,12:13:00 PM,,
OPP 15 GREEN ST,12:14:00 PM,,
OPP 151 ORLEANS ST,12:41:00 PM,,
OPP 151 ORLEANS ST,2:48:00 PM,,
OPP 161 DEVONSHIRE ST,12:20:00 PM,,
OPP 161 DEVONSHIRE ST,12:19:00 PM,,
OPP 161 DEVONSHIRE ST,12:18:00 PM,,
OPP 161 DEVONSHIRE ST,12:20:00 PM,,
OPP 170 OCALLAGHAN WAY,6:23:00 PM,,
OPP 170 PORTLAND ST,1:43:00 PM,,
OPP 172 DORCHESTER ST,2:45:00 PM,,
OPP 189 DEVONSHIRE ST,12:16:00 PM,,
OPP 19 SCHOOL ST,4:52:00 PM,,
OPP 2 JACOBBE RD,3:44:00 PM,,
OPP 200 PORTLAND ST V-C,12:00:00 PM,,
OPP 201 DEVONSHIRE ST,12:15:00 PM,,
OPP 210 HEMENWAY ST,4:20:00 PM,,
OPP 214 SHAWMUT AVE,1:10:00 PM,,
OPP 219 SHAWMUT AVE,1:10:00 PM,,
OPP 219 SHAWMUT AVE,1:08:00 PM,,
OPP 225 FRIEND ST,1:36:00 PM,,
OPP 225 SHAWMUT AVE,1:08:00 PM,,
OPP 24 FEDERAL ST,1:59:00 PM,,
OPP 24 FEDERAL ST,12:12:00 PM,,
OPP 241 A STREET,5:54:00 PM,,
OPP 241 A STREET,5:56:00 PM,,
OPP 241 A STREET,5:55:00 PM,,
OPP 241 A STREET,5:54:00 PM,,
OPP 241 A STREET,5:58:00 PM,,
OPP 241 A STREET,5:57:00 PM,,
OPP 241 ST BOTOLPH ST,3:33:00 PM,,
OPP 258 LEYDEN ST,2:05:00 PM,,
OPP 258 SHAWMUT AVE,1:04:00 PM,,
OPP 263 LAMARTINE ST,1:03:00 PM,,
OPP 30 LANCASTER ST,1:31:00 PM,,
OPP 302 ASHFORD ST,6:24:00 PM,,
OPP 302 ASHFORD ST,6:24:00 PM,,
OPP 302 ASHFORD ST,6:24:00 PM,,
OPP 311 SUMMER ST,12:20:00 PM,,
OPP 311 SUMMER ST,3:24:00 PM,,
OPP 321 SUMMER ST,3:22:00 PM,,
OPP 33 ARCH ST,12:23:00 PM,,
OPP 337 SUMMER ST,3:08:00 PM,,
OPP 337 SUMMER ST,3:05:00 PM,,
OPP 337 SUMMER ST,12:18:00 PM,,
OPP 337 SUMMER ST,3:03:00 PM,,
OPP 337 SUMMER ST,12:11:00 PM,,
OPP 337 SUMMER ST,3:07:00 PM,,
OPP 337 SUMMER ST,3:04:00 PM,,
OPP 338 COMMERCIAL ST,3:29:00 PM,,
OPP 391 HANOVER ST,6:51:00 PM,,
OPP 401 D ST,12:00:00 PM,,
OPP 401 D STREET,6:13:00 PM,,
OPP 401 D STREET,3:44:00 PM,,
OPP 440 COMMERCIAL ST,3:23:00 PM,,
OPP 534 DORCHESTER AVE,12:54:00 PM,,
OPP 54 SALEM ST,6:31:00 PM,,
OPP 55 COURT ST,4:08:00 PM,,
OPP 55 COURT ST,4:08:00 PM,,
OPP 575 BOYLSTON ST D-C,5:19:00 PM,,
OPP 575 BOYLSTON ST D-C,5:21:00 PM,,
OPP 58 GLENVILLE AVE,4:12:00 PM,,
OPP 63 ATLANTIC AVE,1:11:00 PM,,
OPP 660 WASHINGTON ST,2:48:00 PM,,
OPP 81 RICHMOND ST,5:13:00 PM,,
OPP 83 ATLANTIC AVE,1:15:00 PM,,
OPP 83 ATLANTIC AVE,1:14:00 PM,,
OPP 83 ATLANTIC AVE,1:13:00 PM,,
OPP 830 WASHINGTON ST,4:31:00 PM,,
OPP 86 OCALLAGHAN WAY,6:20:00 PM,,
OPP 939 BOYLSTON ST H-G,1:05:00 PM,,
OPP 98 DARTMOUTH ST,4:00:00 PM,,
OPP100 NORTHERN AVE,2:07:00 PM,,
OPP100 NORTHERN AVE,2:09:00 PM,,
OPP101 CANAL ST V-C,1:19:00 PM,,
OPP105 WATER ST,1:32:00 PM,,
OPP11 SCHOOL ST,1:34:00 PM,,
OPP117 WATER ST,12:16:00 PM,,
OPP121 WATER ST,1:30:00 PM,,
OPP147 CENTRE ST,6:08:00 PM,,
OPP15 ALBANO ST,1:17:00 PM,,
OPP167 MILK ST,4:21:00 PM,,
OPP171 MILK ST,12:11:00 PM,,
OPP20 EVANS WY,3:44:00 PM,,
OPP226 CALUMET ST,12:04:00 PM,,
OPP30 EVANS WAY,3:53:00 PM,,
OPP30 EVANS WY,3:50:00 PM,,
OPP30 EVANS WY,3:47:00 PM,,
OPP30 EVANS WY,3:55:00 PM,,
OPP325 E EAGLE ST,1:04:00 PM,,
OPP337 SUMMER ST,12:15:00 PM,,
OPP75 NORTHERN AV,1:54:00 PM,,
OPP87 KILBY ST,1:19:00 PM,,
OPP9 BROAD ST C-S,4:42:00 PM,,
ORLEANS ST / PORTER ST,12:35:00 PM,42.3719,-71.0339
ORLEANS ST / PORTER ST,12:37:00 PM,42.3719,-71.0339
ORLEANS ST / PORTER ST,4:54:00 PM,42.3719,-71.0339
ORLEANS ST / PORTER ST,12:36:00 PM,42.3719,-71.0339
ORLEANS ST / PORTER ST,12:34:00 PM,42.3719,-71.0339
OTIS ST / DEVONSHIRE ST,4:20:00 PM,42.3551,-71.0575
OTIS ST / DEVONSHIRE ST,2:31:00 PM,42.3551,-71.0575
OTIS ST / SUMMER ST,2:34:00 PM,42.3541,-71.0586
OTIS ST / SUMMER ST,3:10:00 PM,42.3541,-71.0586
OTIS ST / SUMMER ST,2:33:00 PM,42.3541,-71.0586
OVERLAND ST / BROOKLINE AVE,3:56:00 PM,42.3461,-71.0997
PARK ST / WARREN ST,1:24:00 PM,42.373,-71.061
PARKVALE AVE / BRIGHTON AVE,4:53:00 PM,42.3531,-71.1331
PEARL ST / FRANKLIN ST,12:55:00 PM,42.3561,-71.0549
PEARL ST / FRANKLIN ST,12:55:00 PM,42.3561,-71.0549
PEARL ST / HIGH ST,1:21:00 PM,42.3552,-71.054
PEARL ST / HIGH ST,12:17:00 PM,42.3552,-71.054
PEARL ST / HIGH ST,12:18:00 PM,42.3552,-71.054
PEARL ST / HIGH ST,12:19:00 PM,42.3552,-71.054
PEARL ST / MILK ST,3:30:00 PM,42.3569,-71.0557
PEARL ST / MILK ST,12:53:00 PM,42.3569,-71.0557
PONTIAC ST / TREMONT ST,6:56:00 PM,42.3327,-71.1006
PORTLAND ST / CAUSEWAY ST,12:03:00 PM,42.3648,-71.0623
PORTLAND ST / VALENTI WAY,1:06:00 PM,42.3637,-71.061
PORTLAND ST / VALENTI WAY,12:15:00 PM,42.3637,-71.061
PROVIDENCE ST / BERKELEY ST,4:03:00 PM,42.3508,-71.0728
PROVINCE ST / BROMFIELD ST,3:06:00 PM,42.3567,-71.0602
PROVINCE ST / SCHOOL ST,1:52:00 PM,42.3577,-71.0594
QUAKER LN / CONGRESS ST,1:07:00 PM,42.358,-71.0565
RALEIGH ST / BAY STATE ROAD,2:18:00 PM,42.3499,-71.0953
RALEIGH ST / BAY STATE ROAD,2:17:00 PM,42.3499,-71.0953
RALEIGH ST / BAY STATE ROAD,2:18:00 PM,42.3499,-71.0953
RICHMOND ST / HANOVER ST,12:57:00 PM,42.3636,-71.0546
ROXBURY ST / HIGHLAND ST,12:36:00 PM,,
ROXBURY ST / HIGHLAND ST,12:36:00 PM,,
ROXBURY ST / MALCOLM X BLVD,12:34:00 PM,42.3306,-71.0883
RUTLAND ST / HAVEN ST,5:27:00 PM,,
SCHOOL ST / PROVINCE ST,1:37:00 PM,42.3577,-71.0594
SCHOOL ST / WASHINGTON ST,1:43:00 PM,42.3574,-71.0583
SCHOOL ST / WASHINGTON ST,1:33:00 PM,42.3574,-71.0583
SCOTIA ST / ST CECILIA ST,3:46:00 PM,42.347,-71.0865
SCOTIA ST / ST CECILIA ST,5:23:00 PM,42.347,-71.0865
SEAVERNS AVE / CENTRE ST,5:33:00 PM,42.3123,-71.1142
SHAWMUT AVE / UNION PARK ST,12:58:00 PM,42.3421,-71.0706
SHAWMUT AVE / W DEDHAM ST,12:56:00 PM,42.3413,-71.072
SHAWMUT AVE / W DEDHAM ST,12:54:00 PM,42.3413,-71.072
SOMERSET ST / BEACON ST,2:25:00 PM,42.3583,-71.0615
SOMERSET ST / BEACON ST,2:27:00 PM,42.3583,-71.0615
SOUTH ST / POPLAR ST,5:09:00 PM,42.2869,-71.1286
SPAULDING ST / ROSEMARY ST,5:26:00 PM,,
ST JAMES AV / BERKELEY ST,5:39:00 PM,42.3504,-71.0726
ST MARTIN ST / BUNKER HILL ST,5:20:00 PM,42.3819,-71.0686
STANIFORD ST / CAMBRIDGE ST,1:09:00 PM,42.3611,-71.0638
STATE ST / COMMERCIAL ST,12:01:00 PM,42.3593,-71.0536
STATE ST / MERCHANTS ROW,3:20:00 PM,42.3591,-71.0554
STILLMAN ST / N MARGIN ST,4:53:00 PM,42.3639,-71.0566
STUART ST / ARLINGTON ST,3:45:00 PM,42.3501,-71.0699
STUART ST / BERKELEY ST,3:50:00 PM,42.3495,-71.0722
STUART ST / BERKELEY ST,3:52:00 PM,42.3495,-71.0722
STUART ST / CHURCH ST,4:28:00 PM,42.3505,-71.0687
STUART ST / CLARENDON ST,12:07:00 PM,42.3489,-71.0744
STUART ST / DARTMOUTH ST,12:39:00 PM,42.3483,-71.0764
STUART ST / DARTMOUTH ST,12:38:00 PM,42.3483,-71.0764
STUART ST / DARTMOUTH ST,4:08:00 PM,42.3483,-71.0764
STUART ST / TRINITY PL,3:47:00 PM,42.3486,-71.0754
STUART ST / TRINITY PL,3:45:00 PM,42.3486,-71.0754
SUMMER ST / ARCH ST,2:08:00 PM,42.3544,-71.0591
SUMMER ST / D ST,12:06:00 PM,42.3462,-71.0422
SUMMER ST / D ST,5:27:00 PM,42.3462,-71.0422
SUMMER ST / D ST,2:59:00 PM,42.3462,-71.0422
SUMMER ST / D ST,3:00:00 PM,42.3462,-71.0422
SUMMER ST / D ST,12:05:00 PM,42.3462,-71.0422
SUMMER ST / LINCOLN ST,5:37:00 PM,42.3535,-71.0577
SUMMER ST / WORLD TRADE CENTER AVE,12:08:00 PM,,
SUMMER ST / WORLD TRADE CENTER AVE,12:09:00 PM,,
SURFACE RD / HANOVER ST,1:26:00 PM,42.3622,-71.0565
SURFACE RD / HANOVER ST,3:44:00 PM,42.3622,-71.0565
SURFACE RD / HANOVER ST,1:27:00 PM,42.3622,-71.0565
SURFACE RD / HANOVER ST,1:25:00 PM,42.3622,-71.0565
SURFACE RD / HANOVER ST,1:23:00 PM,42.3622,-71.0565
SURFACE RD / HANOVER ST,1:26:00 PM,42.3622,-71.0565
TEMPLE ST / WASHINGTON ST,3:13:00 PM,,
TEMPLE ST / WASHINGTON ST,3:13:00 PM,,
THATCHER ST / ENDICOTT ST,4:19:00 PM,,
TIBBETTS TOWN WAY / DUNSTABLE ST,1:02:00 PM,,
TIBBETTS TOWN WAY / DUNSTABLE ST,1:04:00 PM,,
TREMLETT ST / WASHINGTON ST,3:03:00 PM,42.2944,-71.072
TREMONT ST / STUART ST,5:52:00 PM,42.3511,-71.0649
VALENTI WAY / CANAL ST,4:44:00 PM,42.3643,-71.0599
VALENTI WAY / CANAL ST,5:42:00 PM,42.3643,-71.0599
VALENTI WAY / CANAL ST,5:43:00 PM,42.3643,-71.0599
VALENTI WAY / CANAL ST,12:00:00 PM,42.3643,-71.0599
VALENTI WAY / CANAL ST,12:01:00 PM,42.3643,-71.0599
VALENTI WAY / CANAL ST,12:00:00 PM,42.3643,-71.0599
VALENTI WAY / CANAL ST,1:15:00 PM,42.3643,-71.0599
VALENTI WAY / CANAL ST,5:43:00 PM,42.3643,-71.0599
VALENTI WAY / CANAL ST,4:44:00 PM,42.3643,-71.0599
VALENTI WAY / FRIEND ST,1:15:00 PM,42.364,-71.0605
VALENTI WAY / PORTLAND ST,2:15:00 PM,42.3637,-71.061
VINING ST / FENWOOD RD,1:09:00 PM,42.3353,-71.108
VINING ST / FRANCIS ST,1:06:00 PM,42.3358,-71.1075
WARREN ST / TABER ST,12:19:00 PM,42.3301,-71.0832
WARRENTON ST / CHARLES ST S,5:40:00 PM,,
WASHINGTON ST / *AT PUBLIC LOT,2:53:00 PM,,
WASHINGTON ST / *AT PUBLIC LOT,2:50:00 PM,,
WASHINGTON ST / *AT PUBLIC LOT,2:51:00 PM,,
WASHINGTON ST / *AT PUBLIC LOT,2:52:00 PM,,
WASHINGTON ST / *AT PUBLIC LOT,2:48:00 PM,,
WASHINGTON ST / ASTICOU RD,3:24:00 PM,42.3005,-71.1147
WASHINGTON ST / CUMMINS HWY,4:04:00 PM,42.2864,-71.1281
WASHINGTON ST / CUMMINS HWY,4:05:00 PM,42.2864,-71.1281
WASHINGTON ST / E BROOKLINE ST,12:46:00 PM,42.3396,-71.0725
WASHINGTON ST / HARLEM ST,3:30:00 PM,,
WASHINGTON ST / KITTREDGE ST,5:15:00 PM,42.2851,-71.1296
WASHINGTON ST / KNEELAND ST,5:45:00 PM,42.3509,-71.063
WASHINGTON ST / OAK ST W,4:35:00 PM,42.3484,-71.0641
WASHINGTON ST / ROSEDALE ST,2:43:00 PM,42.2929,-71.0718
WASHINGTON ST / TEMPLE ST,3:11:00 PM,,
WASHINGTON ST / W TREMLETT ST,2:33:00 PM,42.2946,-71.072
WASHINGTON ST / WATER ST,3:08:00 PM,42.3577,-71.0581
WASHINGTON ST / WATER ST,1:01:00 PM,42.3577,-71.0581
WATER ST / BATTERYMARCH ST,2:32:00 PM,42.3579,-71.0551
WATER ST / BROAD ST,1:34:00 PM,42.3584,-71.0542
WATER ST / CONGRESS ST,1:45:00 PM,42.3576,-71.0564
WELLINGTON HILL ST / HILLSBORO RD,12:10:00 PM,42.2826,-71.0965
WELLINGTON HILL ST / MORTON ST,12:15:00 PM,42.2849,-71.0928
WELLINGTON HILL ST / ORMOND ST,12:05:00 PM,42.2798,-71.0936
WINTHROP ST / MAIN ST,2:23:00 PM,42.3734,-71.0623
X 100 EAST NEWTON ST,4:16:00 PM,,
X 100 MILK ST,6:42:00 PM,,
X 100 STUART ST,12:33:00 PM,,
X 110 STUART ST,3:47:00 PM,,
X 110 STUART ST,1:06:00 PM,,
X 110 STUART ST,5:23:00 PM,,
X 110 STUART ST,4:47:00 PM,,
X 121 CHARLES ST S,5:42:00 PM,,
X 121 CHARLES ST SOUTH,3:30:00 PM,,
X 121 CHARLES ST SOUTH,4:32:00 PM,,
X 1601 WASHINGTON ST,6:38:00 PM,,
X 19 CORTES ST,4:39:00 PM,,
X 19 SCOTIA ST,6:33:00 PM,,
X 19 SCOTIA ST,3:48:00 PM,,
X 200 BERKELEY ST,5:43:00 PM,,
X 200 BERKELEY ST,3:35:00 PM,,
X 24 CLINTON ST,2:13:00 PM,,
X 27 WAREHAM ST,5:13:00 PM,,
X 3 SULLIVAN ST,12:31:00 PM,,
X 360 MAIN ST,12:44:00 PM,,
X 370 STUART ST,4:17:00 PM,,
X 370 STUART ST,4:15:00 PM,,
X 370 STUART ST,6:05:00 PM,,
X 450 BROOKLINE AVE,2:16:00 PM,,
X 52 PLYMPTON ST,4:59:00 PM,,
X 527 NEWBURY EXTENSION,2:06:00 PM,,
X 535 NEWBURY EXTENSION,2:03:00 PM,,
X 535 NEWBURY ST EXT,2:01:00 PM,,
X 543 ALBANY ST,5:02:00 PM,,
X 545 ALBANY ST,4:49:00 PM,,
X 545 ALBANY ST,4:52:00 PM,,
X 575 ALBANY ST,4:46:00 PM,,
X 64 PLYMPTON ST,4:57:00 PM,,
X 68 EDGERLY RD,4:01:00 PM,,
X 700 ALBANY ST,4:24:00 PM,,
X1 OVERLAND ST,3:58:00 PM,,
X1 UNION ST,5:30:00 PM,,
X10 GOVE ST,12:35:00 PM,,
X100 MILK ST,5:00:00 PM,,
X115 WATER ST,4:51:00 PM,,
X116 WARREN ST,1:47:00 PM,,
X12 BOWDOIN ST,1:58:00 PM,,
X12 BOWDOIN ST,1:59:00 PM,,
X122 WARREN ST,1:47:00 PM,,
X122 WARREN ST,1:48:00 PM,,
X145 PROVIDENCE ST,2:02:00 PM,,
X145 PROVIDENCE ST,3:59:00 PM,,
X145 PROVIDENCE ST,2:00:00 PM,,
X15 UNION ST,3:36:00 PM,,
X15 UNION ST,5:01:00 PM,,
X154 PROVIDENCE ST,1:55:00 PM,,
X1595 WASHINGTON ST,6:50:00 PM,,
X1595 WASHINGTON ST,6:48:00 PM,,
X1595 WASHINGTON ST,6:48:00 PM,,
X1595 WASHINGTON ST,6:49:00 PM,,
X161 DEVONSHIRE ST,2:27:00 PM,,
X161 DEVONSHIRE ST,1:01:00 PM,,
X171 MILK ST,6:56:00 PM,,
X172 N BEACON ST,4:59:00 PM,,
X18 TYLER ST,2:50:00 PM,,
X180 LINCOLN ST,1:27:00 PM,,
X181 DEVONSHIRE ST,4:37:00 PM,,
X19 HUDSON ST,1:42:00 PM,,
X19 SCOTIA ST,6:33:00 PM,,
X2 OLIVER ST,12:31:00 PM,,
X20 CITY SQ,4:10:00 PM,,
X20 PARK PLAZA,5:36:00 PM,,
X20 PARK PLAZA,4:24:00 PM,,
X20 PARK PLAZA,5:35:00 PM,,
X20 STANIFORD ST,2:07:00 PM,,
X209 COLUMBUS AV,5:27:00 PM,,
X209 COLUMBUS AVE,5:28:00 PM,,
X21 HUDSON ST,1:41:00 PM,,
X214 LINCOLN ST,3:46:00 PM,,
X22 CLINTON ST,1:10:00 PM,,
X22 CLINTON ST,1:06:00 PM,,
X22 CLINTON ST,12:11:00 PM,,
X22 CLINTON ST,1:10:00 PM,,
X221 COLUMBUS AV,5:25:00 PM,,
X229 BERKELEY ST,12:24:00 PM,,
X241 ST BOTOLPH ST,1:57:00 PM,,
X241 ST BOTOLPH ST,1:56:00 PM,,
X241 ST BOTOLPH ST,2:01:00 PM,,
X25 N ANDERSON ST,12:21:00 PM,,
X25 N ANDERSON ST,12:22:00 PM,,
X260 BERKELEY ST,3:02:00 PM,,
X260 BERKELEY ST,3:03:00 PM,,
X276 ADAMS ST,3:55:00 PM,,
X286 ADAMS ST,3:52:00 PM,,
X286 ADAMS ST,3:50:00 PM,,
X286 ADAMS ST,3:54:00 PM,,
X286 ADAMS ST,3:53:00 PM,,
X286 ADAMS ST,3:51:00 PM,,
X290 BERKELEY ST,3:00:00 PM,,
X3 HUDSON ST,1:37:00 PM,,
X3 HUDSON ST,1:44:00 PM,,
X302 ASHFORD ST,12:17:00 PM,,
X302 ASHFORD ST,6:24:00 PM,,
X302 ASHFORD ST,6:22:00 PM,,
X302 ASHFORD ST,6:24:00 PM,,
X320 NEWBURY ST H-M,5:20:00 PM,,
X320 NEWBURY ST H-M,4:06:00 PM,,
X33 ARCH ST,12:14:00 PM,,
X33 ARCH ST,2:18:00 PM,,
X33 ARCH ST,4:53:00 PM,,
X33 ARCH ST,12:12:00 PM,,
X33 ARCH ST,4:11:00 PM,,
X33 ARCH ST,2:19:00 PM,,
X33 ARCH ST,12:11:00 PM,,
X352 NEWBURY ST EXT,2:08:00 PM,,
X36 BEACON ST,2:48:00 PM,,
X375 BUNKER HILL ST,5:16:00 PM,,
X375 NEWBURY EXT,12:00:00 PM,,
X375 NEWBURY EXT,12:04:00 PM,,
X375 NEWBURY EXT,12:02:00 PM,,
X375 NEWBURY EXT,12:03:00 PM,,
X379 BUNKER HILL ST,5:16:00 PM,,
X39 BEACON ST,2:44:00 PM,,
X39 BEACON ST,2:47:00 PM,,
X40 BEACON ST,2:45:00 PM,,
X40 HEREFORD ST,4:11:00 PM,,
X40 HEREFORD ST,2:47:00 PM,,
X40 HEREFORD ST,12:30:00 PM,,
X40 HEREFORD ST,4:10:00 PM,,
X41 BEACON ST,2:46:00 PM,,
X411 BUNKER HILL ST,3:09:00 PM,,
X411 NEWBURY EXT,12:05:00 PM,,
X411 NEWBURY EXT,5:32:00 PM,,
X415 NEWBURY EXT,12:10:00 PM,,
X415 NEWBURY EXT,12:08:00 PM,,
X415 NEWBURY EXT,12:07:00 PM,,
X415 NEWBURY EXT,5:33:00 PM,,
X415 NEWBURY EXT,5:35:00 PM,,
X415 NEWBURY EXT,12:09:00 PM,,
X423 BUNKER HILL ST,12:55:00 PM,,
X425 NEWBURY EXT,12:12:00 PM,,
X425 NEWBURY EXT,5:37:00 PM,,
X425 NEWBURY EXT,5:39:00 PM,,
X425 NEWBURY EXT,5:36:00 PM,,
X425 NEWBURY EXT,5:38:00 PM,,
X429 NEWBURY EXTENSION,12:15:00 PM,,
X44 COOPER ST,4:58:00 PM,,
X45 PROVIDENCE ST,3:56:00 PM,,
X450 BROOKLINE AVE,2:16:00 PM,,
X465 COLUMBUS AVE,5:08:00 PM,,
X48 TREMONT ST,12:01:00 PM,,
X488 TREMONT ST,4:02:00 PM,,
X50 BEACON ST,2:43:00 PM,,
X50 BEACON ST,2:44:00 PM,,
X500 BOYLSTON ST,12:36:00 PM,,
X500 BOYLSTON ST,12:36:00 PM,,
X500 NEWBURY ST EXT,2:03:00 PM,,
X52 KNEELAND ST,4:08:00 PM,,
X52 KNEELAND ST,4:09:00 PM,,
X52 W BROADWAY,4:24:00 PM,,
X527 TREMONT ST,12:14:00 PM,,
X527 TREMONT ST,12:12:00 PM,,
X531 NEWBURY ST EXT,2:06:00 PM,,
X535 NEWBURY ST EXT,5:18:00 PM,,
X535 NEWBURY ST EXT,5:15:00 PM,,
X572 CENTRE ST,4:45:00 PM,,
X576 CENTRE ST,4:43:00 PM,,
X576 CENTRE ST,4:44:00 PM,,
X580 CENTRE ST,4:42:00 PM,,
X603 NEWBURY ST EXT,5:21:00 PM,,
X667 E BROADWAY,5:39:00 PM,,
X67 NEWBURY ST,12:58:00 PM,,
X68 HARRISON AVE,3:00:00 PM,,
X76 CHARLES ST SOUTH,3:50:00 PM,,
X78 CHARLES ST SOUTH,3:48:00 PM,,
X8 GARRISON ST,3:48:00 PM,,
X8 GARRISON ST,3:46:00 PM,,
X84 BEACH ST,1:32:00 PM,,
X87 BEACON ST,2:29:00 PM,,
X87 BEACON ST,2:26:00 PM,,
X90 MEDFORD ST,3:29:00 PM,,
X91 WARREN ST,2:56:00 PM,,
X944 E BROADWAY,6:54:00 PM,,
