location,time,latitude,longitude
*AT PUBLIC LOT / E BROADWAY,5:01:00 PM,,
*AT PUBLIC LOT / E BROADWAY,5:01:00 PM,,
*AT PUBLIC LOT / E BROADWAY,5:01:00 PM,,
*AT PUBLIC LOT / E BROADWAY,4:59:00 PM,,
*AT PUBLIC LOT / E BROADWAY,5:00:00 PM,,
*AT PUBLIC LOT / E BROADWAY,5:02:00 PM,,
*AT PUBLIC LOT / W BROADWAY,2:31:00 PM,,
*AT PUBLIC LOT / W BROADWAY,2:26:00 PM,,
*AT PUBLIC LOT / W BROADWAY,2:22:00 PM,,
*AT PUBLIC LOT / W BROADWAY,2:34:00 PM,,
*AT PUBLIC LOT / W BROADWAY,4:29:00 PM,,
*AT PUBLIC LOT / W BROADWAY,2:36:00 PM,,
*AT PUBLIC LOT / W BROADWAY,2:27:00 PM,,
*AT PUBLIC LOT / W BROADWAY,2:33:00 PM,,
*AT PUBLIC LOT / W BROADWAY,2:16:00 PM,,
*AT PUBLIC LOT / W BROADWAY,2:28:00 PM,,
*AT PUBLIC LOT / W BROADWAY,4:36:00 PM,,
*AT PUBLIC LOT / W BROADWAY,2:21:00 PM,,
*AT PUBLIC LOT / W BROADWAY,2:24:00 PM,,
*AT PUBLIC LOT / W BROADWAY,5:57:00 PM,,
*AT PUBLIC LOT / W BROADWAY,2:34:00 PM,,
*AT PUBLIC LOT / W BROADWAY,2:20:00 PM,,
*AT PUBLIC LOT / W BROADWAY,2:28:00 PM,,
*AT PUBLIC LOT / W BROADWAY,2:32:00 PM,,
*AT PUBLIC LOT / W BROADWAY,2:21:00 PM,,
*AT PUBLIC LOT / W BROADWAY,2:24:00 PM,,
*AT PUBLIC LOT / W BROADWAY,4:30:00 PM,,
*AT PUBLIC LOT / W BROADWAY,4:40:00 PM,,
*AT PUBLIC LOT / W BROADWAY,2:29:00 PM,,
1 CENTER PLAZA,5:30:00 PM,42.3605,-71.0608
1 PARK ST,4:21:00 PM,42.357,-71.0622
1 PARK ST,1:18:00 PM,42.357,-71.0622
1 ST CECILIA ST,12:00:00 PM,,
1 UNION ST,4:42:00 PM,,
10 A ST,6:02:00 PM,42.3409,-71.0568
10 A ST,6:02:00 PM,42.3409,-71.0568
10 BEACON ST,4:12:00 PM,,
10 ST JAMES AVE,5:23:00 PM,42.3505,-71.071
100 ASHFORD ST,5:44:00 PM,42.3546,-71.1237
100 ASHFORD ST,5:42:00 PM,42.3546,-71.1237
100 BROOKLINE AV,12:46:00 PM,42.346,-71.0994
100 MALVERN ST,5:45:00 PM,,
100 MALVERN ST,5:46:00 PM,,
100 MALVERN ST,5:46:00 PM,,
100 MALVERN ST,5:44:00 PM,,
100 MILK ST,5:08:00 PM,42.3572,-71.0555
100 N WASHINGTON,5:43:00 PM,,
100 N WASHINGTON,5:42:00 PM,,
100 N WASHINGTON,5:39:00 PM,,
100 STATE ST,12:24:00 PM,42.3592,-71.0551
100 STATE ST,12:21:00 PM,42.3592,-71.0551
100 STATE ST,1:34:00 PM,42.3592,-71.0551
100 STATE ST,12:03:00 PM,42.3592,-71.0551
100 W CONCORD ST,1:03:00 PM,42.3388,-71.0763
1000 DORCHESTER AVE,1:22:00 PM,42.3165,-71.0564
1004 HYDE PARK AVE,6:02:00 PM,42.2652,-71.1209
102 BEACON ST,1:10:00 PM,42.3555,-71.0735
102 BEVERLY ST,6:48:00 PM,42.3653,-71.0599
102 PARIS ST,12:14:00 PM,42.3725,-71.0378
103 ARCH ST,2:23:00 PM,42.3549,-71.0589
103 ARCH ST,12:29:00 PM,42.3549,-71.0589
103 ARCH ST,2:28:00 PM,42.3549,-71.0589
103 BEACON ST,1:08:00 PM,42.3551,-71.0729
103 BEACON ST,5:47:00 PM,42.3551,-71.0729
103 SOUTH ST,5:32:00 PM,,
104 BROOKLINE AVE,6:01:00 PM,42.3459,-71.0995
104 CANAL ST V-C,1:21:00 PM,,
104 FORSYTH ST,1:22:00 PM,42.3382,-71.0898
104 FORSYTH ST,1:23:00 PM,42.3382,-71.0898
105 BEACH ST,1:22:00 PM,,
105 CHARLES ST,6:30:00 PM,42.3592,-71.0705
105 N WASHINGTON,5:34:00 PM,,
105 WATER ST,3:44:00 PM,,
106 WEBSTER ST,3:20:00 PM,42.3668,-71.0367
1065 COMMONWEALTH AV,5:23:00 PM,42.3527,-71.1233
107 BEACON ST,1:07:00 PM,42.355,-71.073
109 BROOKLINE AV,3:00:00 PM,42.3463,-71.1008
109 CHARLES ST,6:32:00 PM,42.3593,-71.0705
11 AV DE LAFAYETTE,3:12:00 PM,,
11 AVENUE DE LAFAYETTE,5:15:00 PM,42.3529,-71.0606
11 AVENUE DE LAFAYETTE,12:01:00 PM,42.3529,-71.0606
11 BURNEY ST,12:20:00 PM,42.3319,-71.0997
11 DEERFIELD ST,1:37:00 PM,,
11 DEERFIELD ST,3:38:00 PM,,
11 FENWOOD RD,4:28:00 PM,42.3342,-71.1059
11 NEWCOMB ST,2:11:00 PM,42.3343,-71.0786
110 BEVERLY ST,1:33:00 PM,42.3653,-71.0599
110 BEVERLY ST,1:34:00 PM,42.3653,-71.0599
110 BEVERLY ST,1:34:00 PM,42.3653,-71.0599
110 BEVERLY ST,1:32:00 PM,42.3653,-71.0599
110 BEVERLY ST,1:36:00 PM,42.3653,-71.0599
110 BEVERLY ST,1:31:00 PM,42.3653,-71.0599
110 BEVERLY ST,1:38:00 PM,42.3653,-71.0599
110 CANAL ST,1:21:00 PM,42.3644,-71.0603
110 HIGH ST,1:11:00 PM,,
110 HIGH ST,12:49:00 PM,,
110 HIGH ST,12:49:00 PM,,
110 W CONCORD ST,1:04:00 PM,42.339,-71.0766
1106 COMMONWEALTH AV,4:53:00 PM,42.3515,-71.1246
1111 COMMONWEALTH AV,5:23:00 PM,42.352,-71.1262
1117 COMMONWEALTH AV,5:21:00 PM,42.3517,-71.1258
1117 COMMONWEALTH AV,5:22:00 PM,42.3517,-71.1258
112 BEACON ST,1:11:00 PM,42.3554,-71.0738
112 NEWBURY ST C-D,5:18:00 PM,,
112 SOUTH ST,12:35:00 PM,42.306,-71.1147
113 BEACON ST,1:06:00 PM,42.355,-71.0732
114 SOUTH ST,5:37:00 PM,42.306,-71.1147
114 STATE ST,12:02:00 PM,42.3593,-71.0549
115 BEACON ST,5:46:00 PM,42.3549,-71.0733
115 NEWBURY ST,4:04:00 PM,42.3515,-71.0762
115 NEWBURY ST,12:53:00 PM,42.3515,-71.0762
115 NEWBURY ST,4:03:00 PM,42.3515,-71.0762
115 W 1ST ST,12:12:00 PM,,
115 W 1ST ST,2:53:00 PM,,
116 NEWBURY ST C-D,4:09:00 PM,,
116 SOUTH ST,2:56:00 PM,42.3509,-71.0572
1169 COMMONWEALTH AVE,5:28:00 PM,42.3508,-71.1284
117 BEACON ST,5:46:00 PM,42.2558,-71.1117
117 WATER ST,6:47:00 PM,42.3581,-71.0546
118 W CONCORD ST,1:05:00 PM,42.3392,-71.0768
119 BEACH ST,1:40:00 PM,42.3506,-71.058
119 NEWBURY ST C-D,5:39:00 PM,,
1192 BLUE HILL AVE,4:45:00 PM,42.2838,-71.0913
1194 BLUE HILL AVE,4:44:00 PM,42.2836,-71.0914
1197 COMMONWEALTH AVE,5:31:00 PM,42.3509,-71.1296
1198 BLUE HILL AVE,4:43:00 PM,42.2837,-71.092
12 BORDER ST,1:03:00 PM,42.3724,-71.0412
12 BOWDOIN ST,4:07:00 PM,42.2997,-71.073
1200 WASHINGTON ST,4:10:00 PM,42.3432,-71.0663
1202 COMMONWEALTH AV,4:46:00 PM,42.3502,-71.13
1202 COMMONWEALTH AV,4:47:00 PM,42.3502,-71.13
121 BEACON ST,1:05:00 PM,42.256,-71.1115
121 BEACON ST,5:44:00 PM,42.256,-71.1115
121 BEACON ST,5:44:00 PM,42.256,-71.1115
121 HAVRE ST,12:07:00 PM,42.3728,-71.0381
121 NEWBURY ST,4:01:00 PM,42.3515,-71.0765
121 NEWBURY ST C-D,2:37:00 PM,,
121 WATER ST,3:10:00 PM,42.3581,-71.0546
1212 COMMONWEALTH AV,4:49:00 PM,,
1212 COMMONWEALTH AV,4:48:00 PM,,
1212 COMMONWEALTH AV,4:50:00 PM,,
122 DEWITT DR,12:03:00 PM,42.3328,-71.0847
122 MILK ST,3:28:00 PM,42.358,-71.0543
123 LINCOLN ST,3:25:00 PM,42.3515,-71.0586
123 N WASHINGTON,5:35:00 PM,,
123 NEWBURY ST A-B,2:56:00 PM,,
123 SOUTH ST,2:36:00 PM,42.3513,-71.0575
124 BEACON ST,1:13:00 PM,42.3552,-71.0744
1247 COMMONWEALTH AV,4:54:00 PM,42.3503,-71.132
1247 COMMONWEALTH AV,4:54:00 PM,42.3503,-71.132
125 HIGH ST,1:18:00 PM,42.3553,-71.0531
125 HIGH ST,4:43:00 PM,42.3553,-71.0531
125 HIGH ST,3:00:00 PM,42.3553,-71.0531
125 HIGH ST,6:57:00 PM,42.3553,-71.0531
125 LINCOLN ST,3:24:00 PM,42.3514,-71.0586
1251 COMMONWEALTH AVE,5:37:00 PM,42.3501,-71.1326
126 BROOKLINE AV,5:58:00 PM,42.3453,-71.1002
126 BROOKLINE AV,12:43:00 PM,42.3453,-71.1002
126 HIGH ST,1:19:00 PM,42.3556,-71.0539
126 HIGH ST,4:44:00 PM,42.3556,-71.0539
126 NEWBURY ST,4:01:00 PM,42.351,-71.0764
126 NEWBURY ST,1:00:00 PM,42.351,-71.0764
126 NEWBURY ST,6:19:00 PM,42.351,-71.0764
126 NEWBURY ST,12:51:00 PM,42.351,-71.0764
126 NEWBURY ST,3:59:00 PM,42.351,-71.0764
126 STATE ST,12:01:00 PM,42.3593,-71.0546
1262 WASHINGTON ST,4:06:00 PM,42.3423,-71.0668
1262 WASHINGTON ST,4:08:00 PM,42.3423,-71.0668
127 BEACON ST,5:43:00 PM,42.3548,-71.0737
1280 WASHINGTON ST,5:50:00 PM,42.3421,-71.0676
1280 WASHINGTON ST,5:50:00 PM,42.3421,-71.0676
129 SOUTH ST,12:07:00 PM,,
13 GARRISON ST,12:51:00 PM,42.346,-71.08
13 TREMLETT ST,4:50:00 PM,42.2945,-71.0706
131 PINCKNEY ST,2:13:00 PM,,
1310 COMMONWEALTH AV,5:46:00 PM,42.3483,-71.1341
1313 WASHINGTON ST,4:04:00 PM,,
1316 COMMONWEALTH AV,5:48:00 PM,,
1316 COMMONWEALTH AV,5:47:00 PM,,
132 CANAL ST,2:00:00 PM,42.3646,-71.0606
132 CANAL ST V-C,1:22:00 PM,,
132 NEWBURY ST C-D,2:30:00 PM,,
133 BEACON ST,5:41:00 PM,42.3548,-71.074
133 FEDERAL ST,12:01:00 PM,42.3543,-71.0566
133 FEDERAL ST,4:50:00 PM,42.3543,-71.0566
133 FEDERAL ST,3:52:00 PM,42.3543,-71.0566
133 FEDERAL ST,1:02:00 PM,42.3543,-71.0566
133 FEDERAL ST,2:46:00 PM,42.3543,-71.0566
133 FEDERAL ST,1:00:00 PM,42.3543,-71.0566
133 FEDERAL ST,4:51:00 PM,42.3543,-71.0566
133 FEDERAL ST,1:01:00 PM,42.3543,-71.0566
133 MOUNT VERNON ST,2:14:00 PM,42.3577,-71.0712
133 NEWBURY ST C-D,5:35:00 PM,,
133 SOUTH ST,3:03:00 PM,42.3054,-71.1149
133 W 3RD ST,5:43:00 PM,42.3408,-71.0519
1334 DORCHESTER AVE,1:14:00 PM,42.3049,-71.0585
1339 TREMONT ST,2:11:00 PM,,
134 BEACH ST,1:51:00 PM,42.3507,-71.057
134 BROOKLINE AVE,12:42:00 PM,42.3452,-71.1004
135 CHARLES ST,6:37:00 PM,42.3601,-71.0706
135 CLARENDON ST,1:08:00 PM,,
135 COTTAGE ST,12:45:00 PM,42.369,-71.0337
135 EMERSON ST,3:50:00 PM,42.3354,-71.0395
135 PINCKNEY ST,2:16:00 PM,,
135 PINCKNEY ST,2:15:00 PM,,
136 HARRISON AVE,6:49:00 PM,42.3498,-71.0615
136 HARRISON AVE,6:50:00 PM,42.3498,-71.0615
136 NEWBURY ST C-D,4:13:00 PM,,
137 BEACON ST,1:02:00 PM,42.3547,-71.0741
137 SOUTH ST,5:35:00 PM,,
1377 BOYLSTON ST,12:37:00 PM,,
139 CHELSEA ST,2:18:00 PM,42.3732,-71.0347
139 E BERKELEY ST,4:14:00 PM,42.3436,-71.065
1395 WASHINGTON ST,3:57:00 PM,42.3414,-71.0702
14 BEACON ST,1:04:00 PM,42.253,-71.1176
14 BIRCH ST,2:25:00 PM,42.2868,-71.1299
14 CLIPPER SHIP LN,12:01:00 PM,42.369,-71.0415
14 EDGERLY RD,12:42:00 PM,42.3461,-71.0879
14 EDGERLY RD,12:40:00 PM,42.3461,-71.0879
14 EDGERLY RD,12:42:00 PM,42.3461,-71.0879
14 NEWBURY ST,12:00:00 PM,42.3522,-71.072
140 CLARENDON ST,3:47:00 PM,42.3486,-71.0744
140 CLARENDON ST,3:02:00 PM,42.3486,-71.0744
140 MARGINAL ST,3:05:00 PM,42.3655,-71.0359
140 ST ALPHONSUS ST,2:55:00 PM,42.3323,-71.1014
1408 CENTRE ST,2:46:00 PM,42.294,-71.1361
1408 CENTRE ST,2:45:00 PM,42.294,-71.1361
141 CHELSEA ST,4:46:00 PM,42.3732,-71.0346
144 CHARLES ST,4:42:00 PM,42.36,-71.071
144 SOUTH ST,12:56:00 PM,42.3051,-71.1144
145 BEACON ST,1:01:00 PM,,
145 BEACON ST,1:00:00 PM,,
145 CHELSEA ST,2:16:00 PM,42.3733,-71.0345
145 CHELSEA ST,4:47:00 PM,42.3733,-71.0345
146 RICHMOND ST,4:21:00 PM,42.3634,-71.0546
148 CAMBRIDGE ST,12:17:00 PM,42.361,-71.0643
15 CHARLES ST,1:55:00 PM,42.3826,-71.0711
15 CHARLES ST,2:22:00 PM,42.3826,-71.0711
15 CHARLES ST,5:28:00 PM,42.3826,-71.0711
15 GARRISON ST,12:52:00 PM,42.346,-71.0799
15 UNION ST,2:16:00 PM,42.3609,-71.0567
150 BROOKLINE AV,3:10:00 PM,42.3446,-71.101
150 BROOKLINE AVE,5:53:00 PM,42.3446,-71.101
150 FORSYTH ST,1:19:00 PM,,
150 HARRISON AV,3:54:00 PM,42.3494,-71.0618
150 HARRISON AVE,6:54:00 PM,42.3494,-71.0618
150 LINCOLN ST,1:26:00 PM,42.351,-71.0583
150 NORTH ST,5:46:00 PM,42.3627,-71.0547
150 TREMONT ST,3:54:00 PM,42.3548,-71.0631
151 ORLEANS ST,2:45:00 PM,,
151 ORLEANS ST,2:44:00 PM,,
151 ORLEANS ST,2:43:00 PM,,
151 ORLEANS ST,2:44:00 PM,,
153 MILK ST,6:34:00 PM,42.3577,-71.0541
155 BERKELEY ST,2:00:00 PM,,
157 NEWBURY ST,3:51:00 PM,42.3509,-71.0785
16 ANDERSON ST,12:14:00 PM,42.3607,-71.0677
16 BLOSSOM ST,1:52:00 PM,42.3617,-71.0672
16 BLOSSOM ST,1:48:00 PM,42.3617,-71.0672
16 BLOSSOM ST,1:50:00 PM,42.3617,-71.0672
16 BLOSSOM ST,1:49:00 PM,42.3617,-71.0672
160 FEDERAL ST,1:03:00 PM,42.354,-71.0559
160 MILK ST,4:29:00 PM,42.3587,-71.0528
160 ST ALPHONSUS ST,5:06:00 PM,42.3318,-71.1018
160 ST ALPHONSUS ST,5:05:00 PM,42.3318,-71.1018
160 ST ALPHONSUS ST,2:54:00 PM,42.3318,-71.1018
161 DEVONSHIRE ST,3:09:00 PM,42.3563,-71.0575
161 NEWBURY ST D-E,2:57:00 PM,,
164 NEWBURY ST,12:41:00 PM,42.3504,-71.0786
164 NEWBURY ST,3:49:00 PM,42.3504,-71.0786
165 DARTMOUTH ST,3:59:00 PM,42.348,-71.0758
166 NEWBURY ST D-E,2:47:00 PM,,
167 NEWBURY ST,1:00:00 PM,42.3508,-71.0789
169 BUNKER HILL ST,4:44:00 PM,42.3786,-71.0611
169 HARVARD AVE,5:04:00 PM,42.3513,-71.1318
170 BROOKLINE AV,5:52:00 PM,,
170 MILK ST,12:56:00 PM,,
170 MILK ST,12:57:00 PM,,
170 TREMONT ST,5:31:00 PM,42.3537,-71.0639
171 MILK ST,6:37:00 PM,42.3583,-71.0533
171 MILK ST,6:37:00 PM,42.3583,-71.0533
173 NEWBURY ST,4:45:00 PM,42.3507,-71.0792
173 NEWBURY ST,2:55:00 PM,42.3507,-71.0792
173 NEWBURY ST,4:45:00 PM,42.3507,-71.0792
173 NEWBURY ST,12:31:00 PM,42.3507,-71.0792
175 BERKELEY ST,5:28:00 PM,42.3501,-71.0721
175 BERKELEY ST,1:03:00 PM,42.3501,-71.0721
175 BERKELEY ST,5:27:00 PM,42.3501,-71.0721
175 BERKELEY ST,6:29:00 PM,42.3501,-71.0721
175 BERKELEY ST,6:28:00 PM,42.3501,-71.0721
175 CAMBRIDGE ST,2:20:00 PM,,
175 CAMBRIDGE ST,5:02:00 PM,,
175 CAMBRIDGE ST,2:21:00 PM,,
1759 DORCHESTER AVE,5:19:00 PM,42.2902,-71.0633
1762 COMMONWEALTH AVE,3:57:00 PM,42.3408,-71.1498
177 NEWBURY ST D-E,2:54:00 PM,,
179 LINCOLN ST,3:20:00 PM,42.3505,-71.059
179 LINCOLN ST,1:08:00 PM,42.3505,-71.059
179 PORTLAND ST V-C,2:32:00 PM,,
18 BOWDOIN ST,4:08:00 PM,42.2997,-71.073
18 HUDSON ST,5:24:00 PM,42.3505,-71.06
180 LINCOLN ST,3:38:00 PM,42.3505,-71.0584
181 NEWBURY ST D-E,2:53:00 PM,,
1825 DORCHESTER AVE,5:12:00 PM,42.2956,-71.0618
184 BROOKLINE AV,1:52:00 PM,,
185 DEVONSHIRE ST,12:49:00 PM,42.3559,-71.0576
189 LINCOLN ST,3:18:00 PM,42.3505,-71.0591
189 LINCOLN ST,1:04:00 PM,42.3505,-71.0591
19 HARRISON AVE,1:22:00 PM,42.352,-71.0615
190 NEWBURY ST,3:46:00 PM,42.3502,-71.0796
191 COMMONWEALTH AVE,12:51:00 PM,42.3518,-71.0803
1920 BEACON ST,12:20:00 PM,42.3365,-71.1493
1922 BEACON ST,12:21:00 PM,42.3365,-71.1494
1924 BEACON ST,5:13:00 PM,42.3365,-71.1496
1924 BEACON ST,12:22:00 PM,42.3365,-71.1496
1924 BEACON ST,5:04:00 PM,42.3365,-71.1496
1924 BEACON ST,5:05:00 PM,42.3365,-71.1496
1924 BEACON ST,12:20:00 PM,42.3365,-71.1496
1924 BEACON ST,5:07:00 PM,42.3365,-71.1496
1930 BEACON ST,5:08:00 PM,,
1930 BEACON ST,5:07:00 PM,,
1940 BEACON ST,12:23:00 PM,42.3364,-71.15
1940 BEACON ST,5:08:00 PM,42.3364,-71.15
1956 BEACON ST,12:30:00 PM,,
1956 BEACON ST,12:24:00 PM,,
1956 BEACON ST,12:29:00 PM,,
1956 BEACON ST,12:24:00 PM,,
1956 BEACON ST,5:10:00 PM,,
1956 BEACON ST,5:10:00 PM,,
1960 BEACON ST,5:13:00 PM,42.3363,-71.1503
1960 BEACON ST,5:12:00 PM,42.3363,-71.1503
197 KELTON ST,2:11:00 PM,42.3473,-71.138
2 CAMBRIDGE ST,12:49:00 PM,,
2 MARKET ST. LOT,12:05:00 PM,,
2 MARKET ST. LOT,12:07:00 PM,,
2 MARKET ST. LOT,12:03:00 PM,,
2 MARKET ST. LOT,12:02:00 PM,,
2 NEWBURY ST A-B,3:52:00 PM,,
2 NEWBURY ST A-B,3:50:00 PM,,
2 OVERLAND ST,12:55:00 PM,,
2 PALACE RD,1:53:00 PM,,
20 BORDER ST,1:02:00 PM,42.3724,-71.0412
20 CITY SQ,5:04:00 PM,,
20 COMMONWEALTH AVE,1:01:00 PM,42.353,-71.0724
20 EAST ST,12:05:00 PM,42.3075,-71.0595
20 EVANS WY,2:12:00 PM,42.3381,-71.0972
20 OVERLAND ST,12:58:00 PM,,
20 WEST ST,3:50:00 PM,42.2578,-71.1168
200 BERKELEY ST,3:48:00 PM,42.3501,-71.0729
200 NEWBURY ST E-F,2:17:00 PM,,
200 NEWBURY ST E-F,4:26:00 PM,,
200 NEWBURY ST E-F,4:25:00 PM,,
200 TREMONT ST,5:12:00 PM,42.3518,-71.0645
2000 BEACON ST,12:27:00 PM,,
201 KELTON ST,2:09:00 PM,42.3472,-71.1379
201 KELTON ST,2:09:00 PM,42.3472,-71.1379
201 NEWBURY ST,3:50:00 PM,42.3504,-71.0805
201 NEWBURY ST,4:05:00 PM,42.3504,-71.0805
203 NEWBURY ST,2:01:00 PM,,
205 KELTON ST,2:12:00 PM,42.3471,-71.1377
205 KELTON ST,2:09:00 PM,42.3471,-71.1377
205 NEWBURY ST E-F,2:03:00 PM,,
207 NEWBURY ST E-F,6:48:00 PM,,
207 NEWBURY ST E-F,4:52:00 PM,,
209 COLUMBUS AV,1:58:00 PM,42.3485,-71.0724
209 COLUMBUS AV,5:01:00 PM,42.3485,-71.0724
209 COLUMBUS AV,1:24:00 PM,42.3485,-71.0724
209 COLUMBUS AV,12:57:00 PM,42.3485,-71.0724
209 COLUMBUS AVE,1:57:00 PM,42.3485,-71.0724
21 BOWDOIN ST,3:41:00 PM,42.2997,-71.0724
21 COLUMBUS AVE,2:37:00 PM,,
21 FORSYTH ST,3:41:00 PM,,
21 FORSYTH ST,3:41:00 PM,,
21 FORSYTH ST,3:42:00 PM,,
21 FORSYTH ST,3:42:00 PM,,
21 MERCHANTS ROW,3:12:00 PM,42.3595,-71.0555
21 MERCHANTS ROW,1:30:00 PM,42.3595,-71.0555
210 BERKELEY ST,6:17:00 PM,,
210 BERKELEY ST,3:50:00 PM,,
214 NEWBURY ST E-F,2:15:00 PM,,
218 SHAWMUT AVE,5:37:00 PM,,
219 NEWBURY ST E-F,2:05:00 PM,,
22 BOSTON WHARF RD,1:09:00 PM,42.3505,-71.047
22 BOSTON WHARF RD,1:10:00 PM,42.3505,-71.047
22 BOSTON WHARF RD,1:11:00 PM,42.3505,-71.047
22 BOSTON WHARF RD,1:06:00 PM,42.3505,-71.047
22 THATCHER ST,4:13:00 PM,42.2665,-71.1195
220 NEWBURY ST E-F,2:13:00 PM,,
221 BEACON ST,1:26:00 PM,42.3538,-71.0776
222 BERKELEY ST ST J-B,6:15:00 PM,,
222 BERKELEY ST ST J-B,5:17:00 PM,,
222 BERKELEY ST ST J-B,5:16:00 PM,,
222 NEWBURY ST E-F,4:53:00 PM,,
225 NEWBURY ST E-F,5:24:00 PM,,
226 NEWBURY ST E-F,4:53:00 PM,,
226 WASHINGTON ST,5:05:00 PM,42.3585,-71.0577
228 NEWBURY ST E-F,12:55:00 PM,,
228 NEWBURY ST E-F,4:54:00 PM,,
229 NEWBURY ST E-F,6:52:00 PM,,
23 ALVESTON ST,12:01:00 PM,42.3103,-71.1127
23 JEFFRIES ST,4:07:00 PM,42.365,-71.0296
231 NEWBURY ST E-F,2:07:00 PM,,
233 NEWBURY ST E-F,2:08:00 PM,,
234 HANOVER ST,4:32:00 PM,42.3633,-71.0552
234 NEWBURY ST E-F,2:11:00 PM,,
236 NEWBURY ST E-F,2:10:00 PM,,
238 NEWBURY ST E-F,4:56:00 PM,,
239 CAUSEWAY ST,12:13:00 PM,,
24 NEW CHARDON ST,2:33:00 PM,42.3628,-71.0618
24 NEW CHARDON ST,2:19:00 PM,42.3628,-71.0618
24 SCHOOL ST,1:39:00 PM,42.3576,-71.0592
24 SCHOOL ST,3:56:00 PM,42.3576,-71.0592
24 SCHOOL ST,12:16:00 PM,42.3576,-71.0592
241 A ST,5:22:00 PM,,
241 A ST,5:21:00 PM,,
241 A STREET,5:21:00 PM,,
244 NEWBURY ST,12:38:00 PM,42.3494,-71.0824
245 KELTON ST,2:15:00 PM,42.3462,-71.1363
245 KELTON ST,2:19:00 PM,42.3462,-71.1363
245 KELTON ST,2:18:00 PM,42.3462,-71.1363
245 SUMMER ST,3:46:00 PM,42.3514,-71.0538
245 SUMMER ST,6:09:00 PM,42.3514,-71.0538
245 SUMMER ST,12:03:00 PM,42.3514,-71.0538
245 SUMMER ST,6:21:00 PM,42.3514,-71.0538
245 SUMMER ST,4:36:00 PM,42.3514,-71.0538
245 SUMMER ST,2:59:00 PM,42.3514,-71.0538
245 SUMMER ST,3:45:00 PM,42.3514,-71.0538
245 SUMMER ST,2:36:00 PM,42.3514,-71.0538
247 NEWBURY ST F-G,2:32:00 PM,,
249 NEWBURY ST F-G,2:32:00 PM,,
25 CALUMET ST,3:01:00 PM,42.3335,-71.1053
25 KINGSTON ST,1:09:00 PM,42.3537,-71.0592
25 KINGSTON ST,4:06:00 PM,42.3537,-71.0592
25 NEW CHARDON ST,4:08:00 PM,42.3621,-71.0617
25 NEW CHARDON ST,2:29:00 PM,42.3621,-71.0617
25 NEW CHARDON ST,4:08:00 PM,42.3621,-71.0617
25 NEW CHARDON ST,4:09:00 PM,42.3621,-71.0617
25 STANIFORD ST,3:56:00 PM,,
25 STANIFORD ST,3:57:00 PM,,
25 TRINITY PL,12:04:00 PM,,
250 CAMBRIDGE ST,3:56:00 PM,42.3609,-71.0673
250 CAMBRIDGE ST,1:50:00 PM,42.3609,-71.0673
250 CAMBRIDGE ST,12:59:00 PM,42.3609,-71.0673
250 NEWBURY ST F-G,2:35:00 PM,,
250 WASHINGTON ST,12:39:00 PM,42.3581,-71.0576
250 WASHINGTON ST,1:42:00 PM,42.3581,-71.0576
252 NEWBURY ST F-G,2:36:00 PM,,
252 WASHINGTON ST,5:03:00 PM,42.3581,-71.0577
257 COMMONWEALTH AVE,12:56:00 PM,42.3509,-71.0837
258 HUNTINGTON AV,2:20:00 PM,42.342,-71.0853
26 BORDER ST,1:01:00 PM,42.3724,-71.0412
26 CRESCENT AVE,2:25:00 PM,42.3191,-71.0554
26 WEST ST,5:25:00 PM,,
260 WASHINGTON ST,4:07:00 PM,42.3578,-71.0578
261 NEWBURY ST F-G,2:30:00 PM,,
263 SUMMER ST,3:42:00 PM,42.3502,-71.0507
266 SUMMER ST,3:44:00 PM,42.3506,-71.0504
266 SUMMER ST,3:43:00 PM,42.3506,-71.0504
266 SUMMER ST,2:39:00 PM,42.3506,-71.0504
266 SUMMER ST,12:44:00 PM,42.3506,-71.0504
267 HANOVER ST,6:28:00 PM,42.3634,-71.0546
267 HANOVER ST,6:28:00 PM,42.3634,-71.0546
267 SUMNER ST,3:30:00 PM,42.3679,-71.0379
269 NEWBURY ST F-G,2:29:00 PM,,
27 DEVONSHIRE ST,2:26:00 PM,,
27 DEVONSHIRE ST,12:18:00 PM,,
27 HARRISON AVE,1:22:00 PM,42.3518,-71.0614
271 NEWBURY ST F-G,2:28:00 PM,,
274 CAMBRIDGE ST,6:48:00 PM,42.361,-71.068
274 SUMMER ST,12:43:00 PM,42.3504,-71.0501
274 SUMMER ST,12:42:00 PM,42.3504,-71.0501
275 SUMNER ST,3:31:00 PM,42.3678,-71.0376
28 ANDERSON ST,1:45:00 PM,42.3601,-71.0676
28 CHARLES ST,4:10:00 PM,42.2505,-71.1324
28 CHARLES ST,5:30:00 PM,42.2505,-71.1324
28 CHARLES ST,4:50:00 PM,42.2505,-71.1324
28 SOLEY ST,4:18:00 PM,42.3746,-71.0615
280 SUMMER ST,12:40:00 PM,42.3503,-71.0498
280 SUMMER ST,12:40:00 PM,42.3503,-71.0498
281 HANOVER ST,6:27:00 PM,,
281 SUMMER ST,12:51:00 PM,,
281 SUMMER ST,12:49:00 PM,,
284 CAMBRIDGE ST,1:03:00 PM,42.361,-71.0681
285 COLUMBUS AV,1:32:00 PM,42.3472,-71.0739
285 SUMMER ST,12:39:00 PM,42.3497,-71.0496
286 CAMBRIDGE ST,1:03:00 PM,,
286 NEWBURY ST,12:02:00 PM,42.3489,-71.0844
286 NEWBURY ST G-H,2:41:00 PM,,
287 HANOVER ST,6:26:00 PM,42.3637,-71.0543
288 NEWBURY ST G-H,2:41:00 PM,,
290 MAIN ST,12:11:00 PM,,
291 ADAMS ST,3:01:00 PM,42.2992,-71.0582
294 CONGRESS ST D-A,1:57:00 PM,,
294 CONGRESS ST D-A,1:54:00 PM,,
295 ADAMS ST,3:01:00 PM,42.2991,-71.0581
299 ADAMS ST,12:49:00 PM,42.2991,-71.0581
3 CENTER PLAZA,5:23:00 PM,42.3593,-71.0601
3 COLUMBUS AVE,2:35:00 PM,,
3 TILMAN ST,3:27:00 PM,42.2879,-71.0642
3 TILMAN ST,3:26:00 PM,42.2879,-71.0642
30 CHAUNCY ST,12:33:00 PM,,
30 CRESCENT AVE,2:24:00 PM,42.3191,-71.0552
30 FEDERAL ST,12:34:00 PM,42.3561,-71.0564
30 GLENVILLE AVE,5:01:00 PM,42.3506,-71.1324
30 GOVE ST,12:16:00 PM,42.372,-71.0377
30 NEWBURY ST A-B,12:42:00 PM,,
30 SYMPHONY RD,3:52:00 PM,42.3428,-71.0882
300 SUMMER ST,12:37:00 PM,42.35,-71.0492
302 SUMNER ST,3:33:00 PM,42.3677,-71.0366
303 COLUMBUS AV,5:56:00 PM,,
303 NEWBURY ST,12:25:00 PM,42.349,-71.0855
307 SUMNER ST,3:34:00 PM,42.3673,-71.0366
308 NEWBURY ST,2:43:00 PM,42.3486,-71.0853
31 CALUMET ST,12:17:00 PM,42.333,-71.1056
31 CALUMET ST,12:17:00 PM,42.333,-71.1056
31 COTTAGE ST,2:57:00 PM,42.3665,-71.0359
31 HARRISON AVE,1:26:00 PM,42.3518,-71.0614
31 STUART ST,4:08:00 PM,42.3513,-71.0638
311 N HARVARD ST,5:48:00 PM,42.3594,-71.128
311 SUMMER ST,12:54:00 PM,42.3493,-71.0489
314 DARTMOUTH ST,12:14:00 PM,42.3525,-71.0789
314 DARTMOUTH ST,12:15:00 PM,42.3525,-71.0789
314 DARTMOUTH ST,12:13:00 PM,42.3525,-71.0789
315 HANOVER ST,6:25:00 PM,42.364,-71.054
32 NEWBURY ST A-B,12:42:00 PM,,
32 NEWBURY ST A-B,12:41:00 PM,,
320 COMMONWEALTH AV,5:02:00 PM,42.3492,-71.0864
321 HANOVER ST,6:24:00 PM,42.3641,-71.054
323 NEWBURY ST H-M,1:48:00 PM,,
323 NEWBURY ST H-M,5:19:00 PM,,
324 SUMNER ST,3:35:00 PM,42.3674,-71.036
326 CAMBRIDGE ST,6:44:00 PM,42.3609,-71.0692
326 NEWBURY ST H-M,2:02:00 PM,,
326 SUMNER ST,3:37:00 PM,42.3674,-71.0359
328 NEWBURY ST H-M,2:03:00 PM,,
33 3RD AVE,2:57:00 PM,,
33 BROAD ST S-W,4:58:00 PM,,
33 GAINSBOROUGH ST,2:15:00 PM,42.3414,-71.086
33 GAINSBOROUGH ST,2:14:00 PM,42.3414,-71.086
33 PARKER ST,12:56:00 PM,42.3829,-71.0795
33 UNION ST,12:37:00 PM,42.3612,-71.0568
330 COMMONWEALTH AVE,1:03:00 PM,42.3491,-71.0868
330 STUART ST,5:39:00 PM,42.3495,-71.0717
330 SUMNER ST,3:38:00 PM,42.3674,-71.0358
332 NEWBURY ST H-M,3:01:00 PM,,
332 W BROADWAY,12:58:00 PM,,
336 NEWBURY ST,12:53:00 PM,42.3483,-71.0865
34 HARRISON AVE,1:28:00 PM,42.3518,-71.061
34 OAKVIEW TER,1:36:00 PM,42.3193,-71.109
343 HANOVER ST,6:19:00 PM,42.3645,-71.0536
344 NEWBURY ST,3:03:00 PM,42.3482,-71.0869
344 NEWBURY ST,5:47:00 PM,42.3482,-71.0869
347 CONGRESS ST,12:09:00 PM,42.3503,-71.0489
348 NEWBURY ST,3:10:00 PM,42.3481,-71.0871
349 WASHINGTON ST,12:19:00 PM,,
35 BINNEY ST,4:22:00 PM,,
35 FAYETTE ST,4:08:00 PM,42.3488,-71.0678
35 GOVE ST,12:15:00 PM,42.3714,-71.0377
35 KINGSTON ST,4:04:00 PM,42.3536,-71.0594
35 KNEELAND ST,4:07:00 PM,42.3505,-71.062
35 MONUMENT SQ,6:18:00 PM,42.3762,-71.062
35 MONUMENT SQ,6:17:00 PM,42.3762,-71.062
350 NEWBURY ST,2:05:00 PM,42.3481,-71.0872
351 CONGRESS ST,1:02:00 PM,42.3503,-71.0489
352 SUMNER ST,3:41:00 PM,42.367,-71.0351
353 NEWBURY ST H-M,5:16:00 PM,,
355 NEWBURY ST,2:07:00 PM,42.3485,-71.0876
355 NEWBURY ST,12:01:00 PM,42.3485,-71.0876
356 BOYLSTON ST B-A,6:09:00 PM,,
36 1ST AVE,3:01:00 PM,42.3749,-71.054
36 CHAUNCY ST,1:07:00 PM,,
36 CHAUNCY ST,1:03:00 PM,,
36 FAIRFIELD ST,3:56:00 PM,42.35,-71.0821
36 FIRST AVENUE,3:02:00 PM,42.3749,-71.054
37 BEACON ST,2:40:00 PM,42.2535,-71.116
37 CALUMET ST,12:19:00 PM,42.3327,-71.1057
37 NEWBURY ST A-B,3:59:00 PM,,
37 STUART ST,5:40:00 PM,42.3513,-71.0638
375 NEWBURY EXT,1:11:00 PM,,
375 NEWBURY EXT,1:13:00 PM,,
376 MAIN ST,12:04:00 PM,42.3796,-71.0696
377 W BROADWAY,1:42:00 PM,,
377 W BROADWAY,5:49:00 PM,,
38 3RD AVE,3:10:00 PM,42.3759,-71.0541
38 3RD AVE,3:12:00 PM,42.3759,-71.0541
38 3RD AVE,5:17:00 PM,42.3759,-71.0541
38 CHARLES ST,1:58:00 PM,42.3571,-71.0701
38 CHAUNCY ST,1:04:00 PM,,
38 FRANCIS ST,1:28:00 PM,42.3352,-71.1068
38 HILLSIDE ST,12:08:00 PM,42.3298,-71.1007
38 NEWBURY ST A-B,12:40:00 PM,,
381 W BROADWAY,5:21:00 PM,,
385 W BROADWAY,5:22:00 PM,,
386 W BROADWAY,12:56:00 PM,,
387 W BROADWAY,4:47:00 PM,,
39 BAIRD ST,12:13:00 PM,42.286,-71.0928
39 CALUMET ST,12:19:00 PM,42.3327,-71.1057
39 MORAINE ST,12:46:00 PM,42.32,-71.1138
396 BOYLSTON ST,3:59:00 PM,42.3513,-71.0721
396 BOYLSTON ST B-A,6:07:00 PM,,
396 BOYLSTON ST B-A,3:59:00 PM,,
399 BOYLSTON ST B-A,5:57:00 PM,,
399 W BROADWAY,4:21:00 PM,,
4 FISHER AVE,3:22:00 PM,42.327,-71.1
4 YAWKEY WAY,12:49:00 PM,42.3467,-71.0987
40 BEACON ST,2:39:00 PM,42.3572,-71.0663
40 BROAD ST M-C,3:06:00 PM,,
40 CHARLES ST,2:20:00 PM,42.3572,-71.0702
40 CHARLES ST,6:17:00 PM,42.3572,-71.0702
403 MAIN ST,12:41:00 PM,42.3806,-71.0699
409 W BROADWAY,1:44:00 PM,,
409 W BROADWAY,1:44:00 PM,,
41 BAY STATE RD,3:58:00 PM,42.3502,-71.0947
41 NEW CHARDON ST,4:05:00 PM,,
41 PHILLIP ST,2:57:00 PM,,
41 UNION ST,12:39:00 PM,42.3613,-71.0569
41 UNION ST,2:26:00 PM,42.3613,-71.0569
410 BOYLSTON ST,3:13:00 PM,,
412 W BROADWAY,4:49:00 PM,,
412 W BROADWAY,4:51:00 PM,,
419 BROOKLINE AVE,1:25:00 PM,42.3387,-71.1078
420 BOYLSTON ST,4:12:00 PM,42.3511,-71.0725
423 W BROADWAY,1:46:00 PM,,
423 W BROADWAY,4:25:00 PM,,
424 BOYLSTON ST,3:57:00 PM,42.3511,-71.0725
425 BOYLSTON ST B-A,6:00:00 PM,,
425 BROOKLINE AVE,1:24:00 PM,42.3387,-71.1078
4280 WASHINGTON ST,1:35:00 PM,42.2848,-71.1297
43 BAY STATE RD,3:57:00 PM,42.3502,-71.0948
43 KINGSTON ST,4:05:00 PM,,
430 COLUMBUS AVE,4:33:00 PM,,
430 COLUMBUS AVE,4:35:00 PM,,
44 CLARENDON ST,5:14:00 PM,42.3455,-71.0729
44 COMMONWEALTH AVE,12:50:00 PM,42.3527,-71.0733
44 GAINSBOROUGH ST,12:45:00 PM,42.3416,-71.087
44 GAINSBOROUGH ST,2:11:00 PM,42.3416,-71.087
44 SCHOOL ST,12:29:00 PM,42.3577,-71.0596
44 SCHOOL ST,12:53:00 PM,42.3577,-71.0596
4408 WASHINGTON ST,1:29:00 PM,42.2812,-71.1335
441 STUART ST,12:06:00 PM,42.3486,-71.076
441 STUART ST,1:53:00 PM,42.3486,-71.076
447 W BROADWAY,4:39:00 PM,,
45 BATTERYMARCH ST,12:06:00 PM,,
45 BEACON ST,2:38:00 PM,42.3569,-71.067
45 FAIRFIELD ST B-N,5:29:00 PM,,
45 FAIRFIELD ST B-N,5:30:00 PM,,
45 NEWBURY ST A-B,4:01:00 PM,,
45 TEMPLE PL,12:20:00 PM,42.355,-71.0619
458 E 3RD ST,2:47:00 PM,42.3365,-71.0417
46 BEACON ST,2:37:00 PM,42.254,-71.1159
46 BEACON ST,3:53:00 PM,42.254,-71.1159
46 FRANCIS ST,1:27:00 PM,42.3354,-71.1072
46 GLOUCESTER ST N-B,5:38:00 PM,,
46 MOUNTFORT ST,2:32:00 PM,42.3478,-71.1033
46 NEWBURY ST,4:05:00 PM,,
461 SUMNER ST,3:49:00 PM,42.3653,-71.032
468 SUMNER ST,3:51:00 PM,42.3655,-71.0315
47 BAY STATE RD,3:55:00 PM,42.3502,-71.095
47 HEREFORD ST,4:26:00 PM,42.349,-71.086
474 SUMNER ST,3:52:00 PM,42.3653,-71.0312
486 BLUE HILL AVE,5:22:00 PM,42.3076,-71.0834
49 BEACON ST,2:36:00 PM,42.3568,-71.0676
49 CHARLES ST,6:18:00 PM,42.3575,-71.0699
49 COTTAGE ST,2:56:00 PM,42.367,-71.0357
49 GLOUCESTER ST,12:05:00 PM,42.3488,-71.0837
49 HEREFORD ST,1:45:00 PM,42.3489,-71.086
498 SUMNER ST,3:54:00 PM,42.3652,-71.0307
5 BALDWIN PL,4:22:00 PM,42.3649,-71.0559
5 BAY STATE ROAD,12:38:00 PM,,
5 BLUE HILL AVE,5:45:00 PM,42.3251,-71.0754
5 GUERNSEY ST,12:24:00 PM,42.2891,-71.1418
5 PARK ST,1:15:00 PM,42.3573,-71.0625
50 DALTON ST,5:23:00 PM,42.3471,-71.0856
50 FAIRFIELD ST B-N,2:32:00 PM,,
50 FEDERAL ST,12:35:00 PM,42.3559,-71.0563
50 FISHER AVE,3:24:00 PM,42.3275,-71.1021
50 W BROADWAY,1:04:00 PM,,
500 BOYLSTON ST C-B,1:12:00 PM,,
500 BOYLSTON ST C-B,6:39:00 PM,,
500 BOYLSTON ST C-B,1:11:00 PM,,
500 BOYLSTON ST C-B,1:10:00 PM,,
500 PARKER ST,3:28:00 PM,,
500 PARKER ST,3:26:00 PM,,
505 BOYLSTON ST,12:47:00 PM,42.3512,-71.0742
505 TREMONT ST,5:30:00 PM,42.3449,-71.0707
505 TREMONT ST,3:54:00 PM,42.3449,-71.0707
508 SUMNER ST,3:56:00 PM,42.365,-71.0304
51 BLOSSOM ST,2:08:00 PM,42.3631,-71.0665
51 BLOSSOM ST,2:09:00 PM,42.3631,-71.0665
51 BROOKLINE AV,2:45:00 PM,42.3473,-71.0987
51 CHARLES ST,2:01:00 PM,42.3001,-71.0642
511 E BROADWAY,3:33:00 PM,,
52 CHAUNCY ST,12:42:00 PM,,
52 CLARENDON ST,5:10:00 PM,42.346,-71.0731
523 MEDFORD ST,12:48:00 PM,42.384,-71.0699
523 MEDFORD ST,12:49:00 PM,42.384,-71.0699
524 BLUE HILL AVE,5:18:00 PM,42.3063,-71.0841
526 TREMONT ST,6:14:00 PM,42.3446,-71.0701
528 MEDFORD ST,4:07:00 PM,42.3836,-71.0702
529 BEACON ST,1:29:00 PM,42.3502,-71.0909
529 BEACON ST,1:28:00 PM,42.3502,-71.0909
53 HEREFORD ST,3:47:00 PM,42.3488,-71.086
53 MOUNT VERNON ST,1:56:00 PM,42.3473,-71.1566
53 N WASHINGTON,3:50:00 PM,,
530 TREMONT ST,6:17:00 PM,42.3445,-71.0702
533 CAMBRIDGE ST,1:41:00 PM,42.3531,-71.1393
533 CAMBRIDGE ST,1:42:00 PM,42.3531,-71.1393
533 CAMBRIDGE ST,1:40:00 PM,42.3531,-71.1393
533 CAMBRIDGE ST,1:42:00 PM,42.3531,-71.1393
537 SUMNER ST,3:58:00 PM,42.3643,-71.0296
538 TREMONT ST,1:50:00 PM,,
54 COTTAGE ST,2:56:00 PM,42.3671,-71.0359
54 FENWOOD RD,4:25:00 PM,42.335,-71.1078
54 FRANKLIN ST,12:32:00 PM,42.3559,-71.0586
54 JEFFRIES ST,4:05:00 PM,42.3641,-71.0301
540 COMMONWEALTH AV,2:09:00 PM,42.3485,-71.0967
541 CAMBRIDGE ST,1:44:00 PM,42.3531,-71.1398
545 BOYLSTON ST D-C,2:20:00 PM,,
545 SUMNER ST,3:59:00 PM,42.3642,-71.0292
549 SUMNER ST,4:01:00 PM,42.3642,-71.0291
55 COURT ST,2:06:00 PM,42.3592,-71.0589
55 DEERFIELD ST,3:42:00 PM,,
55 N WASHINGTON ST,3:54:00 PM,42.3646,-71.058
551 BOYLSTON ST,1:03:00 PM,42.3507,-71.076
555555 BALDWIN ST,1:05:00 PM,,
555555 BALDWIN ST,1:05:00 PM,,
56 BALDWIN ST,12:00:00 PM,42.382,-71.0705
56 CRESCENT AVE,2:20:00 PM,42.3191,-71.0538
56 GAINSBOROUGH ST,12:48:00 PM,42.3418,-71.0874
57 BEACON ST,2:34:00 PM,42.3566,-71.0684
57 BERKELEY ST,12:56:00 PM,42.3466,-71.0705
57 BERKELEY ST,12:54:00 PM,42.3466,-71.0705
57 BERKELEY ST,1:00:00 PM,42.3466,-71.0705
57 DEERFIELD ST,3:42:00 PM,,
57 N WASHINGTON,5:51:00 PM,,
57 N WASHINGTON,5:50:00 PM,,
571 TREMONT ST,3:52:00 PM,42.3437,-71.0726
574 WASHINGTON ST,12:28:00 PM,42.3534,-71.062
574 WASHINGTON ST,12:30:00 PM,42.3534,-71.062
574 WASHINGTON ST,12:29:00 PM,42.3534,-71.062
574 WASHINGTON ST,12:29:00 PM,42.3534,-71.062
578 E BROADWAY,12:42:00 PM,,
58 FRANKLIN ST,1:37:00 PM,42.3558,-71.0584
58 FRANKLIN ST,12:33:00 PM,42.3558,-71.0584
580 COMMONWEALTH AVE,1:12:00 PM,42.3488,-71.0994
580 TREMONT ST,1:54:00 PM,,
587 TREMONT ST,3:55:00 PM,42.3434,-71.0731
595 COMMONWEALTH AVE,12:27:00 PM,42.3496,-71.0998
595 COMMONWEALTH AVE,12:26:00 PM,42.3496,-71.0998
6 *AT PUBLIC LOT,3:18:00 PM,,
6 *AT PUBLIC LOT,3:20:00 PM,,
6 *AT PUBLIC LOT,3:27:00 PM,,
6 *AT PUBLIC LOT,3:10:00 PM,,
6 *AT PUBLIC LOT,3:18:00 PM,,
6 *AT PUBLIC LOT,3:08:00 PM,,
6 *AT PUBLIC LOT,3:14:00 PM,,
6 *AT PUBLIC LOT,3:23:00 PM,,
6 *AT PUBLIC LOT,1:02:00 PM,,
6 *AT PUBLIC LOT,3:15:00 PM,,
6 *AT PUBLIC LOT,3:25:00 PM,,
6 *AT PUBLIC LOT,3:26:00 PM,,
6 *AT PUBLIC LOT,3:20:00 PM,,
6 BELGRADE AVE,2:28:00 PM,42.2869,-71.1302
6 BROOK AVE,5:56:00 PM,42.3225,-71.0732
6 DARTMOUTH ST,5:25:00 PM,42.343,-71.074
6 PLEASANT ST,4:58:00 PM,42.2547,-71.1155
60 FISHER AVE,3:24:00 PM,42.3276,-71.1025
60 FRANKLIN ST,12:31:00 PM,42.3576,-71.1332
60 WEBSTER ST,3:25:00 PM,42.3674,-71.0382
600 E BROADWAY,12:38:00 PM,,
607 BOYLSTON ST,1:49:00 PM,42.3504,-71.0772
607 BOYLSTON ST,2:23:00 PM,42.3504,-71.0772
607 TREMONT ST,1:55:00 PM,42.3431,-71.0737
608 BLUE HILL AVE,5:15:00 PM,,
609 ALBANY ST,3:43:00 PM,42.337,-71.069
609 ALBANY ST,3:42:00 PM,42.337,-71.069
61 BATTERYMARCH ST,12:22:00 PM,42.3571,-71.0536
61 BEACON ST,2:33:00 PM,42.3566,-71.0687
61 BEACON ST,2:32:00 PM,42.3566,-71.0687
612 BLUE HILL AVE,12:33:00 PM,42.3032,-71.0849
613 COLUMBUS AVE,5:13:00 PM,42.34,-71.0829
613 COLUMBUS AVE,3:01:00 PM,42.34,-71.0829
613 COLUMBUS AVE,2:59:00 PM,42.34,-71.0829
614 BLUE HILL AVE,12:32:00 PM,42.3031,-71.0849
615 COLUMBUS AVE,2:56:00 PM,42.3398,-71.0831
616 COLUMBUS AVE,5:11:00 PM,42.3394,-71.0828
616 COLUMBUS AVE,5:12:00 PM,42.3394,-71.0828
62 CHARLES ST,4:14:00 PM,42.3576,-71.0704
624 BLUE HILL AVE,3:57:00 PM,42.3029,-71.085
624 BLUE HILL AVE,12:09:00 PM,42.3029,-71.085
624 BLUE HILL AVE,3:57:00 PM,42.3029,-71.085
624 TREMONT ST,12:37:00 PM,42.3423,-71.0741
625 COLUMBUS AVE,3:01:00 PM,42.3396,-71.0833
63 ATLANTIC AVE,6:05:00 PM,,
63 BEACON ST,2:31:00 PM,42.3565,-71.0689
63 BERKELEY ST,5:49:00 PM,42.3467,-71.0705
632 BLUE HILL AVE,3:56:00 PM,42.3026,-71.0851
64 SUMMER ST,3:57:00 PM,42.2598,-71.1253
643 TREMONT ST,4:18:00 PM,42.3423,-71.0753
65 BARNES AVE,6:54:00 PM,42.3861,-71.0032
65 HARRISON AVE,1:23:00 PM,42.3513,-71.0615
65 N MARGIN ST,4:16:00 PM,42.3656,-71.0566
650 COLUMBUS AVE,2:52:00 PM,42.3388,-71.0835
650 COLUMBUS AVE,5:09:00 PM,42.3388,-71.0835
650 COLUMBUS AVE,2:52:00 PM,42.3388,-71.0835
651 HUNTINGTON AV,4:37:00 PM,42.3356,-71.1019
651 HUNTINGTON AVE,1:47:00 PM,42.3356,-71.1019
658 E BROADWAY,3:40:00 PM,,
66 BEACON ST,2:29:00 PM,42.2547,-71.1148
66 BEACON ST,2:28:00 PM,42.2547,-71.1148
661 E BROADWAY,12:31:00 PM,,
67 BROAD ST,12:15:00 PM,42.3577,-71.0539
67 NEWBURY ST,5:16:00 PM,42.3521,-71.0742
67 NEWBURY ST B-C,5:17:00 PM,,
68 WEBSTER ST,3:24:00 PM,42.3673,-71.0379
69 WEBSTER ST,3:23:00 PM,42.3671,-71.0381
695 ATLANTIC AVE,4:10:00 PM,42.3516,-71.0564
695 ATLANTIC AVE,6:02:00 PM,42.3516,-71.0564
696 COLUMBUS AVE,2:49:00 PM,42.3382,-71.0844
696 COLUMBUS AVE,2:50:00 PM,42.3382,-71.0844
7 EXCHANGE PLACE,12:41:00 PM,,
7 EXCHANGE PLACE,1:36:00 PM,,
7 EXCHANGE PLACE,1:35:00 PM,,
7 EXCHANGE PLACE,1:34:00 PM,,
7 HEREFORD ST,1:38:00 PM,42.3512,-71.0871
7 WATER ST,4:16:00 PM,,
70 FRANKLIN ST,1:35:00 PM,42.3557,-71.0582
700 COLUMBUS AVE,2:47:00 PM,42.3379,-71.0848
700 COLUMBUS AVE,5:06:00 PM,42.3379,-71.0848
700 COLUMBUS AVE,5:07:00 PM,42.3379,-71.0848
707 E BROADWAY,3:42:00 PM,,
71 BERKELEY ST,4:25:00 PM,42.3468,-71.0706
71 BERKELEY ST,5:48:00 PM,42.3468,-71.0706
71 KILBY ST,1:32:00 PM,42.3573,-71.0557
711 ATLANTIC AVE,1:24:00 PM,42.3512,-71.0567
711 BOYLSTON ST,3:47:00 PM,42.3496,-71.0799
711 BOYLSTON ST,1:39:00 PM,42.3496,-71.0799
711 BOYLSTON ST,1:40:00 PM,42.3496,-71.0799
711 BOYLSTON ST,2:24:00 PM,42.3496,-71.0799
715 BOYLSTON ST,12:16:00 PM,42.3497,-71.08
715 BOYLSTON ST F-E,12:19:00 PM,,
715 BOYLSTON ST F-E,5:48:00 PM,,
717 ATLANTIC AVE,1:26:00 PM,42.3508,-71.0568
72 BEACON ST,12:40:00 PM,42.3562,-71.0702
73 CAMBRIDGE ST,1:21:00 PM,,
73 NEWBURY ST,5:20:00 PM,42.3521,-71.0745
73 SACHEM ST,3:14:00 PM,42.331,-71.108
73 SACHEM ST,3:13:00 PM,42.331,-71.108
736 CAMBRIDGE ST,1:56:00 PM,42.3496,-71.148
736 CAMBRIDGE ST,1:55:00 PM,42.3496,-71.148
736 CAMBRIDGE ST,1:54:00 PM,42.3496,-71.148
736 CAMBRIDGE ST,1:50:00 PM,42.3496,-71.148
736 CAMBRIDGE ST,1:50:00 PM,42.3496,-71.148
737 SOUTH ST,2:39:00 PM,42.2871,-71.1288
745 BOYLSTON ST F-E,2:40:00 PM,,
75 CHARLES ST,6:21:00 PM,42.3583,-71.0703
75 KNEELAND ST,4:09:00 PM,42.3502,-71.0606
75 KNEELAND ST,5:40:00 PM,42.3502,-71.0606
75 NORTHERN AV,1:45:00 PM,42.3524,-71.0452
75 NORTHERN AV,1:43:00 PM,42.3524,-71.0452
75 NORTHERN AV,1:43:00 PM,42.3524,-71.0452
75 NORTHERN AV,12:03:00 PM,42.3524,-71.0452
75 NORTHERN AV,1:40:00 PM,42.3524,-71.0452
75 PARK PLAZA,2:46:00 PM,,
750 COLUMBUS AVE,2:34:00 PM,42.3373,-71.0859
750 COLUMBUS AVE,2:35:00 PM,42.3373,-71.0859
755 BOYLSTON ST,1:43:00 PM,42.3494,-71.0811
755 BOYLSTON ST,12:10:00 PM,42.3494,-71.0811
76 LINCOLN ST,3:39:00 PM,42.3585,-71.1437
76 LINCOLN ST,3:43:00 PM,42.3585,-71.1437
76 LINCOLN ST,3:43:00 PM,42.3585,-71.1437
761 BOYLSTON ST,2:29:00 PM,42.3493,-71.0812
761 BOYLSTON ST,3:23:00 PM,42.3493,-71.0812
77 CAMBRIDGE ST,3:33:00 PM,,
77 WARREN ST,1:08:00 PM,42.349,-71.1427
77 WARREN ST,1:08:00 PM,42.349,-71.1427
77 WARREN ST,1:08:00 PM,42.349,-71.1427
77 WARREN ST,1:09:00 PM,42.349,-71.1427
77 WEBSTER ST,3:22:00 PM,42.3669,-71.0378
772 COLUMBUS AVE,2:32:00 PM,42.337,-71.0863
777 BOYLSTON ST,1:44:00 PM,42.3493,-71.0814
78 BEACON ST,12:42:00 PM,42.3561,-71.0707
780 COLUMBUS AVE,5:03:00 PM,42.3368,-71.0868
780 COLUMBUS AVE,5:03:00 PM,42.3368,-71.0868
780 COLUMBUS AVE,2:30:00 PM,42.3368,-71.0868
782 DORCHESTER AVE,1:47:00 PM,42.3239,-71.0566
785 DORCHESTER AVE,1:48:00 PM,42.3237,-71.057
793 BOYLSTON ST,2:30:00 PM,42.3492,-71.0816
793 BOYLSTON ST,12:48:00 PM,42.3492,-71.0816
794 DORCHESTER AVE,1:46:00 PM,42.3238,-71.0566
7TH ST / 1ST AVE,2:11:00 PM,,
8 COLUMBIA RD,12:06:00 PM,42.3037,-71.0845
8 GARRISON ST,12:56:00 PM,42.3461,-71.0796
8 GARRISON ST,5:09:00 PM,42.3461,-71.0796
8 GARRISON ST,12:55:00 PM,42.3461,-71.0796
8 GARRISON ST,5:10:00 PM,42.3461,-71.0796
8 GARRISON ST,12:54:00 PM,42.3461,-71.0796
8 PARK SQ,3:10:00 PM,,
80 HILLSIDE ST,5:04:00 PM,42.3304,-71.1029
80 HILLSIDE ST,2:49:00 PM,42.3304,-71.1029
80 HILLSIDE ST,2:48:00 PM,42.3304,-71.1029
80 LINCOLN ST,3:11:00 PM,,
80 LINCOLN ST,3:41:00 PM,,
819 DORCHESTER AVE,1:35:00 PM,42.323,-71.057
82 BROOKLINE AV,2:53:00 PM,42.3464,-71.099
82 COMMERCIAL ST,5:42:00 PM,42.3616,-71.0533
82 HILLSIDE ST,2:49:00 PM,42.3304,-71.103
823 DORCHESTER AVE,1:35:00 PM,42.3228,-71.057
825 DORCHESTER AVE,1:36:00 PM,42.3227,-71.0571
827 BOYLSTON ST G-F,5:27:00 PM,,
83 ATLANTIC AV,5:37:00 PM,42.3626,-71.0512
83 CAMBRIDGE ST,3:29:00 PM,42.3829,-71.0777
83 CAMBRIDGE ST,3:29:00 PM,42.3829,-71.0777
83 CHARLES ST,3:42:00 PM,42.3585,-71.0705
835 DORCHESTER AVE,1:38:00 PM,42.3221,-71.057
838 DORCHESTER AVE,1:42:00 PM,42.3223,-71.0566
84 NEWBURY ST B-C,2:06:00 PM,,
846 BLUE HILL AVE,3:52:00 PM,,
86 BEDFORD ST,2:53:00 PM,,
86 CHARLES ST,4:18:00 PM,42.3583,-71.0708
86 SOUTH ST,12:08:00 PM,42.3067,-71.1151
86 SOUTH ST,4:27:00 PM,42.3067,-71.1151
86 SOUTH ST,12:10:00 PM,42.3067,-71.1151
867 BOYLSTON ST G-F,5:25:00 PM,,
870 COMMONWEALTH AVE,2:31:00 PM,42.3448,-71.0983
88 BEACH ST,5:00:00 PM,42.3513,-71.0598
88 BEACH ST,5:01:00 PM,42.3513,-71.0598
88 BEACON ST,12:44:00 PM,42.3559,-71.0718
883 BOYLSTON ST G-F,12:10:00 PM,,
883 E BROADWAY,6:43:00 PM,,
89 CHARLES ST,6:26:00 PM,42.3586,-71.0705
89 SOUTH ST,1:36:00 PM,42.3518,-71.0576
89 SOUTH ST,4:25:00 PM,42.3518,-71.0576
899 BOYLSTON ST H-G,2:50:00 PM,,
8TH ST / 1ST AVE,3:04:00 PM,,
8TH ST / 1ST AVE,3:05:00 PM,,
9 BIRCH ST,2:24:00 PM,,
9 BIRCH ST,2:23:00 PM,,
9 BOWDOIN ST,6:00:00 PM,42.361,-71.0632
9 BROAD ST C-S,12:01:00 PM,,
9 JEFFRIES ST,4:08:00 PM,42.3655,-71.0293
9 S RUSSELL ST,12:55:00 PM,42.3609,-71.0661
90 WARRENTON ST,3:42:00 PM,42.3505,-71.0662
90 WARRENTON ST,3:43:00 PM,42.3505,-71.0662
90 WARRENTON ST,5:41:00 PM,42.3505,-71.0662
900 BOYLSTON ST H-G,12:59:00 PM,,
900 BOYLSTON ST H-G,12:58:00 PM,,
900 BOYLSTON ST H-G,1:02:00 PM,,
91 REVERE ST,1:36:00 PM,42.3596,-71.0699
91 WARREN ST,4:56:00 PM,42.3747,-71.0629
92 STATE ST,2:14:00 PM,42.3592,-71.0553
921 BOYLSTON ST H-G,2:49:00 PM,,
93 CHARLES ST,2:04:00 PM,42.3587,-71.0705
93 SUMMER ST,2:50:00 PM,42.3538,-71.0584
939 BOYLSTON ST,12:20:00 PM,42.3482,-71.0851
939 BOYLSTON ST,2:18:00 PM,42.3482,-71.0851
939 BOYLSTON ST,2:17:00 PM,42.3482,-71.0851
939 BOYLSTON ST,1:10:00 PM,42.3482,-71.0851
939 BOYLSTON ST,2:19:00 PM,42.3482,-71.0851
939 BOYLSTON ST,6:03:00 PM,42.3482,-71.0851
939 BOYLSTON ST H-G,2:48:00 PM,,
944 DORCHESTER AVE,6:08:00 PM,42.3184,-71.0563
944 DORCHESTER AVE,6:08:00 PM,42.3184,-71.0563
95 NEWBURY ST B-C,5:23:00 PM,,
96 MOUNTFORT ST,2:44:00 PM,42.3481,-71.1052
973 TREMONT ST,12:42:00 PM,42.3375,-71.0841
98 DECATUR ST,3:45:00 PM,,
980 HARRISON AVE,2:17:00 PM,42.3323,-71.0784
99 BROOKLINE AV,12:05:00 PM,42.3463,-71.0999
99 CHARLES ST,3:05:00 PM,42.359,-71.0705
99 HIGH ST,12:09:00 PM,42.3542,-71.0548
99 HIGH ST,12:09:00 PM,42.3542,-71.0548
99 NEWBURY ST,3:17:00 PM,42.3518,-71.0753
A ST / MOUNT WASHINGTON AVE,12:27:00 PM,42.3465,-71.0515
A ST / MT WASHINGTON AVE,5:11:00 PM,42.3465,-71.0515
A STREET / IRON ST,12:58:00 PM,42.3451,-71.0526
A STREET / IRON ST,12:32:00 PM,42.3451,-71.0526
A STREET / IRON ST,12:35:00 PM,42.3451,-71.0526
A STREET / MOUNT WASHINGTON AVE,12:49:00 PM,42.3465,-71.0515
A STREET / MOUNT WASHINGTON AVE,12:52:00 PM,42.3465,-71.0515
A STREET / MOUNT WASHINGTON AVE,12:47:00 PM,42.3465,-71.0515
A STREET / MOUNT WASHINGTON AVE,12:45:00 PM,42.3465,-71.0515
A STREET / MOUNT WASHINGTON AVE,12:44:00 PM,42.3465,-71.0515
A STREET / MOUNT WASHINGTON AVE,12:55:00 PM,42.3465,-71.0515
A STREET / MOUNT WASHINGTON AVE,12:49:00 PM,42.3465,-71.0515
A STREET / MOUNT WASHINGTON AVE,12:54:00 PM,42.3465,-71.0515
ANDERSON ST / MYRTLE ST,12:35:00 PM,42.3593,-71.0677
ANDERSON ST / MYRTLE ST,12:33:00 PM,42.3593,-71.0677
ARCH ST / MILK ST,4:09:00 PM,42.3567,-71.0578
ARCH ST / SUMMER ST,2:07:00 PM,42.3544,-71.0591
ARCH ST / SUMMER ST,2:25:00 PM,42.3544,-71.0591
ATLANTIC AV / SUMMER ST,2:10:00 PM,42.3527,-71.0554
ATLANTIC AVE / BEACH ST,4:51:00 PM,42.3504,-71.0566
ATLANTIC AVE / BEACH ST,1:33:00 PM,42.3504,-71.0566
ATLANTIC AVE / BEACH ST,1:33:00 PM,42.3504,-71.0566
ATLANTIC AVE / BEACH ST,1:35:00 PM,42.3504,-71.0566
ATLANTIC AVE / BEACH ST,1:26:00 PM,42.3504,-71.0566
ATLANTIC AVE / ESSEX ST,12:07:00 PM,42.3518,-71.0559
ATLANTIC AVE / ESSEX ST,12:08:00 PM,42.3518,-71.0559
AUCKLAND ST / BAY ST,2:49:00 PM,42.3112,-71.0566
AUCKLAND ST / DEWAR ST,2:48:00 PM,42.3098,-71.0569
AV DE LAFAYETTE / KINGSTON ST,3:14:00 PM,,
AVENUE DE LAFAYETTE / CHAUNCY ST,1:50:00 PM,42.3531,-71.0607
AVENUE LOUIS PASTEUR / LONGWOOD AVE,2:41:00 PM,42.337,-71.1032
BATTERYMARCH SHORT A / BROAD ST,12:14:00 PM,,
BATTERYMARCH ST / FRANKLIN ST,4:04:00 PM,42.3569,-71.0533
BATTERYMARCH ST / MILK ST,1:15:00 PM,42.3577,-71.0544
BATTERYMARCH ST / MILK ST,4:25:00 PM,42.3577,-71.0544
BAY ST / AUCKLAND ST,2:51:00 PM,42.3112,-71.0566
BEACH ST / ATLANTIC AVE,1:31:00 PM,42.3504,-71.0566
BEACH ST / SOUTH ST,1:02:00 PM,42.3507,-71.0574
BEACON ST / CHESTNUT HILL AVE,5:15:00 PM,42.3359,-71.1509
BEACON ST / SUTHERLAND RD,12:23:00 PM,42.3359,-71.1509
BEACON ST / WALNUT ST,3:50:00 PM,42.357,-71.0658
BELGRADE AVE / BIRCH ST,2:27:00 PM,42.2871,-71.13
BELGRADE AVE / SOUTH ST,2:29:00 PM,42.2872,-71.1297
BERKELEY ST / COLUMBUS AVE,4:21:00 PM,42.3487,-71.0718
BERKELEY ST / COLUMBUS AVE,4:22:00 PM,42.3487,-71.0718
BERKELEY ST / COLUMBUS AVE,4:20:00 PM,42.3487,-71.0718
BERKELEY ST / COLUMBUS AVE,5:44:00 PM,42.3487,-71.0718
BERKELEY ST / COLUMBUS AVE,5:46:00 PM,42.3487,-71.0718
BERKELEY ST / COLUMBUS AVE,3:36:00 PM,42.3487,-71.0718
BERKELEY ST / COMMONWEALTH AVE,12:48:00 PM,42.3529,-71.0738
BERKELEY ST / COMMONWEALTH AVE,4:15:00 PM,42.3529,-71.0738
BERKELEY ST / COMMONWEALTH AVE,1:21:00 PM,42.3529,-71.0738
BERKELEY ST / MARLBOROUGH ST,12:53:00 PM,42.354,-71.0744
BERKELEY ST / MARLBOROUGH ST,1:18:00 PM,42.354,-71.0744
BERKELEY ST / NEWBURY ST,12:44:00 PM,42.3521,-71.0734
BERKELEY ST / STUART ST,2:02:00 PM,42.3495,-71.0722
BEVERLY ST / VALENTI WAY,6:47:00 PM,,
BLOSSOM CT / BLOSSOM ST,12:43:00 PM,42.364,-71.0675
BLOSSOM ST / BLOSSOM CT,12:44:00 PM,42.364,-71.0675
BLOSSOM ST / BLOSSOM CT,5:22:00 PM,42.364,-71.0675
BLOSSOM ST / BLOSSOM CT,5:21:00 PM,42.364,-71.0675
BLOSSOM ST / BLOSSOM CT,5:23:00 PM,42.364,-71.0675
BLOSSOM ST / BLOSSOM CT,5:20:00 PM,42.364,-71.0675
BLOSSOM ST / CAMBRIDGE ST,5:16:00 PM,42.3611,-71.067
BLOSSOM ST / EMERSON PL,2:03:00 PM,,
BLUE HILL AVE / HOSMER ST,4:38:00 PM,42.2816,-71.0922
BLUE HILL AVE / TALBOT AVE,12:19:00 PM,42.2949,-71.0878
BLUE HILL AVE / TALBOT AVE,5:05:00 PM,42.2949,-71.0878
BLUE HILL AVE / TALBOT AVE,12:21:00 PM,42.2949,-71.0878
BLUE HILL AVE / TALBOT AVE,12:20:00 PM,42.2949,-71.0878
BOURNESIDE ST / MELVILLE AVE,5:00:00 PM,42.2958,-71.0625
BOWDOIN ST / CAMBRIDGE ST,12:23:00 PM,42.3612,-71.0629
BOYLSTON ST / ARLINGTON ST,5:31:00 PM,42.3519,-71.0707
BOYLSTON ST / DARTMOUTH ST,1:04:00 PM,42.3501,-71.0773
BOYLSTON ST / IPSWICH ST,4:57:00 PM,42.3452,-71.0954
BOYLSTON ST / TAMWORTH ST,4:01:00 PM,42.3523,-71.0641
BOYLSTON ST A-C ST S / CHARLES ST,2:15:00 PM,,
BRIGHTON AVE / LINDEN ST,5:12:00 PM,42.3527,-71.1302
BRIGHTON AVE / LINDEN ST,5:11:00 PM,42.3527,-71.1302
BRIGHTON AVE / ST LUKES RD,5:18:00 PM,42.3523,-71.1269
CAMBRIA ST / BOYLSTON ST,12:11:00 PM,42.3474,-71.0875
CAMBRIDGE ST / CENTER PLAZA,1:45:00 PM,,
CAMBRIDGE ST / CENTER PLAZA,12:06:00 PM,,
CAMBRIDGE ST / CENTER PLAZA,12:05:00 PM,,
CAMBRIDGE ST / CENTER PLAZA,1:51:00 PM,,
CAMBRIDGE ST / CENTER PLAZA,1:50:00 PM,,
CAMBRIDGE ST / N ANDERSON ST,5:06:00 PM,42.3611,-71.0679
CANAL ST / VALENTI WAY,2:38:00 PM,42.3643,-71.0599
CAUSEWAY ST / BEVERLY ST,2:47:00 PM,42.3663,-71.0596
CAUSEWAY ST / BEVERLY ST,2:46:00 PM,42.3663,-71.0596
CAUSEWAY ST / BEVERLY ST,2:45:00 PM,42.3663,-71.0596
CAUSEWAY ST / BEVERLY ST,2:43:00 PM,42.3663,-71.0596
CAUSEWAY ST / CANAL ST,1:46:00 PM,42.3655,-71.0611
CAUSEWAY ST / HAVERHILL ST,3:07:00 PM,42.3657,-71.0606
CAUSEWAY ST / PORTLAND ST,12:23:00 PM,42.3648,-71.0623
CAUSEWAY ST / PORTLAND ST,6:33:00 PM,42.3648,-71.0623
CENTRE ST / GOLDSMITH PL,1:25:00 PM,42.3173,-71.1132
CENTRE ST / PARLEY AVE,1:27:00 PM,42.3153,-71.1141
CHARLES ST / BEACON ST,4:06:00 PM,42.3562,-71.0694
CHARLES ST / BEACON ST,4:10:00 PM,42.3562,-71.0694
CHARLES ST / BEACON ST,4:11:00 PM,42.3562,-71.0694
CHARLES ST / BOYLSTON ST,2:27:00 PM,42.3525,-71.0675
CHARLES ST / BOYLSTON ST,2:21:00 PM,42.3525,-71.0675
CHARLES ST / BOYLSTON ST,3:24:00 PM,42.3525,-71.0675
CHARLES ST / BOYLSTON ST,4:36:00 PM,42.3525,-71.0675
CHARLES ST / BOYLSTON ST,5:42:00 PM,42.3525,-71.0675
CHARLES ST / BOYLSTON ST,5:42:00 PM,42.3525,-71.0675
CHARLES ST / BOYLSTON ST,12:07:00 PM,42.3525,-71.0675
CHARLES ST / BOYLSTON ST,2:23:00 PM,42.3525,-71.0675
CHARLES ST / BOYLSTON ST,3:21:00 PM,42.3525,-71.0675
CHARLES ST / BOYLSTON ST,2:28:00 PM,42.3525,-71.0675
CHARLES ST / BOYLSTON ST,2:25:00 PM,42.3525,-71.0675
CHARLES ST / BOYLSTON ST,2:17:00 PM,42.3525,-71.0675
CHARLES ST / BOYLSTON ST,2:18:00 PM,42.3525,-71.0675
CHARLES ST / BOYLSTON ST,2:19:00 PM,42.3525,-71.0675
CHAUNCY ST / SUMMER ST,2:06:00 PM,42.3546,-71.0593
CHAUNCY ST / SUMMER ST,2:01:00 PM,42.3546,-71.0593
CHAUNCY ST / SUMMER ST,12:34:00 PM,42.3546,-71.0593
CHAUNCY ST / SUMMER ST,1:01:00 PM,42.3546,-71.0593
CHELSEA ST / SARATOGA ST,5:33:00 PM,42.3801,-71.027
CHELSEA ST / SARATOGA ST,5:34:00 PM,42.3801,-71.027
CHELSEA ST / SARATOGA ST,5:34:00 PM,42.3801,-71.027
CLARENDON ST / APPLETON ST,4:01:00 PM,42.3457,-71.0727
CLARENDON ST B-ST JA / BOYLSTON ST,1:09:00 PM,,
COLUMBUS AV / ARLINGTON ST,12:02:00 PM,42.3501,-71.0699
COLUMBUS AV / BERKELEY ST,12:54:00 PM,42.3487,-71.0718
COLUMBUS AV / BERKELEY ST,3:34:00 PM,42.3487,-71.0718
COLUMBUS AV / CAHNERS PL,1:28:00 PM,42.348,-71.0726
COLUMBUS AV / CAHNERS PL,4:09:00 PM,42.348,-71.0726
COLUMBUS AV / CAHNERS PL,4:10:00 PM,42.348,-71.0726
COLUMBUS AV / CLARENDON ST,1:29:00 PM,42.3473,-71.0735
COLUMBUS AV / CLARENDON ST,5:39:00 PM,42.3473,-71.0735
COLUMBUS AV / CLARENDON ST,4:08:00 PM,42.3473,-71.0735
COLUMBUS AV / CLARENDON ST,1:30:00 PM,42.3473,-71.0735
COLUMBUS AV / STUART ST,4:49:00 PM,42.3501,-71.0699
COLUMBUS AVE / CLARENDON ST,5:48:00 PM,42.3473,-71.0735
COLUMBUS AVE / PARK PLZ,12:49:00 PM,42.3517,-71.068
COLUMBUS AVE / PEMBROKE ST,5:59:00 PM,42.3437,-71.0779
COMMERCIAL ST / CHATHAM ST,12:26:00 PM,42.3597,-71.0536
COMMERCIAL ST / CROSS ST,4:00:00 PM,42.3612,-71.0533
COMMERCIAL ST / STATE ST,3:52:00 PM,42.3593,-71.0536
COMMONWEALTH AVE / WILSON PARK,3:59:00 PM,42.3414,-71.1463
COMMONWEALTH AVE / WILSON PARK,4:00:00 PM,42.3414,-71.1463
CONGRESS ST / STATE ST,1:20:00 PM,42.3589,-71.0568
CONGRESS ST / STATE ST,1:20:00 PM,42.3589,-71.0568
COURT SQ / PIE ALY,12:25:00 PM,,
CROSS ST / HANOVER ST,3:54:00 PM,42.3626,-71.0557
CROSS ST / HANOVER ST,6:01:00 PM,42.3626,-71.0557
CROSS ST / NORTH ST,3:58:00 PM,42.3622,-71.0548
DARTMOUTH ST / BOYLSTON ST,6:28:00 PM,42.3501,-71.0773
DARTMOUTH ST / COMMONWEALTH AVE,12:08:00 PM,42.3517,-71.0781
DARTMOUTH ST / COMMONWEALTH AVE,12:11:00 PM,42.3517,-71.0781
DARTMOUTH ST / COMMONWEALTH AVE,12:09:00 PM,42.3517,-71.0781
DARTMOUTH ST / MARLBOROUGH ST,12:17:00 PM,42.3529,-71.0787
DEVONSHIRE ST / SUMMER ST,2:18:00 PM,42.3537,-71.058
DEWITT DR / RUGGLES ST,12:01:00 PM,42.3327,-71.085
DORCHESTER AVE / ELTON ST,5:59:00 PM,42.3139,-71.057
DORCHESTER AVE / SAVIN HILL AVE,5:50:00 PM,42.313,-71.0572
DORCHESTER AVE / SAVIN HILL AVE,5:49:00 PM,42.313,-71.0572
DORCHESTER AVE / TILMAN ST,3:30:00 PM,42.2878,-71.0637
DORIS ST / DORCHESTER AVE,5:56:00 PM,42.3135,-71.0571
E BROADWAY / EMERSON ST,4:32:00 PM,42.3356,-71.0399
E BROADWAY / P ST,5:30:00 PM,42.3358,-71.0272
E BROOKLINE ST / HARRISON AVE,12:57:00 PM,42.3383,-71.0709
E CONCORD ST / HARRISON AVE,3:48:00 PM,42.3365,-71.0732
E CONCORD ST / WASHINGTON ST,4:06:00 PM,42.3379,-71.0749
E LENOX ST / REED ST,4:30:00 PM,42.3341,-71.0776
E LENOX ST / REED ST,4:30:00 PM,42.3341,-71.0776
E LENOX ST / REED ST,2:13:00 PM,42.3341,-71.0776
E LENOX ST / REED ST,4:31:00 PM,42.3341,-71.0776
EAST NEWTON ST / ALBANY ST,5:22:00 PM,42.3359,-71.0701
EAST SERVICE RD / CONGRESS ST,1:15:00 PM,42.3488,-71.0459
EAST SERVICE RD / SEAPORT BLVD,1:19:00 PM,42.351,-71.0439
EAST SERVICE RD / SEAPORT BLVD,1:19:00 PM,42.351,-71.0439
EAST SERVICE RD / SEAPORT BLVD,1:16:00 PM,42.351,-71.0439
EDWIN ST / DORCHESTER AVE,5:13:00 PM,42.2887,-71.0635
ESSEX ST / ATLANTIC AVE,1:42:00 PM,42.3518,-71.0559
ESSEX ST / SOUTH ST,1:36:00 PM,42.3521,-71.0572
ESSEX ST / SOUTH ST,12:39:00 PM,42.3521,-71.0572
ESSEX ST / SOUTH ST,1:36:00 PM,42.3521,-71.0572
EVANS WAY / FENWAY,2:08:00 PM,,
EVERETT ST / ORLEANS ST,1:13:00 PM,42.3687,-71.0375
EVERETT ST / ORLEANS ST,1:12:00 PM,42.3687,-71.0375
EXCHANGE PLACE / KILBY ST,3:41:00 PM,42.3583,-71.0556
EXETER ST / BOYLSTON ST,12:15:00 PM,42.3495,-71.0795
FEDERAL ST / HIGH ST,4:48:00 PM,42.3536,-71.0562
FEDERAL ST / HIGH ST,1:04:00 PM,42.3536,-71.0562
FEDERAL ST / HIGH ST,2:14:00 PM,42.3536,-71.0562
FENWOOD RD / HUNTINGTON AVE,1:34:00 PM,42.3338,-71.1057
FRANKLIN ST / BROAD ST,1:41:00 PM,42.3574,-71.0527
FRANKLIN ST / FEDERAL ST,4:05:00 PM,42.3555,-71.0565
FRANKLIN ST / FEDERAL ST,4:04:00 PM,42.3555,-71.0565
FRANKLIN ST / OLIVER ST,4:06:00 PM,42.3566,-71.0539
FRANKLIN ST / OLIVER ST,12:05:00 PM,42.3566,-71.0539
GAINSBOROUGH ST / ST BOTOLPH ST,5:40:00 PM,42.3409,-71.0857
GARDNER ST / MALVERN ST,5:31:00 PM,42.3534,-71.1249
GARDNER ST / MALVERN ST,5:32:00 PM,42.3534,-71.1249
GARRISON ST / HUNTINGTON AVE,5:11:00 PM,42.3465,-71.0804
GRANBY ST / BAY STATE ROAD,12:53:00 PM,42.3506,-71.1034
GRANBY ST / BAY STATE ROAD,12:57:00 PM,42.3506,-71.1034
GRANBY ST / BAY STATE ROAD,12:45:00 PM,42.3506,-71.1034
GRANBY ST / BAY STATE ROAD,12:39:00 PM,42.3506,-71.1034
GRANBY ST / BAY STATE ROAD,12:58:00 PM,42.3506,-71.1034
GRANBY ST / BAY STATE ROAD,12:38:00 PM,42.3506,-71.1034
GRANBY ST / BAY STATE ROAD,12:47:00 PM,42.3506,-71.1034
GRANBY ST / BAY STATE ROAD,12:49:00 PM,42.3506,-71.1034
GRANBY ST / BAY STATE ROAD,12:55:00 PM,42.3506,-71.1034
GRANBY ST / BAY STATE ROAD,12:44:00 PM,42.3506,-71.1034
GRANBY ST / BAY STATE ROAD,12:42:00 PM,42.3506,-71.1034
GRANBY ST / BAY STATE ROAD,12:57:00 PM,42.3506,-71.1034
GRANBY ST / BAY STATE ROAD,12:55:00 PM,42.3506,-71.1034
GRANBY ST / BAY STATE ROAD,12:46:00 PM,42.3506,-71.1034
GRANBY ST / COMMONWEALTH AVE,12:59:00 PM,42.3498,-71.1036
GREEN ST / MAIN ST,6:41:00 PM,42.3756,-71.0644
HANOVER ST / CONGRESS ST,12:42:00 PM,42.3616,-71.0576
HANOVER ST / CONGRESS ST,2:30:00 PM,42.3616,-71.0576
HARRISON AV / E CONCORD ST,3:45:00 PM,42.3365,-71.0732
HARRISON AV / E NEWTON ST,3:43:00 PM,42.3375,-71.072
HARRISON AV / E NEWTON ST,3:40:00 PM,42.3375,-71.072
HARRISON AVE / REED ST,2:21:00 PM,,
HARRISON AVE / REED ST,2:23:00 PM,,
HARVARD AVE / BRIGHTON AVE,5:08:00 PM,42.3529,-71.1321
HAVERHILL ST / CAUSEWAY ST,2:55:00 PM,42.3657,-71.0606
HAVERHILL ST / CAUSEWAY ST,2:54:00 PM,42.3657,-71.0606
HAVERHILL ST / CAUSEWAY ST,2:41:00 PM,42.3657,-71.0606
HAVERHILL ST / CAUSEWAY ST,2:56:00 PM,42.3657,-71.0606
HAVILAND ST / MASSACHUSETTS AVE,12:19:00 PM,42.3466,-71.0874
HEREFORD ST B-N / NEWBURY ST,4:22:00 PM,,
HIGH ST / BATTERYMARCH ST,2:02:00 PM,42.3564,-71.0528
HIGH ST / CONGRESS ST,12:53:00 PM,42.3546,-71.0546
HIGH ST / CONGRESS ST,12:52:00 PM,42.3546,-71.0546
HIGH ST / FEDERAL ST,1:36:00 PM,42.3536,-71.0562
HIGH ST / OLIVER ST,6:58:00 PM,42.3561,-71.0532
HIGH ST / OLIVER ST,2:00:00 PM,42.3561,-71.0532
HIGH ST / SURFACE RD,2:19:00 PM,42.3569,-71.0512
HIGH ST / SURFACE RD,3:03:00 PM,42.3569,-71.0512
HIGH ST / SURFACE RD,3:46:00 PM,42.3569,-71.0512
INDIA ST / CENTRAL ST,6:41:00 PM,42.3588,-71.0538
INDIA ST / CENTRAL ST,2:54:00 PM,42.3588,-71.0538
IRVING ST / CAMBRIDGE ST,6:53:00 PM,42.3611,-71.0664
IRVING ST / CAMBRIDGE ST,2:44:00 PM,42.3611,-71.0664
JOY ST / CAMBRIDGE ST,3:58:00 PM,42.3611,-71.0651
KELTON ST / COREY ST,2:17:00 PM,,
KERR WAY / RUGGLES ST,12:05:00 PM,42.3332,-71.0859
KILBY ST / EXCHANGE PLACE,1:33:00 PM,42.3583,-71.0556
KILBY ST / HAWES ST,12:40:00 PM,42.358,-71.0555
KINGSTON ST / BEDFORD ST,6:19:00 PM,42.3533,-71.0594
KINGSTON ST / BEDFORD ST,12:28:00 PM,42.3533,-71.0594
KINGSTON ST / ESSEX ST,12:28:00 PM,42.3525,-71.0594
LANSDOWNE ST / BROOKLINE AVE,2:13:00 PM,42.3472,-71.0985
LINCOLN ST / TUFTS ST,1:16:00 PM,42.3517,-71.0582
LOGAN AIRPORT SERVICE DR / PORTER ST,2:34:00 PM,,
LONGWOOD AVE / HUNTINGTON AVE,2:39:00 PM,42.3359,-71.1003
MAIN ST / BUNKER HILL ST,1:00:00 PM,42.3834,-71.0717
MAIN ST / STACEY ST,12:14:00 PM,42.3773,-71.0668
MALVERN ST / ASHFORD ST,5:37:00 PM,42.3543,-71.1247
MALVERN ST / ASHFORD ST,5:38:00 PM,42.3543,-71.1247
MALVERN ST / ASHFORD ST,5:38:00 PM,42.3543,-71.1247
MALVERN ST / BRIGHTON AVE,5:26:00 PM,42.3522,-71.1252
MARGINAL RD / HARRISON AVE,4:48:00 PM,42.3471,-71.063
MARGINAL RD / SHAWMUT AVE,5:34:00 PM,42.3477,-71.0657
MARGINAL ST / JEFFRIES ST,4:04:00 PM,42.364,-71.0303
MASSACHUSETTS AVE / WESTLAND AVE,12:46:00 PM,42.3434,-71.0858
MEDALLION AVE / BINFORD ST,12:21:00 PM,,
MEDALLION AVE / BINFORD ST,12:20:00 PM,,
MEDALLION AVE / BINFORD ST,12:22:00 PM,,
MEDALLION AVE / BINFORD ST,12:19:00 PM,,
MEDALLION AVE / BINFORD ST,12:19:00 PM,,
MEDALLION AVE / BINFORD ST,5:25:00 PM,,
MEDALLION AVE / BINFORD ST,5:24:00 PM,,
MEDFORD ST / CHELSEA ST,1:34:00 PM,42.3784,-71.0529
MEDFORD ST / CHELSEA ST,3:47:00 PM,42.3784,-71.0529
MEDFORD ST / CHELSEA ST,3:48:00 PM,42.3784,-71.0529
MEDFORD ST / CHELSEA ST,3:50:00 PM,42.3784,-71.0529
MEDFORD ST / N WASHINGTON ST,5:44:00 PM,42.3654,-71.0583
MERRIMAC ST / VALENTI WAY,5:22:00 PM,42.3635,-71.0613
MERRIMAC ST / VALENTI WAY,1:30:00 PM,42.3635,-71.0613
MERRIMAC ST / VALENTI WAY,5:21:00 PM,42.3635,-71.0613
MILK ST / BATTERYMARCH ST,1:26:00 PM,42.3577,-71.0544
MILK ST / BATTERYMARCH ST,2:27:00 PM,42.3577,-71.0544
MILK ST / BROAD ST,6:34:00 PM,42.358,-71.054
MILK ST / INDIA ST,12:59:00 PM,42.3585,-71.0532
MILK ST / INDIA ST,6:38:00 PM,42.3585,-71.0532
MILK ST / INDIA ST,6:39:00 PM,42.3585,-71.0532
MILK ST / KILBY ST,12:39:00 PM,42.3573,-71.0549
MILK ST / OLIVER ST,2:28:00 PM,42.3573,-71.0549
MILK ST / OLIVER ST,6:50:00 PM,42.3573,-71.0549
MILK ST / OLIVER ST,5:26:00 PM,42.3573,-71.0549
MILK ST / PEARL ST,2:35:00 PM,42.3569,-71.0557
MOUNT VERNON ST / RIVER ST,2:12:00 PM,42.3577,-71.0707
MOUNT VERNON ST / W CEDAR ST,1:27:00 PM,42.3579,-71.0695
MOUNTFORT ST / BEACON ST,5:02:00 PM,42.3475,-71.1019
MOUNTFORT ST / BUSWELL ST,5:05:00 PM,42.348,-71.1038
MOUNTFORT ST / BUSWELL ST,5:04:00 PM,42.348,-71.1038
N ANDERSON ST / CAMBRIDGE ST,5:10:00 PM,42.3611,-71.0679
N ANDERSON ST / PARKMAN ST,5:33:00 PM,42.3622,-71.0679
N ANDERSON ST / PARKMAN ST,5:34:00 PM,42.3622,-71.0679
NEW CHARDON ST / BULFINCH PL,12:13:00 PM,42.3622,-71.0622
NEW CHARDON ST / CAMBRIDGE ST,12:56:00 PM,42.3612,-71.0629
NEWBURY ST / BERKELEY ST,2:04:00 PM,42.3521,-71.0734
NEWBURY ST D-E / DARTMOUTH ST,12:35:00 PM,,
NORTH ST / CROSS ST,5:49:00 PM,42.3622,-71.0548
NORTHAMPTON ST / COLUMBUS AVE,12:23:00 PM,42.34,-71.0825
NORTHAMPTON ST / COLUMBUS AVE,12:23:00 PM,42.34,-71.0825
NR 100 CAMBRIDGE ST,2:15:00 PM,,
NR 100 CAMBRIDGE ST,2:15:00 PM,,
NR 101 CAUSEWAY ST,2:38:00 PM,,
NR 101 CAUSEWAY ST,1:19:00 PM,,
NR 101 CAUSEWAY ST,1:08:00 PM,,
NR 102 BEVERLY ST,6:46:00 PM,,
NR 11 DEERFIELD ST,1:32:00 PM,,
NR 11 NEWCOMB ST,2:10:00 PM,,
NR 11 NEWCOMB ST,2:11:00 PM,,
NR 110 BEVERLY ST,6:45:00 PM,,
NR 110 BEVERLY ST,6:45:00 PM,,
NR 110 HIGH ST,1:12:00 PM,,
NR 110 HIGH ST,2:08:00 PM,,
NR 115 NEWBURY ST,12:53:00 PM,,
NR 1247 COMMONWEALTH AV,5:36:00 PM,,
NR 1251 COMMONWEALTH AV,4:55:00 PM,,
NR 126 HIGH ST,1:14:00 PM,,
NR 126 STATE ST,12:00:00 PM,,
NR 1277 COMMONWEALTH AVE,4:57:00 PM,,
NR 1310 COMMONWEALTH AV,5:42:00 PM,,
NR 15 KNEELAND ST,3:47:00 PM,,
NR 15 KNEELAND ST,3:45:00 PM,,
NR 150 CANAL ST,12:34:00 PM,,
NR 155 PORTLAND ST,1:25:00 PM,,
NR 19 BAY STATE RD,1:36:00 PM,,
NR 210 MARGINAL ST,3:07:00 PM,,
NR 239 CAUSEWAY ST,12:40:00 PM,,
NR 239 CAUSEWAY ST,2:49:00 PM,,
NR 239 CAUSEWAY ST,12:40:00 PM,,
NR 239 CAUSEWAY ST,2:49:00 PM,,
NR 241 A ST,6:02:00 PM,,
NR 241 A ST,5:59:00 PM,,
NR 241 A ST,5:59:00 PM,,
NR 241 A ST,5:10:00 PM,,
NR 241 A STREET,5:06:00 PM,,
NR 241 A STREET,5:17:00 PM,,
NR 241 A STREET,5:17:00 PM,,
NR 241 A STREET,5:09:00 PM,,
NR 241 A STREET,5:08:00 PM,,
NR 26 PONTIAC ST,2:29:00 PM,,
NR 26 PONTIAC ST,2:30:00 PM,,
NR 27 BOWDOIN ST,6:16:00 PM,,
NR 29 NEWBURY ST A-B,12:46:00 PM,,
NR 30 LANCASTER ST,1:05:00 PM,,
NR 30 LANCASTER ST,1:04:00 PM,,
NR 30 LANCASTER ST,5:26:00 PM,,
NR 323 NEWBURY ST H-M,12:14:00 PM,,
NR 337 SUMMER ST,4:31:00 PM,,
NR 337 SUMMER ST,4:32:00 PM,,
NR 400 D STREET,12:12:00 PM,,
NR 415 NEWBURY EXT,5:53:00 PM,,
NR 415 NEWBURY EXT,3:31:00 PM,,
NR 418 COLUMBUS AVE,4:43:00 PM,,
NR 431 BROOKLINE AVE,1:31:00 PM,,
NR 45 HEREFORD ST,3:42:00 PM,,
NR 45 HEREFORD ST,4:29:00 PM,,
NR 45 HEREFORD ST,1:00:00 PM,,
NR 45 HEREFORD ST,4:27:00 PM,,
NR 45 HEREFORD ST,3:44:00 PM,,
NR 50 W BROADWAY,1:05:00 PM,,
NR 500 COMMERCIAL ST,4:57:00 PM,,
NR 51 HAVRE ST,6:34:00 PM,,
NR 612 E BROADWAY,12:35:00 PM,,
NR 63 STUART ST,4:04:00 PM,,
NR 665 WASHINGTON ST,5:45:00 PM,,
NR 665 WASHINGTON ST,5:46:00 PM,,
NR 955 BOYLSTON ST M-H,4:15:00 PM,,
NR 955 BOYLSTON ST M-H,2:50:00 PM,,
NR 955 BOYLSTON ST M-H,4:17:00 PM,,
NR TREMONT ST,3:57:00 PM,,
NR10 A ST,6:02:00 PM,,
NR104 FORSYTH ST,1:22:00 PM,,
NR11 DEERFIELD ST,1:32:00 PM,,
NR11 DEERFIELD ST,1:34:00 PM,,
NR121 WATER ST,5:02:00 PM,,
NR121 WATER ST,12:51:00 PM,,
NR139 COLUMBUS AV,1:21:00 PM,,
NR1449 DORCHESTER AVE,1:11:00 PM,,
NR152 MILK ST,2:50:00 PM,,
NR154 NEWBURY ST D-E,2:44:00 PM,,
NR175 BERKELEY ST,2:03:00 PM,,
NR1799 DORCHESTER AVE,5:15:00 PM,,
NR1799 DORCHESTER AVE,5:16:00 PM,,
NR180 LINCOLN ST,1:45:00 PM,,
NR181 NEWBURY ST D-E,2:52:00 PM,,
NR20 PARK PLAZA,12:45:00 PM,,
NR221 COLUMBUS AV,5:47:00 PM,,
NR25 BORDER ST,1:00:00 PM,,
NR25 TRINITY PL,4:06:00 PM,,
NR25 TRINITY PL,12:55:00 PM,,
NR25 TRINITY PL,4:05:00 PM,,
NR266 SUMMER ST,2:39:00 PM,,
NR27 BOWDOIN ST,6:02:00 PM,,
NR27 COURT SQ,1:45:00 PM,,
NR276 ADAMS ST,3:04:00 PM,,
NR30 ST JAMES AV,5:20:00 PM,,
NR326 CAMBRIDGE ST,6:45:00 PM,,
NR326 CAMBRIDGE ST,1:06:00 PM,,
NR41 PHILLIP ST,2:57:00 PM,,
NR42 CUNARD ST,1:59:00 PM,,
NR46 GLOUCESTER ST N-B,5:35:00 PM,,
NR500 BOYLSTON ST C-B,6:42:00 PM,,
NR500 BOYLSTON ST C-B,6:11:00 PM,,
NR500 BOYLSTON ST C-B,6:13:00 PM,,
NR600 HUNTINGTON AV,1:42:00 PM,,
NR600 HUNTINGTON AV,1:40:00 PM,,
NR63 FRANKLIN ST,12:24:00 PM,,
NR640 COMMONWEALTH AVE,1:07:00 PM,,
NR7 EXCHANGE PLACE,12:13:00 PM,,
NR82 BROOKLINE AV,2:54:00 PM,,
NR82 BROOKLINE AV,2:57:00 PM,,
NR846 BLUE HILL AVE,12:23:00 PM,,
NR944 DORCHESTER AVE,6:05:00 PM,,
NR944 DORCHESTER AVE,6:06:00 PM,,
OAK ST / HYDE PARK AVE,5:55:00 PM,42.2551,-71.1242
OLD RUTHERFORD AVE / WASHINGTON ST,6:27:00 PM,42.3728,-71.0641
OLIVER ST / FRANKLIN ST,5:20:00 PM,42.3566,-71.0539
OLIVER ST / HIGH ST,2:15:00 PM,42.3561,-71.0532
OLIVER ST / HIGH ST,5:18:00 PM,42.3561,-71.0532
OLIVER ST / MILK ST,5:23:00 PM,42.3573,-71.0549
OLIVER ST / MILK ST,2:32:00 PM,42.3573,-71.0549
OPERA PL / HUNTINGTON AVE,1:15:00 PM,42.3404,-71.089
OPERA PL / HUNTINGTON AVE,1:13:00 PM,42.3404,-71.089
OPP  106 MARGINAL ST,3:02:00 PM,,
OPP  107 MERRIMAC ST,12:03:00 PM,,
OPP 101 CAUSEWAY ST,1:13:00 PM,,
OPP 104 CANAL ST NC-V,1:18:00 PM,,
OPP 107 MERRIMAC ST,1:33:00 PM,,
OPP 107 MERRIMAC ST,1:00:00 PM,,
OPP 107 MERRIMAC ST,1:33:00 PM,,
OPP 107 MERRIMAC ST,1:00:00 PM,,
OPP 110 HIGH ST,12:12:00 PM,,
OPP 113 HAVRE ST,12:09:00 PM,,
OPP 116 W 1ST ST,3:02:00 PM,,
OPP 116 W 1ST ST,5:11:00 PM,,
OPP 116 W 1ST ST,3:01:00 PM,,
OPP 116 W 1ST ST,2:59:00 PM,,
OPP 116 W 1ST ST,5:10:00 PM,,
OPP 126 MARGINAL ST,3:03:00 PM,,
OPP 128 MARGINAL ST,3:03:00 PM,,
OPP 136 MARGINAL ST,3:05:00 PM,,
OPP 14 EDGERLY RD,12:38:00 PM,,
OPP 141 PORTLAND ST,1:12:00 PM,,
OPP 155 PORTLAND ST,2:07:00 PM,,
OPP 166 W 1ST ST,2:57:00 PM,,
OPP 209 COLUMBUS AV,4:17:00 PM,,
OPP 21 SCHOOL ST,1:41:00 PM,,
OPP 210 OCALLAGHAN WAY,6:31:00 PM,,
OPP 219 COLUMBUS AV,4:12:00 PM,,
OPP 219 COLUMBUS AV,5:41:00 PM,,
OPP 221 COLUMBUS AV,4:11:00 PM,,
OPP 222 SUMNER ST,3:14:00 PM,,
OPP 222 SUMNER ST,1:08:00 PM,,
OPP 225 FRIEND ST,12:26:00 PM,,
OPP 24 FEDERAL ST,1:43:00 PM,,
OPP 241 A STREET,5:12:00 PM,,
OPP 241 A STREET,5:15:00 PM,,
OPP 241 A STREET,5:13:00 PM,,
OPP 241 A STREET,5:15:00 PM,,
OPP 25 LAWRENCE ST,12:13:00 PM,,
OPP 26 BARNES AVE,6:57:00 PM,,
OPP 30 CHAUNCY ST,2:10:00 PM,,
OPP 30 FEDERAL ST,2:22:00 PM,,
OPP 333 MAVERICK ST,4:14:00 PM,,
OPP 333 MAVERICK ST,4:14:00 PM,,
OPP 337 SUMMER ST,12:33:00 PM,,
OPP 337 SUMMER ST,12:59:00 PM,,
OPP 337 SUMMER ST,3:37:00 PM,,
OPP 337 SUMMER ST,12:57:00 PM,,
OPP 337 SUMMER ST,12:00:00 PM,,
OPP 337 SUMMER ST,12:35:00 PM,,
OPP 337 SUMMER ST,3:36:00 PM,,
OPP 337 SUMMER ST,4:46:00 PM,,
OPP 343 MAVERICK ST,4:12:00 PM,,
OPP 377 BLUE HILL AVE,5:28:00 PM,,
OPP 381 MAVERICK ST,4:10:00 PM,,
OPP 401 D STREET,12:09:00 PM,,
OPP 401 D STREET,3:16:00 PM,,
OPP 401 D STREET,12:06:00 PM,,
OPP 411 D STREET,3:15:00 PM,,
OPP 425 SUMNER ST,3:47:00 PM,,
OPP 425 SUMNER ST,3:48:00 PM,,
OPP 425 SUMNER ST,3:45:00 PM,,
OPP 476 TREMONT ST,3:48:00 PM,,
OPP 480 TREMONT ST,3:49:00 PM,,
OPP 490 TREMONT ST,5:26:00 PM,,
OPP 53 ROSECLAIR ST,1:20:00 PM,,
OPP 545 SUMNER ST,3:59:00 PM,,
OPP 600 WASHINGTON ST,5:48:00 PM,,
OPP 600 WASHINGTON ST,5:17:00 PM,,
OPP 68 MARGINAL ST,3:00:00 PM,,
OPP 7 HAVILAND ST,12:21:00 PM,,
OPP 82 BROOKLINE AV,12:04:00 PM,,
OPP100 CLARENDON ST,2:57:00 PM,,
OPP117 WATER ST,12:05:00 PM,,
OPP121 HIGH ST,1:39:00 PM,,
OPP130 MAVERICK ST,12:20:00 PM,,
OPP130 MAVERICK ST,12:18:00 PM,,
OPP130 MAVERICK ST,12:21:00 PM,,
OPP133 BROOKLINE AV,5:57:00 PM,,
OPP14 BIRCH ST,2:26:00 PM,,
OPP150 BROOKLINE AVE,3:05:00 PM,,
OPP153 MILK ST,3:27:00 PM,,
OPP161 DEVONSHIRE ST,2:26:00 PM,,
OPP167 MILK ST,2:48:00 PM,,
OPP170 BROOKLINE AVE,3:06:00 PM,,
OPP171 MILK ST,3:31:00 PM,,
OPP18 SOJOURNER TRUTH CT,12:08:00 PM,,
OPP1825 DORCHESTER AVE,5:11:00 PM,,
OPP19 SCOTIA ST,5:20:00 PM,,
OPP228 CHESTNUT AVE,12:52:00 PM,,
OPP25 COLUMBUS AV,4:47:00 PM,,
OPP250 BOYLSTON ST A-C ST S,5:36:00 PM,,
OPP257 LAMARTINE ST,1:01:00 PM,,
OPP272 BOYLSTON ST A-C ST S,2:12:00 PM,,
OPP30 FEDERAL ST,2:23:00 PM,,
OPP30 LANCASTER ST,2:38:00 PM,,
OPP49 MELCHER ST,12:14:00 PM,,
OPP71 KILBY ST,12:43:00 PM,,
OPP71 KILBY ST,3:13:00 PM,,
OPP745 SOUTH ST,2:37:00 PM,,
OPP745 SOUTH ST,2:36:00 PM,,
OPP745 SOUTH ST,2:35:00 PM,,
OPP745 SOUTH ST,2:36:00 PM,,
OPP75 NORTHERN AV,1:38:00 PM,,
OPP777 CENTRE ST,2:56:00 PM,,
OPP777 CENTRE ST,2:57:00 PM,,
OPP82 WATER ST,1:34:00 PM,,
OPP9 BROAD ST C-S,4:46:00 PM,,
OPP9 BROAD ST C-S,3:02:00 PM,,
ORLEANS ST / HAYNES ST,3:10:00 PM,42.3671,-71.0388
OTIS ST / SUMMER ST,12:21:00 PM,42.3541,-71.0586
PARIS ST / GOVE ST,12:17:00 PM,42.3719,-71.0382
PARK PLAZA / HADASSAH WAY,2:45:00 PM,42.3516,-71.0689
PARK ST / ADAMS ST,12:57:00 PM,42.2993,-71.0581
PARK ST / CLAYTON ST,3:11:00 PM,42.3003,-71.0556
PEARL ST / FRANKLIN ST,12:07:00 PM,42.3561,-71.0549
PEARL ST / FRANKLIN ST,2:57:00 PM,42.3561,-71.0549
PEARL ST / HIGH ST,2:10:00 PM,42.3552,-71.054
PEARL ST / HIGH ST,1:16:00 PM,42.3552,-71.054
PEARL ST / HIGH ST,6:55:00 PM,42.3552,-71.054
PEARL ST / SURFACE RD,12:39:00 PM,,
PEQUOT ST / CALUMET ST,3:03:00 PM,42.3324,-71.1056
PEQUOT ST / CALUMET ST,3:03:00 PM,42.3324,-71.1056
PEQUOT ST / WAIT ST,12:21:00 PM,42.3326,-71.1063
PEQUOT ST / WAIT ST,3:05:00 PM,42.3326,-71.1063
PEQUOT ST / WAIT ST,3:05:00 PM,42.3326,-71.1063
PHILLIP ST / ANDERSON ST,1:47:00 PM,42.3603,-71.0678
PINCKNEY ST / BRIMMER ST,3:09:00 PM,42.3588,-71.0717
PLEASANT ST / MAIN ST,4:59:00 PM,42.374,-71.0632
PLEASANT ST / MAIN ST,4:58:00 PM,42.374,-71.0632
PORTER ST / COTTAGE ST,2:52:00 PM,42.3707,-71.032
PORTLAND ST / VALENTI WAY,4:19:00 PM,42.3637,-71.061
PORTLAND ST / VALENTI WAY,12:55:00 PM,42.3637,-71.061
PROVIDENCE ST / BERKELEY ST,6:12:00 PM,42.3508,-71.0728
PROVINCE CT / PROVINCE ST,2:51:00 PM,42.3571,-71.0599
PROVINCE ST / BROMFIELD ST,2:55:00 PM,42.3567,-71.0602
PROVINCE ST / SCHOOL ST,2:19:00 PM,42.3577,-71.0594
PROVINCE ST / SCHOOL ST,2:43:00 PM,42.3577,-71.0594
QUAKER LN / CONGRESS ST,2:28:00 PM,42.358,-71.0565
QUAKER LN / CONGRESS ST,12:31:00 PM,42.358,-71.0565
RALEIGH ST / BAY STATE ROAD,12:30:00 PM,42.3499,-71.0953
REVERE ST / CHARLES ST,3:02:00 PM,42.3595,-71.0708
RUGGLES ST / DEWITT DR,12:02:00 PM,42.3327,-71.085
RUTLAND ST / HAVEN ST,5:29:00 PM,,
SARATOGA ST / BYRON ST,4:57:00 PM,42.384,-71.0166
SCOTIA ST / DALTON ST,5:21:00 PM,42.3467,-71.085
SEVENTH STREET / 1ST AVE,2:11:00 PM,,
SILBER WAY / BAY STATE ROAD,12:05:00 PM,42.3503,-71.1004
SILBER WAY / BAY STATE ROAD,12:04:00 PM,42.3503,-71.1004
SILBER WAY / BAY STATE ROAD,12:06:00 PM,42.3503,-71.1004
SOUTH ST / BEACH ST,1:00:00 PM,42.3507,-71.0574
ST CECILIA ST / SCOTIA ST,12:03:00 PM,42.347,-71.0865
ST CECILIA ST / SCOTIA ST,12:01:00 PM,42.347,-71.0865
ST MARTIN ST / MEDFORD ST,12:54:00 PM,42.3833,-71.0676
ST MARTIN ST / MEDFORD ST,12:55:00 PM,42.3833,-71.0676
STANHOPE ST / CLARENDON ST,5:55:00 PM,42.3481,-71.074
STUART ST / BERKELEY ST,1:02:00 PM,42.3495,-71.0722
STUART ST / BERKELEY ST,1:00:00 PM,42.3495,-71.0722
STUART ST / BERKELEY ST,1:01:00 PM,42.3495,-71.0722
STUART ST / CHARLES ST S,6:06:00 PM,42.3509,-71.0669
STUART ST / CHURCH ST,4:52:00 PM,42.3505,-71.0687
STUART ST / CHURCH ST,4:53:00 PM,42.3505,-71.0687
STUART ST / DARTMOUTH ST,12:09:00 PM,42.3483,-71.0764
STUART ST / DARTMOUTH ST,12:11:00 PM,42.3483,-71.0764
STUART ST / DARTMOUTH ST,12:11:00 PM,42.3483,-71.0764
STUART ST / PARK PL,4:44:00 PM,,
SUDBURY ST / CAMBRIDGE ST,1:42:00 PM,42.3609,-71.0613
SUMMER ST / D ST,12:23:00 PM,42.3462,-71.0422
SUMMER ST / D ST,3:32:00 PM,42.3462,-71.0422
SUMMER ST / D ST,4:27:00 PM,42.3462,-71.0422
SUMMER ST / DORCHESTER AVE,3:00:00 PM,42.3514,-71.0529
SUMMER ST / WORLD TRADE CENTER AVE,12:28:00 PM,,
SUMMER ST / WORLD TRADE CENTER AVE,12:31:00 PM,,
SUMMER ST / WORLD TRADE CENTER AVE,12:31:00 PM,,
SUMMER ST / WORLD TRADE CENTER AVE,12:25:00 PM,,
SUMMER ST / WORLD TRADE CENTER AVE,12:30:00 PM,,
SUMMER ST / WORLD TRADE CENTER AVE,12:27:00 PM,,
SUMMER ST / WORLD TRADE CENTER AVE,4:29:00 PM,,
SURFACE RD / HANOVER ST,4:09:00 PM,42.3622,-71.0565
SYDNEY ST / CRESCENT AVE,2:34:00 PM,42.3193,-71.0527
TERMINAL ST / MEDFORD ST,3:56:00 PM,42.3808,-71.0616
TETLOW ST / HUNTINGTON AVE,2:21:00 PM,,
THORNDIKE ST / REED ST,2:23:00 PM,42.3333,-71.0787
THORNDIKE ST / REED ST,4:36:00 PM,42.3333,-71.0787
THORNDIKE ST / REED ST,4:36:00 PM,42.3333,-71.0787
THORNDIKE ST / REED ST,2:24:00 PM,42.3333,-71.0787
THORNDIKE ST / REED ST,2:20:00 PM,42.3333,-71.0787
TIBBETTS TOWN WAY / DUNSTABLE ST,12:34:00 PM,,
TIBBETTS TOWN WAY / DUNSTABLE ST,12:37:00 PM,,
TREMONT ST / BOSWORTH ST,1:29:00 PM,42.3574,-71.0611
TREMONT ST / BROMFIELD ST,1:27:00 PM,42.3572,-71.0613
TREMONT ST / DWIGHT ST,6:11:00 PM,42.3449,-71.0702
TREMONT ST / HAMILTON PL,1:24:00 PM,42.3567,-71.0618
TREMONT ST / HAMMOND ST,12:43:00 PM,42.3373,-71.084
TREMONT ST / HARMON ST,12:31:00 PM,,
TREMONT ST / HARMON ST,12:32:00 PM,,
TRINITY PL / DARTMOUTH ST,3:06:00 PM,,
TRINITY PL / ST JAMES AVE,12:54:00 PM,42.3496,-71.0759
TUFTS ST / LINCOLN ST,3:27:00 PM,42.3517,-71.0582
TYLER ST / KNEELAND ST,5:15:00 PM,42.3504,-71.0609
UNION PARK ST / ALBANY ST,3:59:00 PM,42.3396,-71.0649
UNION ST / OLD RUTHERFORD AVE,6:35:00 PM,42.374,-71.0653
VALENTI WAY / FRIEND ST,2:03:00 PM,42.364,-71.0605
VALENTI WAY / PORTLAND ST,2:05:00 PM,42.3637,-71.061
W BROADWAY / F ST,4:43:00 PM,42.3368,-71.0478
W BROADWAY / F ST,3:40:00 PM,42.3368,-71.0478
W BROADWAY / F ST,5:53:00 PM,42.3368,-71.0478
WALTHAM ST / HARRISON AVE,12:25:00 PM,42.3408,-71.0678
WASHINGTON ST / AVERY ST,3:42:00 PM,42.3533,-71.0625
WASHINGTON ST / AVERY ST,3:45:00 PM,42.3533,-71.0625
WASHINGTON ST / HARLEM ST,5:21:00 PM,,
WASHINGTON ST / OAK ST W,5:57:00 PM,42.3484,-71.0641
WASHINGTON ST / UNION PARK ST,4:00:00 PM,42.3413,-71.0696
WASHINGTON ST / UNION PARK ST,3:58:00 PM,42.3413,-71.0696
WASHINGTON ST / W DEDHAM ST,4:17:00 PM,42.3408,-71.0707
WATER ST / CONGRESS ST,12:24:00 PM,42.3576,-71.0564
WILLIAM CARDINAL O'CONNELL WAY / STANIFORD ST,12:18:00 PM,42.3622,-71.0639
X 10 GAINSBOROUGH ST,5:40:00 PM,,
X 100 CAMBRIDGE ST,4:15:00 PM,,
X 100 W CONCORD ST,1:02:00 PM,,
X 107 MERRIMAC ST,4:01:00 PM,,
X 107 MERRIMAC ST,6:00:00 PM,,
X 110 STUART ST,4:33:00 PM,,
X 114 HEMENWAY ST,3:49:00 PM,,
X 121 CHARLES ST S,5:29:00 PM,,
X 124 FISHER AVE,3:17:00 PM,,
X 129 ST ALPHONSUS ST,2:57:00 PM,,
X 133 ST ALPHONSUS ST,2:57:00 PM,,
X 135 ST ALPHONSUS ST,5:06:00 PM,,
X 139 HILLSIDE ST,3:10:00 PM,,
X 141 W BROADWAY,3:46:00 PM,,
X 175 HEMENWAY ST,3:45:00 PM,,
X 178 ST ALPHONSUS ST,2:53:00 PM,,
X 2 PALACE RD,5:43:00 PM,,
X 204 HEMENWAY ST,3:39:00 PM,,
X 21 COLUMBUS AV,12:01:00 PM,,
X 241 ST BOTOLPH ST,5:37:00 PM,,
X 241 ST BOTOLPH ST,12:54:00 PM,,
X 25 NEW CHARDON ST,5:50:00 PM,,
X 25 NEW CHARDON ST,4:06:00 PM,,
X 25 NEW CHARDON ST,5:48:00 PM,,
X 25 NEW CHARDON ST,5:51:00 PM,,
X 25 NEW CHARDON ST,4:11:00 PM,,
X 26 PONTIAC ST,2:33:00 PM,,
X 26 PONTIAC ST,2:32:00 PM,,
X 26 PONTIAC ST,2:30:00 PM,,
X 3 SCHOOL ST,1:23:00 PM,,
X 30 LANCASTER ST,4:22:00 PM,,
X 33 BLOSSOM ST,5:28:00 PM,,
X 34 PONTIAC ST,2:35:00 PM,,
X 375 COLUMBUS AVE,4:52:00 PM,,
X 38 PONTIAC ST,2:34:00 PM,,
X 41 NEW CHARDON ST,5:54:00 PM,,
X 41 UNION ST,2:28:00 PM,,
X 417 MAIN ST,1:06:00 PM,,
X 435 COLUMBUS AVE,4:31:00 PM,,
X 44 OLD RUTHERFORD AVE,12:24:00 PM,,
X 450 BROOKLINE AVE,2:04:00 PM,,
X 46 OLD RUTHERFORD AVE,12:25:00 PM,,
X 650 COLUMBUS AVE,5:15:00 PM,,
X 696 COLUMBUS AVE,3:07:00 PM,,
X 700 COLUMBUS AVE,3:09:00 PM,,
X 716 COLUMBUS AVE,3:12:00 PM,,
X 716 COLUMBUS AVE,5:20:00 PM,,
X 716 COLUMBUS AVE,12:34:00 PM,,
X 79 WENSLEY ST,3:18:00 PM,,
X 8 DARTMOUTH ST,4:02:00 PM,,
X 81 WARREN AVE,5:33:00 PM,,
X 881 E 1ST ST,6:48:00 PM,,
X 90 FISHER AVE,3:26:00 PM,,
X 980 HARRISON AVE,2:17:00 PM,,
X 980 HARRISON AVE,2:18:00 PM,,
X BOYLSTON ST A-C ST S,5:33:00 PM,,
X BOYLSTON ST F-E,5:39:00 PM,,
X100 CLARENDON ST,1:15:00 PM,,
X100 CLARENDON ST,1:18:00 PM,,
X100 CLARENDON ST,1:17:00 PM,,
X100 CLARENDON ST,5:51:00 PM,,
X101 CANAL ST,1:44:00 PM,,
X103 SOUTH ST,3:39:00 PM,,
X104 CANAL ST,1:18:00 PM,,
X107 MERRIMAC ST,2:00:00 PM,,
X107 SOUTH ST,4:52:00 PM,,
X11 AV DE LAFAYETTE,12:00:00 PM,,
X120 WARREN ST,1:11:00 PM,,
X1204 WASHINGTON ST,4:15:00 PM,,
X122 WARREN ST,1:12:00 PM,,
X13 HUDSON ST,5:22:00 PM,,
X1304 WASHINGTON ST,4:07:00 PM,,
X1304 WASHINGTON ST,4:06:00 PM,,
X131 CLARENDON ST,1:12:00 PM,,
X14 PALACE RD,2:25:00 PM,,
X14 PALACE RD,5:41:00 PM,,
X1407 WASHINGTON ST,4:18:00 PM,,
X141 RICHMOND ST,3:41:00 PM,,
X141 RICHMOND ST,4:25:00 PM,,
X141 RICHMOND ST,3:43:00 PM,,
X142 PROVIDENCE ST,4:24:00 PM,,
X144 CHARLES ST,6:34:00 PM,,
X144 MOUNT VERNON ST,2:15:00 PM,,
X145 PROVIDENCE ST,4:29:00 PM,,
X145 PROVIDENCE ST,4:27:00 PM,,
X15 UNION ST,4:14:00 PM,,
X15 UNION ST,5:34:00 PM,,
X15 UNION ST,4:03:00 PM,,
X152 MOUNT VERNON ST,2:16:00 PM,,
X1595 WASHINGTON ST,6:49:00 PM,,
X1601 WASHINGTON ST,6:51:00 PM,,
X161 DEVONSHIRE ST,12:45:00 PM,,
X161 DEVONSHIRE ST,5:01:00 PM,,
X179 SOUTH ST,2:58:00 PM,,
X181 ALLSTON ST,2:07:00 PM,,
X184 HIGH ST,1:20:00 PM,,
X19 SHORT ST,4:05:00 PM,,
X1916 BEACON ST,12:18:00 PM,,
X1946 WASHINGTON ST,2:07:00 PM,,
X1946 WASHINGTON ST,4:25:00 PM,,
X2 BALDWIN PL,4:23:00 PM,,
X2 PALACE RD,2:32:00 PM,,
X2 PALACE RD,2:29:00 PM,,
X2 PALACE RD,1:55:00 PM,,
X2 PALACE RD,2:30:00 PM,,
X20 CITY SQ,2:25:00 PM,,
X20 CITY SQ,5:04:00 PM,,
X20 CITY SQ,2:26:00 PM,,
X20 CITY SQ,2:24:00 PM,,
X20 EVANS WY,2:03:00 PM,,
X20 EVANS WY,2:01:00 PM,,
X20 EVANS WY,2:05:00 PM,,
X20 EVANS WY,2:07:00 PM,,
X20 EVANS WY,1:59:00 PM,,
X20 EVANS WY,1:58:00 PM,,
X20 EVANS WY,2:17:00 PM,,
X20 NEWBURY ST A-B,3:56:00 PM,,
X20 PHILLIP ST,2:55:00 PM,,
X20 PHILLIP ST,2:54:00 PM,,
X20 STANIFORD ST,1:51:00 PM,,
X20 STANIFORD ST,12:13:00 PM,,
X201 DEVONSHIRE ST,5:03:00 PM,,
X201 SOUTH ST,3:00:00 PM,,
X204 HEMENWAY ST,3:38:00 PM,,
X206 CLARENDON ST B-ST JA,6:06:00 PM,,
X21 COLUMBUS AV,4:48:00 PM,,
X210 BERKELEY ST,1:04:00 PM,,
X215 ENDICOTT ST,5:04:00 PM,,
X22 CLINTON ST,1:15:00 PM,,
X22 CLINTON ST,1:12:00 PM,,
X22 CLINTON ST,1:13:00 PM,,
X22 CLINTON ST,3:57:00 PM,,
X24 ANDERSON ST,12:12:00 PM,,
X241 ST BOTOLPH ST,5:38:00 PM,,
X241 ST BOTOLPH ST,5:36:00 PM,,
X242 NEWBURY ST,4:11:00 PM,,
X245 SUMMER ST,2:29:00 PM,,
X25 TRINITY PL,12:55:00 PM,,
X250 BOYLSTON ST A-C ST S,5:36:00 PM,,
X250 BOYLSTON ST A-C ST S,2:14:00 PM,,
X250 BOYLSTON ST A-C ST S,5:37:00 PM,,
X250 BOYLSTON ST A-C ST S,5:40:00 PM,,
X261 ADAMS ST,3:06:00 PM,,
X27 BELMONT ST,1:06:00 PM,,
X279 DARTMOUTH ST,1:45:00 PM,,
X279 DARTMOUTH ST,1:44:00 PM,,
X286 ADAMS ST,3:03:00 PM,,
X299 BERKELEY ST,12:51:00 PM,,
X299 BERKELEY ST,4:16:00 PM,,
X299 BERKELEY ST,12:50:00 PM,,
X30 LANCASTER ST,6:27:00 PM,,
X30 LANCASTER ST,6:28:00 PM,,
X300 BOYLSTON ST A-C ST S,5:34:00 PM,,
X300 BOYLSTON ST A-C ST S,2:08:00 PM,,
X303 BERKELEY ST,12:55:00 PM,,
X303 BERKELEY ST,12:56:00 PM,,
X303 BERKELEY ST,12:55:00 PM,,
X316 STUART ST,5:35:00 PM,,
X33 POLK ST,1:10:00 PM,,
X330 STUART ST,5:30:00 PM,,
X330 STUART ST,5:33:00 PM,,
X330 STUART ST,6:25:00 PM,,
X330 STUART ST,6:26:00 PM,,
X351 NEWBURY ST EXT,1:04:00 PM,,
X37 BEACON ST,2:42:00 PM,,
X370 STUART ST,5:10:00 PM,,
X370 STUART ST,5:08:00 PM,,
X370 STUART ST,6:19:00 PM,,
X370 STUART ST,5:12:00 PM,,
X375 NEWBURY EXT,3:26:00 PM,,
X375 NEWBURY EXT,4:37:00 PM,,
X375 NEWBURY EXT,1:12:00 PM,,
X375 NEWBURY EXT,4:36:00 PM,,
X375 NEWBURY EXT,1:14:00 PM,,
X39 KINGSTON ST,2:56:00 PM,,
X399 NEWBURY ST E-F,4:26:00 PM,,
X415 NEWBURY EXT,5:54:00 PM,,
X415 NEWBURY EXT,3:34:00 PM,,
X415 NEWBURY EXT,1:17:00 PM,,
X415 NEWBURY EXT,3:27:00 PM,,
X415 NEWBURY EXT,4:39:00 PM,,
X425 NEWBURY EXT,1:21:00 PM,,
X425 NEWBURY EXTENSION,1:20:00 PM,,
X43 CHARLES ST,4:40:00 PM,,
X441 W BROADWAY,5:29:00 PM,,
X449 CAMBRIDGE ST,5:40:00 PM,,
X450 BROOKLINE AVE,2:04:00 PM,,
X52 S RUSSELL ST,12:50:00 PM,,
X531 NEWBURY ST EXT,4:25:00 PM,,
X535 COMMONWEALTH AV,4:24:00 PM,,
X535 NEWBURY EXTENSION,6:31:00 PM,,
X535 NEWBURY ST EXT,4:22:00 PM,,
X543 ALBANY ST,3:52:00 PM,,
X545 ALBANY ST,3:47:00 PM,,
X545 ALBANY ST,3:49:00 PM,,
X545 ALBANY ST,3:50:00 PM,,
X551 BOYLSTON ST D-C,6:35:00 PM,,
X56 GAINSBOROUGH ST,12:51:00 PM,,
X56 GAINSBOROUGH ST,12:50:00 PM,,
X585 COMMERCIAL ST,5:02:00 PM,,
X610 BEACON ST,12:46:00 PM,,
X615 ALBANY ST,3:40:00 PM,,
X650 COLUMBUS AVE,3:04:00 PM,,
X67 NEWBURY ST B-C,5:30:00 PM,,
X67 NEWBURY ST B-C,5:32:00 PM,,
X695 ATLANTIC AVE,6:03:00 PM,,
X696 COLUMBUS AVE,3:08:00 PM,,
X7 HUDSON ST,5:22:00 PM,,
X70 BEACON ST,3:15:00 PM,,
X700 COLUMBUS AVE,12:34:00 PM,,
X71 LANSDOWNE ST,2:13:00 PM,,
X716 COLUMBUS AVE,3:11:00 PM,,
X716 COLUMBUS AVE,5:20:00 PM,,
X72 BEACON ST,12:56:00 PM,,
X75 BROAD ST C-M,12:18:00 PM,,
X77 BEACON ST,12:52:00 PM,,
X81 RICHMOND ST,4:19:00 PM,,
X84 BEACON ST,6:04:00 PM,,
X84 BEACON ST,4:28:00 PM,,
X84 BEACON ST,4:26:00 PM,,
X84 BEACON ST,12:49:00 PM,,
X87 WARREN ST,4:56:00 PM,,
X87 WARREN ST,4:56:00 PM,,
X88 BEACH ST,1:47:00 PM,,
X88 BEACON ST,12:46:00 PM,,
X88 BEACON ST,12:46:00 PM,,
X9 CHARLES ST,2:05:00 PM,,
X90 MOUNTFORT ST,5:07:00 PM,,
X90 MOUNTFORT ST,5:06:00 PM,,
X921 BOYLSTON ST,2:22:00 PM,,
X921 BOYLSTON ST H-G,2:21:00 PM,,
X96 MOUNTFORT ST,2:41:00 PM,,
X98 MOUNTFORT ST,5:08:00 PM,,
X98 W CONCORD ST,1:02:00 PM,,
X980 HARRISON AVE,2:18:00 PM,,
