location,time,latitude,longitude
1 CAMBRIDGE ST,4:48:00 PM,42.3597,-71.0593
1 HUNTINGTON AV,2:26:00 PM,42.3488,-71.0781
1 HUNTINGTON AV,2:27:00 PM,42.3488,-71.0781
1 HUNTINGTON AV,2:22:00 PM,42.3488,-71.0781
1 INDIA ST,4:27:00 PM,,
1 OVERLAND ST,12:58:00 PM,,
1 PALACE RD,2:30:00 PM,42.3384,-71.0997
1 PALACE RD,1:13:00 PM,42.3384,-71.0997
10 NEWBURY ST A-B,2:20:00 PM,,
100 ARLINGTON ST,2:00:00 PM,42.2618,-71.1193
100 N WASHINGTON,5:10:00 PM,,
100 N WASHINGTON,5:09:00 PM,,
100 N WASHINGTON,5:08:00 PM,,
100 NORTHERN AV,5:48:00 PM,42.3529,-71.0431
100 NORTHERN AV,5:47:00 PM,42.3529,-71.0431
100 STATE ST,4:31:00 PM,42.3592,-71.0551
100 STATE ST,4:30:00 PM,42.3592,-71.0551
101 BELVIDERE ST,5:15:00 PM,42.3455,-71.0836
101 CANAL ST V-C,5:13:00 PM,,
101 CANAL ST V-C,6:21:00 PM,,
101 CANAL ST V-C,6:20:00 PM,,
101 CANAL ST V-C,6:15:00 PM,,
101 CANAL ST V-C,6:22:00 PM,,
101 CANAL ST V-C,3:49:00 PM,,
101 CANAL ST V-C,6:19:00 PM,,
101 CANAL ST V-C,6:18:00 PM,,
101 CAUSEWAY ST,5:59:00 PM,,
101 CAUSEWAY ST,3:35:00 PM,,
101 CAUSEWAY ST,5:19:00 PM,,
101 CAUSEWAY ST,3:40:00 PM,,
101 NEWBURY ST,4:50:00 PM,42.3518,-71.0753
101 PALACE RD,12:19:00 PM,,
102 SOUTH ST,4:56:00 PM,42.3511,-71.0571
105 BEACH ST,1:05:00 PM,,
105 BEACH ST,1:04:00 PM,,
107 CHARLES ST,4:31:00 PM,42.3592,-71.0705
107 MERRIMAC ST,5:29:00 PM,,
108 HEMENWAY ST,4:12:00 PM,42.3433,-71.0898
109 BROOKLINE AV,5:11:00 PM,42.3463,-71.1008
109 BROOKLINE AVE,1:14:00 PM,42.3463,-71.1008
109 CHARLES ST,4:36:00 PM,42.3593,-71.0705
109 KINGSTON ST,1:35:00 PM,42.3523,-71.0595
109 KINGSTON ST,4:16:00 PM,42.3523,-71.0595
109 KINGSTON ST,6:28:00 PM,42.3523,-71.0595
109 PETERBOROUGH ST,5:01:00 PM,42.3431,-71.1
11 AV DE LAFAYETTE,6:32:00 PM,,
11 AV DE LAFAYETTE,6:33:00 PM,,
11 AV DE LAFAYETTE,1:27:00 PM,,
11 AV DE LAFAYETTE,6:31:00 PM,,
11 AVENUE DE LAFAYETTE,6:34:00 PM,42.3529,-71.0606
11 TYLER ST,1:35:00 PM,42.2465,-71.1254
11 TYLER ST,12:35:00 PM,42.2465,-71.1254
110 CANAL ST V-C,3:59:00 PM,,
110 CANAL ST V-C,3:56:00 PM,,
110 CANAL ST V-C,5:05:00 PM,,
110 CANAL ST V-C,6:16:00 PM,,
1105 COMMONWEALTH AV,5:31:00 PM,42.352,-71.1262
1105 COMMONWEALTH AV,5:29:00 PM,42.352,-71.1262
1107 COMMONWEALTH AV,5:40:00 PM,42.352,-71.1262
1107 COMMONWEALTH AVE,5:38:00 PM,42.352,-71.1262
111 N WASHINGTON,5:01:00 PM,,
111 N WASHINGTON,5:00:00 PM,,
1113 COMMONWEALTH AV,12:27:00 PM,42.352,-71.1262
1115 COMMONWEALTH AV,12:28:00 PM,42.352,-71.1262
1117 COMMONWEALTH AV,5:42:00 PM,42.3517,-71.1258
1117 COMMONWEALTH AV,5:44:00 PM,42.3517,-71.1258
1119 COMMONWEALTH AV,12:27:00 PM,42.3516,-71.126
1119 COMMONWEALTH AV,12:27:00 PM,42.3516,-71.126
112 NEWBURY ST C-D,1:17:00 PM,,
112 SOUTH ST,2:59:00 PM,42.306,-71.1147
11216 COMMONWEALTH AV,12:47:00 PM,,
113 NEWBURY ST,5:10:00 PM,42.3516,-71.0761
113 ST BOTOLPH ST,1:34:00 PM,42.3445,-71.0815
115 KINGSTON ST,4:18:00 PM,42.3521,-71.0596
115 KINGSTON ST,1:33:00 PM,42.3521,-71.0596
115 NEWBURY ST,4:20:00 PM,42.3515,-71.0762
115 NEWBURY ST,4:19:00 PM,42.3515,-71.0762
115 NEWBURY ST,12:32:00 PM,42.3515,-71.0762
115 NEWBURY ST,5:09:00 PM,42.3515,-71.0762
115 NEWBURY ST,2:22:00 PM,42.3515,-71.0762
115 NEWBURY ST,2:21:00 PM,42.3515,-71.0762
115 NEWBURY ST,12:07:00 PM,42.3515,-71.0762
115 ST BOTOLPH ST,2:26:00 PM,42.3445,-71.0816
115 ST BOTOLPH ST,2:28:00 PM,42.3445,-71.0816
115 WATER ST,12:55:00 PM,,
1153 COMMONWEALTH AVE,5:48:00 PM,42.3509,-71.1276
118 MILK ST,5:04:00 PM,42.3579,-71.0543
120 BROOKLINE AV,5:10:00 PM,42.3456,-71.0999
1200 COMMONWEALTH AV,5:21:00 PM,42.3501,-71.1298
1200 COMMONWEALTH AV,5:20:00 PM,42.3501,-71.1298
1202 COMMONWEALTH AV,12:45:00 PM,42.3502,-71.13
1202 COMMONWEALTH AV,12:46:00 PM,42.3502,-71.13
1202 COMMONWEALTH AV,12:45:00 PM,42.3502,-71.13
1202 COMMONWEALTH AV,12:43:00 PM,42.3502,-71.13
121 EAST BERKELEY ST,1:06:00 PM,,
121 NEWBURY ST,4:23:00 PM,42.3515,-71.0765
121 WATER ST,12:52:00 PM,42.3581,-71.0546
121 WATER ST,12:50:00 PM,42.3581,-71.0546
1212 COMMONWEALTH AV,12:47:00 PM,,
1212 COMMONWEALTH AV,12:46:00 PM,,
1212 COMMONWEALTH AV,5:24:00 PM,,
1212 COMMONWEALTH AV,5:25:00 PM,,
1212 COMMONWEALTH AV,12:46:00 PM,,
1216 COMMONWEALTH AV,5:26:00 PM,,
1218 COMMONWEALTH AV,5:27:00 PM,,
1218 COMMONWEALTH AV,3:42:00 PM,,
123 N WASHINGTON,4:59:00 PM,,
123 ST BOTOLPH ST,1:08:00 PM,42.3443,-71.0819
124 CHARLES ST,2:43:00 PM,,
124 CHARLES ST,2:41:00 PM,,
1249 BOYLSTON ST,4:28:00 PM,42.3454,-71.0958
125 CHARLES ST,1:14:00 PM,42.3598,-71.0706
125 HIGH ST,6:24:00 PM,42.3553,-71.0531
125 HIGH ST,6:23:00 PM,42.3553,-71.0531
125 HIGH ST,6:21:00 PM,42.3553,-71.0531
125 PEARL ST,6:28:00 PM,42.3548,-71.0539
125 PEARL ST,2:31:00 PM,42.3548,-71.0539
126 BROOKLINE AV,1:17:00 PM,42.3453,-71.1002
126 BROOKLINE AV,2:19:00 PM,42.3453,-71.1002
126 N WASHINGTON,5:10:00 PM,,
126 N WASHINGTON,5:11:00 PM,,
126 NEWBURY ST,2:23:00 PM,42.351,-71.0764
126 NEWBURY ST,12:06:00 PM,42.351,-71.0764
126 NEWBURY ST,2:23:00 PM,42.351,-71.0764
126 NEWBURY ST,1:16:00 PM,42.351,-71.0764
126 NEWBURY ST,5:04:00 PM,42.351,-71.0764
126 NEWBURY ST C-D,5:00:00 PM,,
126 NEWBURY ST C-D,1:14:00 PM,,
126 NEWBURY ST C-D,1:15:00 PM,,
127 CHARLES ST,1:15:00 PM,42.3599,-71.0706
129 N WASHINGTON ST,4:59:00 PM,42.366,-71.0582
129 ST BOTOLPH ST,1:07:00 PM,42.3441,-71.0821
13 HUDSON ST,1:30:00 PM,42.3508,-71.0602
13 WORCESTER SQ,4:03:00 PM,42.3366,-71.075
131 NEWBURY ST C-D,4:27:00 PM,,
132 CANAL ST,3:51:00 PM,42.3646,-71.0606
132 CANAL ST V-C,6:17:00 PM,,
132 NEWBURY ST C-D,1:13:00 PM,,
132 NEWBURY ST C-D,4:56:00 PM,,
133 FEDERAL ST,4:36:00 PM,42.3543,-71.0566
133 FEDERAL ST,2:30:00 PM,42.3543,-71.0566
133 PEARL ST,2:29:00 PM,,
133 PEARL ST,2:29:00 PM,,
133 PORTLAND ST,5:36:00 PM,,
133 ST BOTOLPH ST,1:31:00 PM,42.344,-71.0822
133 ST BOTOLPH ST,2:24:00 PM,42.344,-71.0822
135 HILLSIDE ST,5:38:00 PM,42.3312,-71.1054
136 HARRISON AVE,6:16:00 PM,42.3498,-71.0615
136 HARRISON AVE,6:16:00 PM,42.3498,-71.0615
136 HARRISON AVE,6:16:00 PM,42.3498,-71.0615
136 HARRISON AVE,6:16:00 PM,42.3498,-71.0615
136 NEWBURY ST,2:25:00 PM,42.3508,-71.0768
136 NEWBURY ST C-D,4:54:00 PM,,
1365 BOYLSTON ST,2:12:00 PM,,
1365 BOYLSTON ST,5:42:00 PM,,
1367 BOYLSTON ST,2:17:00 PM,,
137 CHARLES ST,1:15:00 PM,42.3602,-71.0706
137 CHARLES ST,3:47:00 PM,42.3602,-71.0706
137 PEMBROKE ST,3:53:00 PM,42.3433,-71.0772
1375 BOYLSTON ST,5:43:00 PM,,
138 NEWBURY ST C-D,4:51:00 PM,,
14 CHARLES ST,1:17:00 PM,42.2511,-71.1318
14 NEWBURY ST A-B,5:59:00 PM,,
140 NEWBURY ST C-D,1:12:00 PM,,
141 PEARL ST,6:27:00 PM,,
141 PORTLAND ST V-C,5:38:00 PM,,
144 NEWBURY ST C-D,4:44:00 PM,,
145 NEWBURY ST C-D,4:38:00 PM,,
145 NEWBURY ST C-D,4:40:00 PM,,
145 SOUTH ST,6:42:00 PM,42.3051,-71.1149
147 SILBER WY,3:30:00 PM,,
147 SILBER WY,3:30:00 PM,,
147 SILBER WY,3:33:00 PM,,
149 CHARLES ST,1:17:00 PM,42.3605,-71.0706
1497 TREMONT ST,3:56:00 PM,42.3325,-71.0991
1497 TREMONT ST,3:56:00 PM,42.3325,-71.0991
15 HUDSON ST,2:33:00 PM,42.3507,-71.0602
15 UNION ST,1:31:00 PM,42.3609,-71.0567
150 BROOKLINE AVE,5:49:00 PM,42.3446,-71.101
150 CANAL ST V-C,5:07:00 PM,,
150 CANAL ST V-C,5:09:00 PM,,
150 FRIEND ST,6:07:00 PM,42.3633,-71.0599
150 HARRISON AVE,6:18:00 PM,42.3494,-71.0618
150 HUNTINGTON AV,1:02:00 PM,,
150 HUNTINGTON AV,1:25:00 PM,,
150 HUNTINGTON AV,1:01:00 PM,,
150 HUNTINGTON AV,2:19:00 PM,,
150 HUNTINGTON AV,1:27:00 PM,,
150 HUNTINGTON AV,1:24:00 PM,,
150 HUNTINGTON AV,2:21:00 PM,,
150 HUNTINGTON AVE,1:26:00 PM,,
152 CANAL ST V-C,3:48:00 PM,,
155 FEDERAL ST,6:49:00 PM,42.3537,-71.0565
155 FEDERAL ST,4:37:00 PM,42.3537,-71.0565
155 FEDERAL ST,4:38:00 PM,42.3537,-71.0565
158 NEWBURY ST,2:27:00 PM,42.3505,-71.0783
159 NEWBURY ST,5:28:00 PM,42.3509,-71.0786
16 BLOSSOM ST,2:41:00 PM,42.3617,-71.0672
16 BLOSSOM ST,12:23:00 PM,42.3617,-71.0672
161 NEWBURY ST,1:21:00 PM,42.3508,-71.0787
162 NEWBURY ST,2:28:00 PM,42.3504,-71.0785
1635 TREMONT ST,4:18:00 PM,42.334,-71.1039
1635 TREMONT ST,4:18:00 PM,42.334,-71.1039
1636 WASHINGTON ST,6:59:00 PM,,
164 LINCOLN ST,4:40:00 PM,42.3508,-71.0584
164 LINCOLN ST,1:03:00 PM,42.3508,-71.0584
164 NEWBURY ST,5:33:00 PM,42.3504,-71.0786
165 CAMBRIDGE ST,2:47:00 PM,42.3616,-71.0653
165 CAMBRIDGE ST,12:18:00 PM,42.3616,-71.0653
166 HILLSIDE ST,4:06:00 PM,42.3314,-71.1074
167 MILK ST,12:28:00 PM,42.358,-71.0537
167 MILK ST,1:55:00 PM,42.358,-71.0537
167 MILK ST,2:50:00 PM,42.358,-71.0537
169 PORTLAND ST V-C,5:44:00 PM,,
170 BROOKLINE AV,2:23:00 PM,,
170 BROOKLINE AV,1:23:00 PM,,
170 BROOKLINE AV,1:22:00 PM,,
170 BROOKLINE AVE,6:24:00 PM,,
170 LINCOLN ST,1:01:00 PM,42.3506,-71.0584
170 PORTLAND ST V-C,3:14:00 PM,,
174 NEWBURY ST D-E,5:40:00 PM,,
174 PORTLAND ST V-C,3:17:00 PM,,
175 CAMBRIDGE ST,12:20:00 PM,,
175 CAMBRIDGE ST,2:46:00 PM,,
175 CAMBRIDGE ST,2:45:00 PM,,
175 PORTLAND ST V-C,5:49:00 PM,,
179 SOUTH ST,2:54:00 PM,,
179 SOUTH ST,2:56:00 PM,,
179 SOUTH ST,1:08:00 PM,,
18 BLOSSOM ST,12:26:00 PM,42.3617,-71.0672
180 BERKELEY ST,2:24:00 PM,,
180 BROOKLINE AV,5:06:00 PM,,
180 CANAL ST V-C,5:11:00 PM,,
180 PORTLAND ST V-C,5:48:00 PM,,
180 PORTLAND ST V-C,3:19:00 PM,,
1850 HUNTINGTON AV,2:22:00 PM,,
19 HARRISON AVE,12:28:00 PM,42.352,-71.0615
192 SOUTH ST,6:43:00 PM,42.35,-71.0573
197 PORTLAND ST V-C,5:50:00 PM,,
2 CARMEL ST,3:48:00 PM,42.3323,-71.1
2 NEWBURY ST A-B,2:23:00 PM,,
2 NEWBURY ST A-B,2:22:00 PM,,
2 OLIVER ST,6:34:00 PM,,
20 CHARLES ST,3:38:00 PM,,
20 CHARLES ST,4:42:00 PM,,
20 CHARLES ST,4:41:00 PM,,
20 STANIFORD ST,12:08:00 PM,42.362,-71.0644
20 STANIFORD ST,12:07:00 PM,42.362,-71.0644
200 BERKELEY ST,12:46:00 PM,42.3501,-71.0729
200 BERKELEY ST,3:51:00 PM,42.3501,-71.0729
200 NEWBURY ST,6:36:00 PM,42.35,-71.0801
200 NEWBURY ST E-F,3:42:00 PM,,
200 NEWBURY ST E-F,4:48:00 PM,,
200 PORTLAND ST V-C,3:34:00 PM,,
200 PORTLAND ST V-C,5:54:00 PM,,
200 PORTLAND ST V-C,3:22:00 PM,,
200 PORTLAND ST V-C,5:52:00 PM,,
200 PORTLAND ST V-C,5:53:00 PM,,
201 HARVARD AV,3:48:00 PM,42.3498,-71.1309
201 HARVARD AVE,3:47:00 PM,42.3498,-71.1309
201 MASSACHUSETTS AVE,2:05:00 PM,,
201 MASSACHUSETTS AVE,2:04:00 PM,,
201 NEWBURY ST,6:35:00 PM,42.3504,-71.0805
201 NEWBURY ST,3:46:00 PM,42.3504,-71.0805
201 NEWBURY ST,6:35:00 PM,42.3504,-71.0805
201 NEWBURY ST,4:46:00 PM,42.3504,-71.0805
201 NEWBURY ST,3:45:00 PM,42.3504,-71.0805
205 PORTLAND ST V-C,5:55:00 PM,,
205 PORTLAND ST V-C,5:55:00 PM,,
206 CLARENDON ST B-ST JA,12:39:00 PM,,
206 CLARENDON ST B-ST JA,12:37:00 PM,,
206 CLARENDON ST B-ST JA,1:39:00 PM,,
207 SOUTH ST,1:10:00 PM,42.303,-71.1149
21 FORSYTH ST,3:54:00 PM,,
210 LINCOLN ST,4:38:00 PM,,
212 NEWBURY ST E-F,3:48:00 PM,,
213 NEWBURY ST,1:42:00 PM,42.3502,-71.0812
214 NEWBURY ST E-F,1:18:00 PM,,
214 NEWBURY ST E-F,6:47:00 PM,,
22 PIEDMONT ST,2:06:00 PM,42.3498,-71.068
221 NEWBURY ST,6:39:00 PM,42.3501,-71.0815
222 NEWBURY ST E-F,6:50:00 PM,,
224 NEWBURY ST E-F,1:19:00 PM,,
225 FRIEND ST,6:11:00 PM,42.3645,-71.0608
230 NEWBURY ST,1:20:00 PM,42.3497,-71.0814
231 NEWBURY ST E-F,4:02:00 PM,,
235 NEWBURY ST E-F,1:40:00 PM,,
236 NEWBURY ST E-F,1:22:00 PM,,
238 NEWBURY ST E-F,3:55:00 PM,,
239 NEWBURY ST,1:38:00 PM,,
239 NEWBURY ST,6:14:00 PM,,
239 NEWBURY ST,4:19:00 PM,,
239 NEWBURY ST,1:38:00 PM,,
241 ST BOTOLPH ST,2:11:00 PM,,
245 NEWBURY ST,1:37:00 PM,42.3498,-71.0826
245 NEWBURY ST F-G,4:21:00 PM,,
245 NEWBURY ST F-G,4:23:00 PM,,
245 NEWBURY ST F-G,4:26:00 PM,,
248 NEWBURY ST F-G,6:56:00 PM,,
25 KINGSTON ST,3:07:00 PM,42.3537,-71.0592
25 KINGSTON ST,12:27:00 PM,42.3537,-71.0592
25 KINGSTON ST,3:05:00 PM,42.3537,-71.0592
25 KINGSTON ST,6:01:00 PM,42.3537,-71.0592
25 KINGSTON ST,12:28:00 PM,42.3537,-71.0592
25 KINGSTON ST,3:06:00 PM,42.3537,-71.0592
25 MASSACHUSETTS AV,4:28:00 PM,42.3505,-71.0896
250 COMMONWEALTH AV,5:20:00 PM,42.3502,-71.0828
252 NEWBURY ST F-G,1:24:00 PM,,
256 NEWBURY ST F-G,1:24:00 PM,,
257 NEWBURY ST F-G,1:35:00 PM,,
260 BERKELEY ST,12:56:00 PM,42.3526,-71.074
260 BERKELEY ST,12:52:00 PM,42.3526,-71.074
260 BERKELEY ST,12:54:00 PM,42.3526,-71.074
260 BERKELEY ST,12:55:00 PM,42.3526,-71.074
268 NEWBURY ST F-G,1:26:00 PM,,
27 HARRISON AVE,2:19:00 PM,42.3518,-71.0614
27 HARRISON AVE,1:39:00 PM,42.3518,-71.0614
27 HARRISON AVE,12:30:00 PM,42.3518,-71.0614
27 TYLER ST,2:26:00 PM,,
273 NEWBURY ST,1:32:00 PM,42.3495,-71.0837
273 NEWBURY ST F-G,1:34:00 PM,,
274 NEWBURY ST F-G,1:27:00 PM,,
275 CAMBRIDGE ST,2:39:00 PM,42.3614,-71.0682
279 NEWBURY ST,1:31:00 PM,42.3494,-71.084
279 NEWBURY ST,6:47:00 PM,42.3494,-71.084
279 NEWBURY ST,1:32:00 PM,42.3494,-71.084
28 EXETER ST N-B,5:48:00 PM,,
28 SUNSET ST,1:53:00 PM,42.3309,-71.1086
280 CONGRESS ST,4:34:00 PM,,
280 NEWBURY ST F-G,6:16:00 PM,,
280 NEWBURY ST F-G,6:16:00 PM,,
280 NEWBURY ST F-G,6:17:00 PM,,
280 NEWBURY ST F-G,1:28:00 PM,,
280 NEWBURY ST F-G,6:17:00 PM,,
280 NEWBURY ST F-G,4:16:00 PM,,
281 NEWBURY ST,4:35:00 PM,42.3492,-71.0846
281 NEWBURY ST,4:34:00 PM,42.3492,-71.0846
281 SUMMER ST,6:32:00 PM,,
281 SUMMER ST,6:31:00 PM,,
282 NEWBURY ST F-G,4:04:00 PM,,
282 NEWBURY ST F-G,6:10:00 PM,,
285 SUMMER ST,6:33:00 PM,42.3497,-71.0496
288 NEWBURY ST,6:07:00 PM,42.3488,-71.0845
288 NEWBURY ST,12:57:00 PM,42.3488,-71.0845
289 NEWBURY ST,4:36:00 PM,42.3492,-71.0849
29 NEWBURY ST,2:17:00 PM,,
290 NEWBURY ST G-H,12:57:00 PM,,
299 NEWBURY ST,6:21:00 PM,42.3491,-71.0853
299 NEWBURY ST,6:22:00 PM,42.3491,-71.0853
30 EVANS WY,4:17:00 PM,42.3375,-71.0978
30 EVANS WY,4:19:00 PM,42.3375,-71.0978
30 EVANS WY,4:22:00 PM,42.3375,-71.0978
30 EVANS WY,4:21:00 PM,42.3375,-71.0978
30 EVANS WY,4:11:00 PM,42.3375,-71.0978
30 EVANS WY,4:13:00 PM,42.3375,-71.0978
30 NEWBURY ST A-B,5:08:00 PM,,
30 ST JAMES AV,2:27:00 PM,42.3503,-71.0714
30 ST JAMES AV,12:58:00 PM,42.3503,-71.0714
30 ST JAMES AV,1:00:00 PM,42.3503,-71.0714
30 ST JAMES AV,12:57:00 PM,42.3503,-71.0714
301 HUNTINGTON AV,1:52:00 PM,42.2676,-71.1175
301 NEWBURY ST,4:38:00 PM,42.349,-71.0854
301 NEWBURY ST,4:41:00 PM,42.349,-71.0854
301 NEWBURY ST,4:39:00 PM,42.349,-71.0854
301 NEWBURY ST,4:40:00 PM,42.349,-71.0854
303 HUNTINGTON AV,1:55:00 PM,42.3413,-71.0873
304 NEWBURY ST G-H,6:03:00 PM,,
304 NEWBURY ST G-H,6:08:00 PM,,
304 NEWBURY ST G-H,6:00:00 PM,,
304 NEWBURY ST G-H,3:54:00 PM,,
304 NEWBURY ST G-H,3:52:00 PM,,
304 NEWBURY ST G-H,6:08:00 PM,,
304 NEWBURY ST G-H,3:59:00 PM,,
31 HARRISON AVE,1:38:00 PM,42.3518,-71.0614
31 HARRISON AVE,12:31:00 PM,42.3518,-71.0614
31 HARRISON AVE,3:15:00 PM,42.3518,-71.0614
31 ST JAMES AV,4:49:00 PM,,
31 ST JAMES AV,4:57:00 PM,,
31 ST JAMES AV,4:56:00 PM,,
311 SUMMER ST,6:36:00 PM,42.3493,-71.0489
318 COMMONWEALTH AV,5:49:00 PM,42.3493,-71.0863
320 COMMONWEALTH AVE,5:55:00 PM,42.3492,-71.0864
320 CONGRESS ST,6:16:00 PM,42.3513,-71.0495
321 SUMMER ST,6:37:00 PM,42.3492,-71.0487
324 NEWBURY ST H-M,12:52:00 PM,,
324 NEWBURY ST H-M,12:54:00 PM,,
328 COMMONWEALTH AVE,5:54:00 PM,42.3492,-71.0867
33 HARRISON AVE,12:32:00 PM,42.3517,-71.0614
33 HARRISON AVE,1:38:00 PM,42.3517,-71.0614
33 HARRISON AVE,2:21:00 PM,42.3517,-71.0614
33 KINGSTON ST,4:12:00 PM,42.3536,-71.0593
33 NEWBURY ST A-B,4:29:00 PM,,
330 CONGRESS ST,6:15:00 PM,42.3513,-71.0494
330 CONGRESS ST,6:15:00 PM,42.3513,-71.0494
330 CONGRESS ST,6:14:00 PM,42.3513,-71.0494
331 HUNTINGTON AV,1:49:00 PM,42.3409,-71.0884
332 CONGRESS ST,1:27:00 PM,,
332 CONGRESS ST,6:14:00 PM,,
332 CONGRESS ST,6:13:00 PM,,
335 HUNTINGTON AV,1:47:00 PM,42.3408,-71.0885
337 HUNTINGTON AV,1:46:00 PM,,
338 NEWBURY ST,3:46:00 PM,42.3482,-71.0866
338 NEWBURY ST,5:04:00 PM,42.3482,-71.0866
338 NEWBURY ST,3:48:00 PM,42.3482,-71.0866
34 BATTERYMARCH ST,6:05:00 PM,42.3576,-71.054
34 CHARLES ST,3:40:00 PM,42.2503,-71.1326
343 CONGRESS ST,1:24:00 PM,42.3506,-71.0494
343 CONGRESS ST,1:25:00 PM,42.3506,-71.0494
346 NEWBURY ST,2:20:00 PM,42.3482,-71.087
348 CONGRESS ST,1:29:00 PM,,
348 NEWBURY ST,2:20:00 PM,42.3481,-71.0871
35 TEMPLE PL,5:14:00 PM,,
36 CHAUNCY ST,12:21:00 PM,,
36 NEWBURY ST A-B,6:04:00 PM,,
36 NEWBURY ST A-B,2:12:00 PM,,
361 BOYLSTON ST,5:51:00 PM,42.3519,-71.0717
364 BEACON ST,3:52:00 PM,,
37 NEWBURY ST A-B,2:10:00 PM,,
376 BOYLSTON ST B-A,4:25:00 PM,,
376 BOYLSTON ST B-A,5:45:00 PM,,
39 TEMPLE PL,5:13:00 PM,,
396 BOYLSTON ST B-A,4:27:00 PM,,
399 BOYLSTON ST B-A,2:29:00 PM,,
399 BOYLSTON ST B-A,2:27:00 PM,,
40 BLOSSOM ST,12:28:00 PM,,
40 CHARLES ST,1:06:00 PM,42.3572,-71.0702
400 COMMONWEALTH AV,4:13:00 PM,42.3486,-71.0907
41 BAY STATE RD,12:56:00 PM,42.3502,-71.0947
410 BOYLSTON ST B-A,4:30:00 PM,,
414 CAMBRIDGE ST,12:02:00 PM,42.3546,-71.1341
415 CAMBRIDGE ST,12:00:00 PM,42.3554,-71.1341
416 BOYLSTON ST,6:07:00 PM,42.3511,-71.0725
418 BOYLSTON ST,4:39:00 PM,42.3511,-71.0725
418 BOYLSTON ST,1:46:00 PM,42.3511,-71.0725
42 BATTERYMARCH ST,6:06:00 PM,42.3576,-71.0538
42 BATTERYMARCH ST,6:07:00 PM,42.3576,-71.0538
425 NEWBURY EXT,4:06:00 PM,,
425 NEWBURY EXT,5:22:00 PM,,
43 BAY STATE RD,12:57:00 PM,42.3502,-71.0948
43 KINGSTON ST,1:23:00 PM,,
43 TEMPLE PL,2:57:00 PM,42.355,-71.0621
44 GAINSBOROUGH ST,3:39:00 PM,42.3416,-71.087
44 GAINSBOROUGH ST,5:07:00 PM,42.3416,-71.087
44 GAINSBOROUGH ST,5:04:00 PM,42.3416,-71.087
440 BOYLSTON ST C-B,12:41:00 PM,,
45 BATTERYMARCH ST,2:01:00 PM,,
45 BEACON ST,3:23:00 PM,42.3569,-71.067
45 BROAD ST M-C,12:44:00 PM,,
45 NEWBURY ST A-B,4:32:00 PM,,
45 NEWBURY ST A-B,2:08:00 PM,,
46 NEWBURY ST,5:06:00 PM,,
46 NEWBURY ST,2:09:00 PM,,
46 NEWBURY ST,5:05:00 PM,,
47 HEMENWAY ST,4:21:00 PM,42.3453,-71.0898
476 TREMONT ST,4:30:00 PM,42.3461,-71.068
48 CHARLES ST,2:49:00 PM,42.2496,-71.1333
480 COMMONWEALTH AV,4:02:00 PM,42.3485,-71.0941
484 COMMONWEALTH AV,4:00:00 PM,42.3485,-71.0942
488 COMMONWEALTH AV,3:59:00 PM,,
49 HEREFORD ST,6:04:00 PM,42.3489,-71.086
5 ARLINGTON ST,4:08:00 PM,42.3549,-71.0725
5 HUDSON ST,1:28:00 PM,42.351,-71.0601
50 STANIFORD ST,12:05:00 PM,,
500 BOYLSTON ST,1:04:00 PM,42.3505,-71.0739
500 BOYLSTON ST,5:31:00 PM,42.3505,-71.0739
500 BOYLSTON ST,5:33:00 PM,42.3505,-71.0739
500 BOYLSTON ST C-B,12:33:00 PM,,
500 BOYLSTON ST C-B,5:36:00 PM,,
500 BROOKLINE AV,4:10:00 PM,42.3366,-71.1093
500 PARKER ST,1:26:00 PM,,
505 BOYLSTON ST,12:39:00 PM,42.3512,-71.0742
519 ALBANY ST,1:14:00 PM,42.3388,-71.0664
519 ALBANY ST,1:13:00 PM,42.3388,-71.0664
520 COLUMBUS AVE,3:48:00 PM,42.3419,-71.0798
527 ALBANY ST,1:14:00 PM,42.3391,-71.066
53 BAY STATE RD,12:50:00 PM,42.3502,-71.0951
53 BAY STATE RD,12:54:00 PM,42.3502,-71.0951
53 HEREFORD ST,5:08:00 PM,42.3488,-71.086
53 N WASHINGTON,4:55:00 PM,,
530 COLUMBUS AVE,3:47:00 PM,42.3416,-71.0801
532 COLUMBUS AVE,3:45:00 PM,42.3416,-71.0801
54 BEACON ST,5:48:00 PM,42.3567,-71.0681
54 CHARLES ST,3:41:00 PM,42.2492,-71.1337
540 ALBANY ST,5:36:00 PM,42.3373,-71.067
55 N WASHINGTON,4:55:00 PM,,
55 UNION ST,1:57:00 PM,42.3616,-71.0571
56 BERKELEY ST,6:37:00 PM,42.3464,-71.0709
560 BOYLSTON ST,3:11:00 PM,42.3501,-71.0762
560 BOYLSTON ST,3:11:00 PM,42.3501,-71.0762
566 COLUMBUS AVE,3:41:00 PM,42.3407,-71.0812
57 BEACON ST,3:20:00 PM,42.3566,-71.0684
57 BERKELEY ST,6:36:00 PM,42.3466,-71.0705
57 E BERKELEY ST,6:36:00 PM,,
57 N WASHINGTON,4:56:00 PM,,
575 BOYLSTON ST,2:13:00 PM,42.3506,-71.0766
575 BOYLSTON ST D-C,1:36:00 PM,,
58 BERKELEY ST,6:36:00 PM,42.3465,-71.0711
6 ARLINGTON ST,4:11:00 PM,42.3516,-71.1523
60 BEACON ST,3:19:00 PM,42.2545,-71.1151
60 QUEENSBERRY ST,1:36:00 PM,42.3424,-71.0978
609 ALBANY ST,5:38:00 PM,42.337,-71.069
609 ALBANY ST,5:38:00 PM,42.337,-71.069
61 BROOKLINE AV,4:16:00 PM,42.3472,-71.0991
61 BROOKLINE AV,4:15:00 PM,42.3472,-71.0991
61 BROOKLINE AV,4:15:00 PM,42.3472,-71.0991
61 BROOKLINE AV,4:15:00 PM,42.3472,-71.0991
63 BEACON ST,4:43:00 PM,42.3565,-71.0689
63 BERKELEY ST,6:34:00 PM,42.3467,-71.0705
63 FRANKLIN ST,6:22:00 PM,42.3554,-71.0586
63 PARK PLAZA,3:49:00 PM,,
63 PARK PLZ,3:50:00 PM,,
632 BEACON ST,1:45:00 PM,42.3497,-71.0949
673 BOYLSTON ST,6:00:00 PM,42.3499,-71.0789
68 BEACON ST,6:16:00 PM,42.3563,-71.0698
68 ST STEPHEN ST,2:19:00 PM,42.3417,-71.0874
68 STANIFORD ST,2:58:00 PM,,
69 NEWBURY ST B-C,2:04:00 PM,,
7 EXCHANGE PLACE,12:58:00 PM,,
7 EXCHANGE PLACE,12:59:00 PM,,
7 WATER ST,1:07:00 PM,,
7 WATER ST,1:06:00 PM,,
7 WATER ST,3:53:00 PM,,
70 BEACON ST,1:01:00 PM,42.2548,-71.1146
71 E CONCORD ST,3:12:00 PM,42.3362,-71.0731
71 E CONCORD ST,3:12:00 PM,42.3362,-71.0731
71 E CONCORD ST,3:12:00 PM,42.3362,-71.0731
711 BOYLSTON ST,2:33:00 PM,42.3496,-71.0799
711 BOYLSTON ST,2:34:00 PM,42.3496,-71.0799
711 BOYLSTON ST F-E,5:18:00 PM,,
72 E CONCORD ST,5:28:00 PM,42.3362,-71.0725
725 BOYLSTON ST F-E,5:20:00 PM,,
725 BOYLSTON ST F-E,5:23:00 PM,,
74 STANIFORD ST,12:00:00 PM,42.3627,-71.0642
74 STANIFORD ST,12:01:00 PM,42.3627,-71.0642
75 CANAL ST NC-V,4:06:00 PM,,
75 FEDERAL ST,4:34:00 PM,42.3553,-71.0568
75 NEWBURY ST B-C,2:02:00 PM,,
75 NORTHERN AV,5:53:00 PM,42.3524,-71.0452
75 NORTHERN AV,5:52:00 PM,42.3524,-71.0452
75 PARK PLAZA,5:01:00 PM,,
76 CHARLES ST,3:43:00 PM,42.3581,-71.0707
76 PETERBOROUGH ST,1:39:00 PM,42.3433,-71.0982
79 NEWBURY ST B-C,4:41:00 PM,,
8 GARRISON ST,1:17:00 PM,42.3461,-71.0796
80 BEDFORD ST,12:30:00 PM,42.3535,-71.0597
80 BEDFORD ST,12:32:00 PM,42.3535,-71.0597
80 BEDFORD ST,12:32:00 PM,42.3535,-71.0597
80 GORDON ST,4:54:00 PM,42.35,-71.1398
80 PETERBOROUGH ST,1:42:00 PM,42.3432,-71.0985
82 BROOKLINE AV,1:10:00 PM,42.3464,-71.099
82 PETERBOROUGH ST,1:42:00 PM,42.3432,-71.0987
825 BOYLSTON ST G-F,4:55:00 PM,,
828 BEACON ST,3:49:00 PM,42.3475,-71.1028
83 NEWBURY ST B-C,4:43:00 PM,,
836 BEACON ST,3:50:00 PM,,
85 E NEWTON ST,5:47:00 PM,42.3364,-71.071
85 EAST NEWTON ST,5:46:00 PM,42.3364,-71.071
85 EAST NEWTON ST,5:46:00 PM,42.3364,-71.071
85 EAST NEWTON ST,3:27:00 PM,42.3364,-71.071
85 MASSACHUSETTS AV,3:25:00 PM,,
85 MERRIMAC ST,5:31:00 PM,42.3637,-71.0613
85 MERRIMAC ST,5:32:00 PM,42.3637,-71.0613
85 NEWBURY ST B-C,4:45:00 PM,,
85 NORTHERN AV,5:54:00 PM,,
855 BOYLSTON ST G-F,4:59:00 PM,,
855 COMMONWEALTH AV,4:02:00 PM,,
855 COMMONWEALTH AV,4:04:00 PM,,
86 BEDFORD ST,6:05:00 PM,,
86 CHARLES ST,4:34:00 PM,42.3583,-71.0708
86 CHARLES ST,1:10:00 PM,42.3583,-71.0708
867 BOYLSTON ST,5:00:00 PM,,
867 BOYLSTON ST G-F,5:02:00 PM,,
871 COMMONWEALTH AV,4:07:00 PM,42.3515,-71.1146
88 BERKELEY ST,6:40:00 PM,42.3473,-71.0714
88 CHARLES ST,4:37:00 PM,42.3583,-71.0708
88 EAST NEWTON ST,1:24:00 PM,42.3369,-71.0709
89 CHARLES ST,3:44:00 PM,42.3586,-71.0705
89 SOUTH ST,4:59:00 PM,42.3518,-71.0576
89 SOUTH ST,6:37:00 PM,42.3518,-71.0576
899 BOYLSTON ST H-G,5:05:00 PM,,
9 WATER ST,1:05:00 PM,42.3575,-71.0578
90 CHARLES ST,1:10:00 PM,42.3584,-71.0709
907 BOYLSTON ST,4:48:00 PM,42.3485,-71.0843
91 NEWBURY ST B-C,1:59:00 PM,,
915 COMMONWEALTH AV,4:19:00 PM,,
93 ST BOTOLPH ST,1:12:00 PM,42.3452,-71.0807
95 N WASHINGTON,5:01:00 PM,,
955 BOYLSTON ST,1:05:00 PM,42.348,-71.0859
99 NEWBURY ST,12:44:00 PM,42.3518,-71.0753
99 NEWBURY ST,6:14:00 PM,42.3518,-71.0753
99 ST BOTOLPH ST,1:11:00 PM,42.345,-71.0809
A ST / MT WASHINGTON AVE,3:54:00 PM,42.3465,-71.0515
A STREET / IRON ST,12:53:00 PM,42.3451,-71.0526
A STREET / IRON ST,12:54:00 PM,42.3451,-71.0526
A STREET / MT WASHINGTON AVE,3:58:00 PM,42.3465,-71.0515
A STREET / MT WASHINGTON AVE,12:59:00 PM,42.3465,-71.0515
A STREET / MT WASHINGTON AVE,12:57:00 PM,42.3465,-71.0515
A STREET / MT WASHINGTON AVE,3:55:00 PM,42.3465,-71.0515
A STREET / MT WASHINGTON AVE,3:53:00 PM,42.3465,-71.0515
A STREET / MT WASHINGTON AVE,12:55:00 PM,42.3465,-71.0515
A STREET / MT WASHINGTON AVE,3:53:00 PM,42.3465,-71.0515
A STREET / MT WASHINGTON AVE,3:58:00 PM,42.3465,-71.0515
A STREET / MT WASHINGTON AVE,12:58:00 PM,42.3465,-71.0515
A STREET / MT WASHINGTON AVE,3:56:00 PM,42.3465,-71.0515
ALCORN ST / GARDNER ST,4:55:00 PM,42.3531,-71.123
ALCORN ST / GARDNER ST,4:56:00 PM,42.3531,-71.123
ARCH ST / FRANKLIN ST,2:58:00 PM,42.3554,-71.058
ARLINGTON ST / BEACON ST,4:08:00 PM,42.3554,-71.0726
ARLINGTON ST / BEACON ST,4:09:00 PM,42.3554,-71.0726
ARLINGTON ST / BOYLSTON ST,5:18:00 PM,42.3519,-71.0707
ARLINGTON ST / PROVIDENCE ST,6:42:00 PM,42.3514,-71.0704
ASHFORD ST / ALCORN ST,4:52:00 PM,42.354,-71.1228
ASHFORD ST / ALCORN ST,4:51:00 PM,42.354,-71.1228
ASHFORD ST / BABCOCK ST,4:47:00 PM,42.3538,-71.1209
ASHFORD ST / BABCOCK ST,4:49:00 PM,42.3538,-71.1209
BATTERYMARCH ST / MILK ST,1:58:00 PM,42.3577,-71.0544
BATTERYMARCH ST / MILK ST,4:06:00 PM,42.3577,-71.0544
BATTERYMARCH ST / WATER ST,6:32:00 PM,42.3579,-71.0551
BATTERYMARCH ST / WATER ST,6:34:00 PM,42.3579,-71.0551
BAY STATE RD / BAY STATE ROAD,12:52:00 PM,,
BEACON ST / *AT MDC RESERVOIR,4:15:00 PM,,
BEACON ST / *AT MDC RINK,4:13:00 PM,,
BEACON ST / CHESTNUT HILL AVE,4:09:00 PM,42.3359,-71.1509
BEACON ST / CHESTNUT HILL AVE,4:11:00 PM,42.3359,-71.1509
BEACON ST / CHESTNUT HILL AVE,4:10:00 PM,42.3359,-71.1509
BEACON ST / MOUNTFORT ST,3:47:00 PM,42.3475,-71.1019
BERKELEY ST / CHANDLER ST,6:36:00 PM,42.347,-71.071
BERKELEY ST / ST JAMES AVE,5:14:00 PM,42.3504,-71.0726
BERKELEY ST / ST JAMES AVE,3:45:00 PM,42.3504,-71.0726
BLACKSTONE ST / NORTH ST,6:28:00 PM,42.3612,-71.0555
BLACKSTONE ST / NORTH ST,6:29:00 PM,42.3612,-71.0555
BROAD ST C-S / STATE ST,12:35:00 PM,,
BROOKLINE AV / BOYLSTON ST,2:20:00 PM,42.3433,-71.1026
CAMBRIA ST / MASSACHUSETTS AVE,3:36:00 PM,,
CAMBRIA ST / ST CECILIA ST,5:51:00 PM,42.3473,-71.0866
CAMBRIA ST / ST CECILIA ST,3:38:00 PM,42.3473,-71.0866
CAMBRIA ST / ST CECILIA ST,5:50:00 PM,42.3473,-71.0866
CAMBRIDGE ST / BLOSSOM ST,2:31:00 PM,42.3611,-71.067
CHARLES ST / BEACON ST,4:14:00 PM,42.3562,-71.0694
CHARLES ST / BEACON ST,12:43:00 PM,42.3562,-71.0694
CHARLES ST / BEACON ST,4:49:00 PM,42.3562,-71.0694
CHARLES ST / BEACON ST,4:46:00 PM,42.3562,-71.0694
CHARLES ST / BEACON ST,12:38:00 PM,42.3562,-71.0694
CHARLES ST / BEACON ST,6:34:00 PM,42.3562,-71.0694
CHARLES ST / BEACON ST,4:48:00 PM,42.3562,-71.0694
CHARLES ST / BEACON ST,2:55:00 PM,42.3562,-71.0694
CHARLES ST / BOYLSTON ST,1:28:00 PM,42.3525,-71.0675
CHARLES ST / BOYLSTON ST,4:08:00 PM,42.3525,-71.0675
CHARLES ST / BOYLSTON ST,1:26:00 PM,42.3525,-71.0675
CHARLES ST / BOYLSTON ST,4:12:00 PM,42.3525,-71.0675
CHARLES ST S / BOYLSTON ST,1:23:00 PM,42.3525,-71.0675
CHARLES ST S / TREMONT ST,6:07:00 PM,42.3488,-71.0666
CHARLES ST SOUTH / BOYLSTON ST,3:56:00 PM,42.3525,-71.0675
CHARLES ST SOUTH / BOYLSTON ST,3:55:00 PM,42.3525,-71.0675
CHATHAM ST / CHATHAM ROW,4:26:00 PM,42.3597,-71.0544
CHATHAM ST / CHATHAM ROW,1:43:00 PM,42.3597,-71.0544
CHESTNUT HILL AV / ENGLEWOOD AVE,4:01:00 PM,42.3372,-71.1523
CHURCH ST / STUART ST,3:35:00 PM,42.3505,-71.0687
CHURCH ST / STUART ST,3:33:00 PM,42.3505,-71.0687
CHURCH ST / STUART ST,5:27:00 PM,42.3505,-71.0687
COLUMBUS AV / ARLINGTON ST,2:01:00 PM,42.3501,-71.0699
COLUMBUS AV / CHURCH ST,3:41:00 PM,42.3511,-71.0688
COLUMBUS AV / CHURCH ST,3:45:00 PM,42.3511,-71.0688
COLUMBUS AV / CHURCH ST,3:42:00 PM,42.3511,-71.0688
COLUMBUS AV / CLARENDON ST,1:53:00 PM,42.3473,-71.0735
COLUMBUS AVE / CLARENDON ST,4:20:00 PM,42.3473,-71.0735
COLUMBUS AVE / GREENWICH PARK,6:51:00 PM,42.3422,-71.0798
COMMONWEALTH AV / ALCORN ST,5:11:00 PM,42.3521,-71.1232
COMMONWEALTH AV / ALCORN ST,5:12:00 PM,42.3521,-71.1232
COMMONWEALTH AV / ALCORN ST,5:13:00 PM,42.3521,-71.1232
COMMONWEALTH AV / ESSEX ST,3:42:00 PM,42.3504,-71.1109
COMMONWEALTH AV / ESSEX ST,3:41:00 PM,42.3504,-71.1109
COMMONWEALTH AV / ESSEX ST,3:40:00 PM,42.3504,-71.1109
COMMONWEALTH AV / ESSEX ST,3:39:00 PM,42.3504,-71.1109
COMMONWEALTH AV / ESSEX ST,3:43:00 PM,42.3504,-71.1109
COMMONWEALTH AV / ESSEX ST,3:37:00 PM,42.3504,-71.1109
COMMONWEALTH AV / HARVARD AVE,3:53:00 PM,42.3501,-71.1309
COMMONWEALTH AV / HARVARD AVE,5:29:00 PM,42.3501,-71.1309
COMMONWEALTH AV / HARVARD AVE,3:51:00 PM,42.3501,-71.1309
COMMONWEALTH AV / HARVARD AVE,3:52:00 PM,42.3501,-71.1309
COMMONWEALTH AV / MALVERN ST,5:15:00 PM,,
CONGRESS ST / SEAPORT BLVD,1:11:00 PM,,
E BERKELEY ST / FAY ST,1:09:00 PM,42.3438,-71.0654
E DEDHAM ST / HARRISON AVE,2:49:00 PM,42.3393,-71.0697
E DEDHAM ST / HARRISON AVE,2:48:00 PM,42.3393,-71.0697
E DEDHAM ST / HARRISON AVE,2:50:00 PM,42.3393,-71.0697
E SERVICE ROAD / SEAPORT BLVD,3:31:00 PM,42.351,-71.0439
EAST BERKELEY ST / HARRISON AVE,1:06:00 PM,42.3435,-71.0644
EAST BERKELEY ST / HARRISON AVE,1:05:00 PM,42.3435,-71.0644
EAST BERKELEY ST / WASHINGTON ST,1:06:00 PM,42.3439,-71.0659
EAST SERVICE RD / CONGRESS ST,3:29:00 PM,42.3488,-71.0459
EAST SERVICE RD / SEAPORT BLVD,3:30:00 PM,42.351,-71.0439
EAST SERVICE RD / SEAPORT BLVD,3:32:00 PM,42.351,-71.0439
EVANS WY / TETLOW ST,12:14:00 PM,42.3372,-71.0983
EVANS WY / TETLOW ST,12:12:00 PM,42.3372,-71.0983
EXETER ST / HUNTINGTON AVE,2:29:00 PM,42.3478,-71.0787
EXETER ST B-B / BOYLSTON ST,4:29:00 PM,,
EXETER ST B-B / BOYLSTON ST,4:26:00 PM,,
FAIRFIELD ST / NEWBURY ST,2:27:00 PM,42.3497,-71.0822
FAIRFIELD ST / NEWBURY ST,2:28:00 PM,42.3497,-71.0822
FAIRFIELD ST B-N / NEWBURY ST,5:29:00 PM,,
FORSYTH WY / FENWAY,4:00:00 PM,42.3408,-71.0935
FORSYTH WY / FENWAY,4:02:00 PM,42.3408,-71.0935
FORSYTH WY / FENWAY,4:01:00 PM,42.3408,-71.0935
FORSYTH WY / FENWAY,3:59:00 PM,42.3408,-71.0935
FORSYTH WY / FENWAY,4:04:00 PM,42.3408,-71.0935
FRANKLIN ST / PEARL ST,2:36:00 PM,42.3561,-71.0549
FRANKLIN ST / PEARL ST,2:35:00 PM,42.3561,-71.0549
GAINSBOROUGH ST / HUNTINGTON AVE,5:32:00 PM,42.3414,-71.0865
GAINSBOROUGH ST / ST BOTOLPH ST,2:12:00 PM,42.3409,-71.0857
GARDNER ST / ALCORN ST,4:38:00 PM,42.3531,-71.123
GARDNER ST / ALCORN ST,4:39:00 PM,42.3531,-71.123
GARDNER ST / ALCORN ST,4:36:00 PM,42.3531,-71.123
GARDNER ST / BABCOCK ST,4:41:00 PM,42.3529,-71.121
GARDNER ST / BABCOCK ST,4:43:00 PM,42.3529,-71.121
HARRISON AV / E NEWTON ST,1:36:00 PM,42.3375,-71.072
HARRISON AVE / NORTHAMPTON ST,1:29:00 PM,42.3344,-71.0757
HARRY AGGANIS WY / COMMONWEALTH AVE,4:26:00 PM,42.3515,-71.1185
HARRY AGGANIS WY / COMMONWEALTH AVE,4:24:00 PM,42.3515,-71.1185
HARVARD AV / COMMONWEALTH AVE,3:44:00 PM,42.3501,-71.1309
HARVARD AV / COMMONWEALTH AVE,3:46:00 PM,42.3501,-71.1309
HEREFORD ST B-N / BOYLSTON ST,2:24:00 PM,,
HEREFORD ST B-N / BOYLSTON ST,5:10:00 PM,,
HEREFORD ST B-N / BOYLSTON ST,2:24:00 PM,,
HUNTINGTON AV / DARTMOUTH ST,4:41:00 PM,42.3493,-71.0769
HUNTINGTON AV / DARTMOUTH ST,4:43:00 PM,42.3493,-71.0769
HUNTINGTON AVE / E NEWTON ST,1:38:00 PM,,
HUNTINGTON AVE / E NEWTON ST,1:38:00 PM,,
JOSLIN PL / PILGRIM RD,5:00:00 PM,42.3387,-71.1091
JOSLIN PL / PILGRIM RD,4:01:00 PM,42.3387,-71.1091
JOSLIN PL / PILGRIM RD,4:03:00 PM,42.3387,-71.1091
JOSLIN PL / PILGRIM RD,5:52:00 PM,42.3387,-71.1091
MALVERN ST / COMMONWEALTH AVE,5:18:00 PM,,
MALVERN ST / COMMONWEALTH AVE,5:17:00 PM,,
MALVERN ST / COMMONWEALTH AVE,5:20:00 PM,,
MALVERN ST / GARDNER ST,5:21:00 PM,42.3534,-71.1249
MARGINAL RD / SHAWMUT AVE,2:24:00 PM,42.3477,-71.0657
MARGINAL RD / SHAWMUT AVE,2:27:00 PM,42.3477,-71.0657
MARGINAL RD / SHAWMUT AVE,2:31:00 PM,42.3477,-71.0657
MARGINAL RD / TREMONT ST,2:30:00 PM,42.348,-71.068
MARGINAL RD / WASHINGTON ST,2:23:00 PM,42.3473,-71.0644
MARGINAL RD / WASHINGTON ST,2:21:00 PM,42.3473,-71.0644
MARGINAL RD / WASHINGTON ST,2:21:00 PM,42.3473,-71.0644
MASSACHUSETTS AVE / BOYLSTON ST,1:30:00 PM,42.3473,-71.0877
MEDFORD ST / CAUSEWAY ST,5:06:00 PM,42.3664,-71.0594
MEDFORD ST / N WASHINGTON ST,5:05:00 PM,42.3654,-71.0583
MEDFORD ST / N WASHINGTON ST,5:03:00 PM,42.3654,-71.0583
MEDFORD ST / N WASHINGTON ST,5:03:00 PM,42.3654,-71.0583
MEDFORD ST / N WASHINGTON ST,5:05:00 PM,42.3654,-71.0583
MILK ST / BROAD ST,4:55:00 PM,42.358,-71.054
MILK ST / INDIA ST,4:13:00 PM,42.3585,-71.0532
MILK ST / INDIA ST,4:17:00 PM,42.3585,-71.0532
MILK ST / INDIA ST,4:15:00 PM,42.3585,-71.0532
MILK ST / KILBY ST,2:43:00 PM,42.3573,-71.0549
MILK ST / PEARL ST,2:42:00 PM,42.3569,-71.0557
NEWBURY EXT / ESSEX ST,3:45:00 PM,,
NEWBURY EXT / ESSEX ST,3:44:00 PM,,
NEWBURY EXT / MASSACHUSETTS AVE,1:12:00 PM,42.3481,-71.0881
NEWBURY EXT / MASSACHUSETTS AVE,1:21:00 PM,42.3481,-71.0881
NEWBURY EXT / MASSACHUSETTS AVE,3:52:00 PM,42.3481,-71.0881
NEWBURY EXT / MASSACHUSETTS AVE,4:00:00 PM,42.3481,-71.0881
NEWBURY EXT / MASSACHUSETTS AVE,4:03:00 PM,42.3481,-71.0881
NEWBURY EXT / MASSACHUSETTS AVE,3:57:00 PM,42.3481,-71.0881
NEWBURY EXT / MASSACHUSETTS AVE,1:26:00 PM,42.3481,-71.0881
NEWBURY EXT / MASSACHUSETTS AVE,1:13:00 PM,42.3481,-71.0881
NEWBURY EXT / MASSACHUSETTS AVE,3:56:00 PM,42.3481,-71.0881
NEWBURY EXTENSION / MASSACHUSETTS AVE,3:59:00 PM,42.3481,-71.0881
NEWBURY ST / CLARENDON ST,4:52:00 PM,42.3515,-71.0756
NEWBURY ST / HEREFORD ST,4:41:00 PM,42.3488,-71.0856
NEWBURY ST / HEREFORD ST,4:36:00 PM,42.3488,-71.0856
NEWBURY ST / HEREFORD ST,4:36:00 PM,42.3488,-71.0856
NEWBURY ST B-C / BERKELEY ST,4:36:00 PM,,
NEWBURY ST EXT / BROOKLINE AVE,5:15:00 PM,,
NEWBURY ST EXT / BROOKLINE AVE,5:16:00 PM,,
NEWBURY ST EXT / KENMORE ST,5:15:00 PM,,
NEWBURY ST EXT / KENMORE ST,4:07:00 PM,,
NONANTUM ST / WASHINGTON ST,5:50:00 PM,42.3506,-71.1682
NORTH ST / BLACKSTONE ST,6:37:00 PM,42.3612,-71.0555
NORTH ST / BLACKSTONE ST,2:13:00 PM,42.3612,-71.0555
NR 1 PALACE RD,1:09:00 PM,,
NR 100 EVANS WY,4:07:00 PM,,
NR 101 BELVIDERE ST,4:41:00 PM,,
NR 101 BELVIDERE ST,5:16:00 PM,,
NR 101 PALACE RD,6:01:00 PM,,
NR 1377 BOYLSTON ST,5:46:00 PM,,
NR 19 SCOTIA ST,4:03:00 PM,,
NR 425 NEWBURY EXT,4:08:00 PM,,
NR 500 COMMONWEALTH AV,3:57:00 PM,,
NR 519 ALBANY ST,1:13:00 PM,,
NR 533 COMMONWEALTH AV,2:27:00 PM,,
NR 56 NEWBURY EXTENSION,6:32:00 PM,,
NR 560 MASSACHUSETTS AVE,3:34:00 PM,,
NR 61 BROOKLINE AV,4:17:00 PM,,
NR 63 BERKELEY ST,6:34:00 PM,,
NR 855 COMMONWEALTH AV,3:53:00 PM,,
NR 855 COMMONWEALTH AV,3:52:00 PM,,
NR 855 COMMONWEALTH AV,3:49:00 PM,,
NR 855 COMMONWEALTH AV,3:46:00 PM,,
NR 855 COMMONWEALTH AV,3:51:00 PM,,
NR 855 COMMONWEALTH AVE,3:58:00 PM,,
NR 855 COMMONWEALTH AVE,3:57:00 PM,,
NR 855 COMMONWEALTH AVE,3:56:00 PM,,
NR 855 COMMONWEALTH AVE,4:00:00 PM,,
NR 855 NEWBURY EXT,3:50:00 PM,,
NR 95 BERKELEY ST,12:54:00 PM,,
NR100 STATE ST,12:02:00 PM,,
NR125 HIGH ST,2:19:00 PM,,
NR20 OVERLAND ST,1:04:00 PM,,
NR205 PORTLAND ST V-C,5:51:00 PM,,
NR7 EXCHANGE PLACE,1:01:00 PM,,
NR7 EXCHANGE PLACE,1:00:00 PM,,
NR7 WATER ST,3:53:00 PM,,
NR855 COMMONWEALTH AV,3:47:00 PM,,
OLIVER ST / FRANKLIN ST,2:22:00 PM,42.3566,-71.0539
OLIVER ST / FRANKLIN ST,6:16:00 PM,42.3566,-71.0539
OLIVER ST / HIGH ST,6:15:00 PM,42.3561,-71.0532
OPERA PL / HUNTINGTON AVE,3:44:00 PM,42.3404,-71.089
OPERA PL / HUNTINGTON AVE,3:45:00 PM,42.3404,-71.089
OPERA PL / HUNTINGTON AVE,1:42:00 PM,42.3404,-71.089
OPP 100 BROOKLINE AV,4:20:00 PM,,
OPP 1472 WASHINGTON ST,6:58:00 PM,,
OPP 200 BERKELEY ST,5:24:00 PM,,
OPP 200 BERKELEY ST,5:22:00 PM,,
OPP 200 BERKELEY ST,5:25:00 PM,,
OPP 206 CLARENDON ST B-ST JA,4:10:00 PM,,
OPP 291 ROXBURY ST,12:23:00 PM,,
OPP 291 ROXBURY ST,12:24:00 PM,,
OPP 30 BOYLSTON ST,2:29:00 PM,,
OPP 337 NEWBURY ST,12:50:00 PM,,
OPP 415 NEWBURY EXT,1:18:00 PM,,
OPP 513 NEWBURY ST EXT,5:27:00 PM,,
OPP 537 NEWBURY ST EXT,5:31:00 PM,,
OPP 56 NEWBURY EXTENSION,6:54:00 PM,,
OPP 9 SUNSET ST,1:54:00 PM,,
OPP100 BLOSSOM ST,12:46:00 PM,,
OPP107 MERRIMAC ST,3:02:00 PM,,
OPP107 MERRIMAC ST,3:02:00 PM,,
OPP110 CANAL ST V-C,4:01:00 PM,,
OPP110 CANAL ST V-C,6:14:00 PM,,
OPP110 CANAL ST V-C,3:58:00 PM,,
OPP133 PORTLAND ST V-C,3:07:00 PM,,
OPP133 PORTLAND ST V-C,5:35:00 PM,,
OPP141 PORTLAND ST V-C,5:39:00 PM,,
OPP141 PORTLAND ST V-C,5:39:00 PM,,
OPP15 BROAD ST C-S,12:39:00 PM,,
OPP19 STANIFORD ST,2:52:00 PM,,
OPP19 STANIFORD ST,12:12:00 PM,,
OPP25 N ANDERSON ST,2:25:00 PM,,
OPP250 CAMBRIDGE ST,2:29:00 PM,,
OPP261 FRIEND ST,6:29:00 PM,,
OPP320 NEWBURY ST H-M,12:53:00 PM,,
OPP326 CAMBRIDGE ST,2:34:00 PM,,
OPP33 BROAD ST M-C,4:50:00 PM,,
OPP44 BEACON ST,6:28:00 PM,,
OPP44 BEACON ST,6:28:00 PM,,
OPP48 BEACON ST,5:50:00 PM,,
OPP51 BEACON ST,6:25:00 PM,,
OPP51 BEACON ST,6:26:00 PM,,
OPP54 BEACON ST,6:22:00 PM,,
OPP54 BEACON ST,5:49:00 PM,,
OPP54 BEACON ST,6:23:00 PM,,
OPP54 BEACON ST,5:55:00 PM,,
OPP57 BEACON ST,5:47:00 PM,,
OPP60 CHARLES ST,1:08:00 PM,,
OPP61 BEACON ST,6:21:00 PM,,
OPP63 BEACON ST,6:20:00 PM,,
OPP63 BEACON ST,3:33:00 PM,,
OPP70 BEACON ST,12:52:00 PM,,
OPP70 BLOSSOM ST,12:34:00 PM,,
OPP70 BLOSSOM ST,12:33:00 PM,,
OPP70 BLOSSOM ST,12:34:00 PM,,
OPP70 BLOSSOM ST,12:32:00 PM,,
OPP77 BEACON ST,3:03:00 PM,,
OPP79 BEACON ST,3:04:00 PM,,
OPP80 BLOSSOM ST,12:41:00 PM,,
OPP80 BLOSSOM ST,12:40:00 PM,,
OPP80 BLOSSOM ST,12:38:00 PM,,
OPP81 BEACON ST,3:07:00 PM,,
OPP81 BEACON ST,3:06:00 PM,,
OPP81 BEACON ST,3:05:00 PM,,
OPP87 BEACON ST,3:10:00 PM,,
OPP87 BEACON ST,3:12:00 PM,,
OPP88 BEACON ST,12:58:00 PM,,
OPP89 BEACON ST,3:14:00 PM,,
OPP9 BROAD ST C-S,12:37:00 PM,,
OPP90 BLOSSOM ST,12:43:00 PM,,
OPP90 BLOSSOM ST,1:14:00 PM,,
OPP90 BLOSSOM ST,1:13:00 PM,,
PARK PLAZA / HADASSAH WAY,3:52:00 PM,42.3516,-71.0689
PARKER ST / RUGGLES ST,1:23:00 PM,42.337,-71.0937
PEARL ST / FRANKLIN ST,2:38:00 PM,42.3561,-71.0549
PEARL ST / HIGH ST,2:33:00 PM,42.3552,-71.054
PEQUOT ST / WAIT ST,4:42:00 PM,42.3326,-71.1063
PEQUOT ST / WAIT ST,1:47:00 PM,42.3326,-71.1063
PROVIDENCE ST / ARLINGTON ST,5:34:00 PM,42.3514,-71.0704
PROVIDENCE ST / BERKELEY ST,5:36:00 PM,42.3508,-71.0728
PROVIDENCE ST / BERKELEY ST,4:43:00 PM,42.3508,-71.0728
PROVIDENCE ST / BERKELEY ST,3:59:00 PM,42.3508,-71.0728
PROVIDENCE ST / BERKELEY ST,4:44:00 PM,42.3508,-71.0728
PROVIDENCE ST / BERKELEY ST,4:42:00 PM,42.3508,-71.0728
SHAWMUT AVE / W BROOKLINE ST,5:16:00 PM,42.3404,-71.0734
ST BOTOLPH ST / CUMBERLAND ST,12:21:00 PM,42.3437,-71.0822
ST BOTOLPH ST / GAINSBOROUGH ST,5:36:00 PM,42.3409,-71.0857
ST BOTOLPH ST / GAINSBOROUGH ST,2:16:00 PM,42.3409,-71.0857
ST JAMES AV / BERKELEY ST,5:27:00 PM,42.3504,-71.0726
ST JAMES AV / BERKELEY ST,3:38:00 PM,42.3504,-71.0726
ST JAMES AVE / BERKELEY ST,5:33:00 PM,42.3504,-71.0726
ST JAMES AVE / BERKELEY ST,5:33:00 PM,42.3504,-71.0726
SUMMER ST / D ST,2:10:00 PM,42.3462,-71.0422
SUMMER ST / D ST,2:09:00 PM,42.3462,-71.0422
SUMMER ST / D ST,2:07:00 PM,42.3462,-71.0422
SUMMER ST / WORLD TRADE CENTER AVE,2:15:00 PM,,
SUMMER ST / WORLD TRADE CENTER AVE,2:20:00 PM,,
SUMMER ST / WORLD TRADE CENTER AVE,2:11:00 PM,,
SUMMER ST / WORLD TRADE CENTER AVE,2:19:00 PM,,
SUMMER ST / WORLD TRADE CENTER AVE,2:12:00 PM,,
SUMMER ST / WORLD TRADE CENTER AVE,2:12:00 PM,,
SUMMER ST / WORLD TRADE CENTER AVE,2:18:00 PM,,
SUMMER ST / WORLD TRADE CENTER AVE,2:19:00 PM,,
SUMMER ST / WORLD TRADE CENTER AVE,2:17:00 PM,,
SUMMER ST / WORLD TRADE CENTER AVE,2:10:00 PM,,
SUMMER ST / WORLD TRADE CENTER AVE,2:13:00 PM,,
SUMMER ST / WORLD TRADE CENTER AVE,2:16:00 PM,,
SURFACE RD / HANOVER ST,2:10:00 PM,42.3622,-71.0565
SURFACE RD / HANOVER ST,2:01:00 PM,42.3622,-71.0565
SURFACE RD / HANOVER ST,4:42:00 PM,42.3622,-71.0565
SYMPHONY RD / HEMENWAY ST,4:14:00 PM,42.3432,-71.0901
UNION ST / MARSHALL ST,4:46:00 PM,42.3613,-71.0571
VALENTI WAY / FRIEND ST,4:56:00 PM,42.364,-71.0605
WATER ST / BROAD ST,12:53:00 PM,42.3584,-71.0542
WATER ST / WASHINGTON ST,1:08:00 PM,42.3577,-71.0581
X 100 BROOKLINE AV,4:19:00 PM,,
X 101 BELVIDERE ST,4:38:00 PM,,
X 13 WORCESTER SQ,4:04:00 PM,,
X 161 DEVONSHIRE ST,3:04:00 PM,,
X 161 DEVONSHIRE ST,12:03:00 PM,,
X 161 DEVONSHIRE ST,12:02:00 PM,,
X 161 DEVONSHIRE ST,1:19:00 PM,,
X 161 DEVONSHIRE ST,6:30:00 PM,,
X 181 DEVONSHIRE ST,12:01:00 PM,,
X 185 DEVONSHIRE ST,12:00:00 PM,,
X 19 SCOTIA ST,4:01:00 PM,,
X 19 SCOTIA ST,5:22:00 PM,,
X 19 SCOTIA ST,5:21:00 PM,,
X 201 DEVONSHIRE ST,6:32:00 PM,,
X 221 COLUMBUS AV,1:56:00 PM,,
X 30 EVANS WY,12:06:00 PM,,
X 391 E BERKELEY ST,6:42:00 PM,,
X 46 GLOUCESTER ST N-B,1:30:00 PM,,
X 465 COLUMBUS AVE,3:52:00 PM,,
X 474 BROOKLINE AV,5:06:00 PM,,
X 474 BROOKLINE AV,4:06:00 PM,,
X 474 BROOKLINE AV,4:08:00 PM,,
X 474 BROOKLINE AVE,4:06:00 PM,,
X 535 NEWBURY EXTENSION,6:30:00 PM,,
X 535 NEWBURY EXTENSION,6:34:00 PM,,
X 535 NEWBURY EXTENSION,6:54:00 PM,,
X 535 NEWBURY ST EXT,4:09:00 PM,,
X 535 NEWBURY ST EXT,5:29:00 PM,,
X 535 NEWBURY ST EXT,4:05:00 PM,,
X 535 NEWBURY ST EXT,5:25:00 PM,,
X 68 EDGERLY RD,4:15:00 PM,,
X 78 CHARLES ST S,6:07:00 PM,,
X 8 CLEARWAY ST,4:31:00 PM,,
X1 OVERLAND ST,1:00:00 PM,,
X1 OVERLAND ST,1:02:00 PM,,
X1 OVERLAND ST,1:03:00 PM,,
X1 UNION ST,4:51:00 PM,,
X1 UNION ST,6:12:00 PM,,
X100 MILK ST,6:37:00 PM,,
X116 LINCOLN ST,6:35:00 PM,,
X116 LINCOLN ST,6:34:00 PM,,
X116 LINCOLN ST,6:34:00 PM,,
X118 MILK ST,1:57:00 PM,,
X118 MILK ST,3:11:00 PM,,
X119 BERKELEY ST,6:43:00 PM,,
X119 BERKELEY ST,6:42:00 PM,,
X1202 COMMONWEALTH AV,12:43:00 PM,,
X121 CHARLES ST S,6:05:00 PM,,
X125 HIGH ST,2:25:00 PM,,
X133 PEARL ST,6:26:00 PM,,
X135 CHARLES ST S,6:06:00 PM,,
X136 ST BOTOLPH ST,1:30:00 PM,,
X139 HILLSIDE ST,4:08:00 PM,,
X14 NEWBURY ST A-B,4:19:00 PM,,
X145 PROVIDENCE ST,1:11:00 PM,,
X145 PROVIDENCE ST,1:12:00 PM,,
X145 PROVIDENCE ST,1:13:00 PM,,
X145 PROVIDENCE ST,1:09:00 PM,,
X1472 WASHINGTON ST,6:58:00 PM,,
X15 UNION ST,1:33:00 PM,,
X1572 TREMONT ST,4:12:00 PM,,
X1597 WASHINGTON ST,6:57:00 PM,,
X16 TREMONT ST,5:46:00 PM,,
X1601 WASHINGTON ST,6:59:00 PM,,
X1601 WASHINGTON ST,6:58:00 PM,,
X1601 WASHINGTON ST,6:58:00 PM,,
X1601 WASHINGTON ST,6:57:00 PM,,
X1603 WASHINGTON ST,6:59:00 PM,,
X171 HARRISON AVE,6:19:00 PM,,
X175 HEMENWAY ST,4:08:00 PM,,
X179 SOUTH ST,4:52:00 PM,,
X18 NEWBURY ST,4:23:00 PM,,
X18 NEWBURY ST A-B,4:22:00 PM,,
X180 BERKELEY ST,12:54:00 PM,,
X180 LINCOLN ST,6:31:00 PM,,
X180 LINCOLN ST,4:35:00 PM,,
X185 HARRISON AVE,6:20:00 PM,,
X190 HIGH ST,5:18:00 PM,,
X20 EVANS WAY,4:37:00 PM,,
X20 EVANS WY,12:05:00 PM,,
X20 HUDSON ST,12:40:00 PM,,
X20 HUDSON ST,2:30:00 PM,,
X200 BOYLSTON ST A-C ST S,1:34:00 PM,,
X200 HIGH ST,5:17:00 PM,,
X200 LINCOLN ST,12:59:00 PM,,
X200 NEWBURY ST,5:40:00 PM,,
X201 COLUMBUS AV,1:56:00 PM,,
X206 CLARENDON ST B-ST JA,12:35:00 PM,,
X206 NEWBURY ST E-F,4:09:00 PM,,
X21 FORSYTH ST,3:51:00 PM,,
X21 FORSYTH ST,3:50:00 PM,,
X220 BOYLSTON ST A-C ST S,1:37:00 PM,,
X221 COLUMBUS AV,4:23:00 PM,,
X221 COLUMBUS AV,1:56:00 PM,,
X230 STUART ST,3:31:00 PM,,
X230 STUART ST,5:24:00 PM,,
X240 STUART ST,3:29:00 PM,,
X241 ST BOTOLPH ST,2:05:00 PM,,
X241 ST BOTOLPH ST,2:08:00 PM,,
X241 ST BOTOLPH ST,2:03:00 PM,,
X30 NEWBURY ST A-B,4:25:00 PM,,
X300 BOYLSTON ST A-C ST S,4:01:00 PM,,
X300 BOYLSTON ST A-C ST S,1:38:00 PM,,
X33 UNION ST,1:49:00 PM,,
X33 UNION ST,1:53:00 PM,,
X354 CHESTNUT HILL AV,4:03:00 PM,,
X358 CHESTNUT HILL AV,4:05:00 PM,,
X358 CHESTNUT HILL AV,4:06:00 PM,,
X407 D STREET,1:59:00 PM,,
X407 D STREET,2:01:00 PM,,
X407 D STREET,2:00:00 PM,,
X415 NEWBURY EXT,1:20:00 PM,,
X415 NEWBURY EXT,1:23:00 PM,,
X415 NEWBURY EXTENSION,1:15:00 PM,,
X42 CHAUNCY ST,3:12:00 PM,,
X44 GAINSBOROUGH ST,3:37:00 PM,,
X44 GAINSBOROUGH ST,3:36:00 PM,,
X44 GAINSBOROUGH ST,6:04:00 PM,,
X44 GAINSBOROUGH ST,3:34:00 PM,,
X474 TREMONT ST,6:51:00 PM,,
X543 ALBANY ST,1:16:00 PM,,
X551 BOYLSTON ST,1:44:00 PM,,
X569 BOYLSTON ST,1:47:00 PM,,
X587 BOYLSTON ST D-C,1:45:00 PM,,
X69 NEWBURY ST B-C,2:06:00 PM,,
X7 DELLE AVE,3:42:00 PM,,
X710 ALBANY ST,1:20:00 PM,,
X710 ALBANY ST,5:41:00 PM,,
X710 ALBANY ST,5:42:00 PM,,
X710 ALBANY ST,5:44:00 PM,,
X72 E DEDHAM ST,2:49:00 PM,,
X72 PETERBOROUGH ST,1:39:00 PM,,
X725 MASSACHUSETTS AV,3:01:00 PM,,
X75 E CONCORD ST,5:27:00 PM,,
X75 E CONCORD ST,1:30:00 PM,,
X75 E CONCORD ST,1:30:00 PM,,
X75 NORTHERN AV,5:50:00 PM,,
X75 NORTHERN AV,5:51:00 PM,,
X80 PETERBOROUGH ST,1:41:00 PM,,
X81 NEWBURY ST B-C,6:10:00 PM,,
X85 NEWBURY ST,4:55:00 PM,,
X9 NEWBURY ST A-B,5:56:00 PM,,
X939 BOYLSTON ST H-G,2:36:00 PM,,
X95 BERKELEY ST,6:40:00 PM,,
X97 NEWBURY ST B-C,6:12:00 PM,,
