location,time,latitude,longitude
1 HUNTINGTON AV,9:05:00 AM,42.3488,-71.0781
1 HUNTINGTON AV,9:06:00 AM,42.3488,-71.0781
1 INDIA ST,11:03:00 AM,,
1 INDIA ST,11:05:00 AM,,
1 INDIA ST,11:04:00 AM,,
1 NEWBURY ST A-B,11:00:00 AM,,
1 PALACE RD,9:23:00 AM,42.3384,-71.0997
10 WEST ST,11:58:00 AM,42.3544,-71.0622
100 CANAL ST,10:24:00 AM,,
100 CANAL ST V-C,10:47:00 AM,,
100 CANAL ST V-C,10:41:00 AM,,
100 CANAL ST V-C,10:42:00 AM,,
100 EAST NEWTON ST,11:19:00 AM,42.3363,-71.0702
100 N WASHINGTON,10:46:00 AM,,
100 N WASHINGTON,10:45:00 AM,,
100 N WASHINGTON,10:48:00 AM,,
100 N WASHINGTON,10:47:00 AM,,
100 N WASHINGTON ST,10:48:00 AM,42.366,-71.0587
100 STATE ST,11:59:00 AM,42.3592,-71.0551
100 STATE ST,11:15:00 AM,42.3592,-71.0551
101 NEWBURY ST,11:24:00 AM,42.3518,-71.0753
103 CAUSEWAY ST,11:03:00 AM,,
104 CLARENDON ST,10:52:00 AM,,
104 CLARENDON ST,10:52:00 AM,,
106 ST STEPHEN ST,11:31:00 AM,,
107 MERRIMAC ST,11:44:00 AM,,
107 SOUTH ST,10:33:00 AM,,
107 ST BOTOLPH ST,10:51:00 AM,42.3447,-71.0814
107 ST BOTOLPH ST,10:51:00 AM,42.3447,-71.0814
107 ST BOTOLPH ST,10:51:00 AM,42.3447,-71.0814
109 CHARLES ST,10:36:00 AM,42.3593,-71.0705
11 DEERFIELD ST,11:53:00 AM,,
11 DEERFIELD ST,11:52:00 AM,,
11 DEERFIELD ST,11:51:00 AM,,
11 NEWBURY ST A-B,10:57:00 AM,,
110 NEWBURY ST,10:04:00 AM,42.3512,-71.0758
1105 COMMONWEALTH AV,9:08:00 AM,42.352,-71.1262
111 ST BOTOLPH ST,10:50:00 AM,42.3446,-71.0815
111 ST BOTOLPH ST,8:24:00 AM,42.3446,-71.0815
1111 COMMONWEALTH AV,9:08:00 AM,42.352,-71.1262
1113 COMMONWEALTH AV,9:08:00 AM,42.352,-71.1262
1114 BEACON ST,10:24:00 AM,,
1116 COMMONWEALTH AV,9:11:00 AM,42.3512,-71.1251
1117 CHESTNUT HILL AV,9:10:00 AM,,
113 ST BOTOLPH ST,8:24:00 AM,42.3445,-71.0815
114 STATE ST,10:58:00 AM,42.3593,-71.0549
114 STATE ST,10:57:00 AM,42.3593,-71.0549
115 NEWBURY ST,9:42:00 AM,42.3515,-71.0762
115 NEWBURY ST,8:35:00 AM,42.3515,-71.0762
115 ST BOTOLPH ST,8:22:00 AM,42.3445,-71.0816
117 ST BOTOLPH ST,10:49:00 AM,42.3444,-71.0817
117 ST BOTOLPH ST,8:21:00 AM,42.3444,-71.0817
118 NEWBURY ST,11:45:00 AM,42.3511,-71.0761
118 SOUTH ST,10:30:00 AM,42.3508,-71.0572
120 CHARLES ST,10:38:00 AM,42.3592,-71.0709
121 ST BOTOLPH ST,10:48:00 AM,42.3443,-71.0818
121 ST BOTOLPH ST,8:20:00 AM,42.3443,-71.0818
123 ST BOTOLPH ST,10:48:00 AM,42.3443,-71.0819
125 HIGH ST,10:50:00 AM,42.3553,-71.0531
125 HIGH ST,10:52:00 AM,42.3553,-71.0531
125 PEARL ST,11:44:00 AM,42.3548,-71.0539
125 PEARL ST,11:43:00 AM,42.3548,-71.0539
125 ST BOTOLPH ST,8:19:00 AM,42.3442,-71.0819
125 ST BOTOLPH ST,10:45:00 AM,42.3442,-71.0819
125 ST BOTOLPH ST,8:18:00 AM,42.3442,-71.0819
125 ST BOTOLPH ST,10:47:00 AM,42.3442,-71.0819
126 BROOKLINE AV,10:08:00 AM,42.3453,-71.1002
126 BROOKLINE AV,8:22:00 AM,42.3453,-71.1002
126 BROOKLINE AV,8:23:00 AM,42.3453,-71.1002
126 BROOKLINE AV,8:23:00 AM,42.3453,-71.1002
126 N WASHINGTON,10:44:00 AM,,
126 NEWBURY ST,11:46:00 AM,42.351,-71.0764
126 NEWBURY ST,9:44:00 AM,42.351,-71.0764
127 ST BOTOLPH ST,10:46:00 AM,42.3442,-71.082
131 DARTMOUTH ST,11:20:00 AM,42.3466,-71.0754
131 ST BOTOLPH ST,10:43:00 AM,42.3441,-71.0821
131 ST BOTOLPH ST,10:44:00 AM,42.3441,-71.0821
131 ST BOTOLPH ST,8:17:00 AM,42.3441,-71.0821
1310 COMMONWEALTH AV,10:52:00 AM,42.3483,-71.1341
1310 COMMONWEALTH AV,10:54:00 AM,42.3483,-71.1341
1310 COMMONWEALTH AV,10:55:00 AM,42.3483,-71.1341
1310 COMMONWEALTH AV,10:54:00 AM,42.3483,-71.1341
1316 COMMONWEALTH AV,10:53:00 AM,,
1316 COMMONWEALTH AV,10:56:00 AM,,
1316 COMMONWEALTH AV,10:57:00 AM,,
133 FEDERAL ST,10:08:00 AM,42.3543,-71.0566
133 FEDERAL ST,10:09:00 AM,42.3543,-71.0566
133 ST BOTOLPH ST,11:19:00 AM,42.344,-71.0822
135 CLARENDON ST,9:40:00 AM,,
135 ST BOTOLPH ST,8:15:00 AM,,
135 ST BOTOLPH ST,8:16:00 AM,,
1365 BOYLSTON ST,8:37:00 AM,,
1375 BOYLSTON ST,8:35:00 AM,,
1377 BOYLSTON ST,8:33:00 AM,,
138 PORTLAND ST V-C,11:32:00 AM,,
139 COLUMBUS AV,10:12:00 AM,42.3497,-71.071
14 CUMBERLAND ST,11:18:00 AM,42.3437,-71.0819
14 NEWBURY ST A-B,11:01:00 AM,,
140 BERKELEY ST,10:04:00 AM,42.3489,-71.0721
140 CHARLES ST,10:34:00 AM,42.3598,-71.071
140 CHARLES ST,10:33:00 AM,42.3598,-71.071
140 CLARENDON ST,10:54:00 AM,42.3486,-71.0744
144 NEWBURY ST C-D,10:39:00 AM,,
15 UNION ST,11:42:00 AM,42.3609,-71.0567
150 BROOKLINE AV,8:27:00 AM,42.3446,-71.101
150 BROOKLINE AV,8:26:00 AM,42.3446,-71.101
150 HUNTINGTON AV,11:12:00 AM,,
150 HUNTINGTON AV,8:56:00 AM,,
150 HUNTINGTON AV,11:11:00 AM,,
150 HUNTINGTON AV,8:57:00 AM,,
150 HUNTINGTON AV,8:53:00 AM,,
150 HUNTINGTON AV,11:10:00 AM,,
150 HUNTINGTON AV,11:14:00 AM,,
150 HUNTINGTON AV,11:13:00 AM,,
150 HUNTINGTON AV,8:54:00 AM,,
150 HUNTINGTON AV,11:13:00 AM,,
150 HUNTINGTON AV,8:57:00 AM,,
150 HUNTINGTON AV,8:59:00 AM,,
150 HUNTINGTON AV,9:00:00 AM,,
150 HUNTINGTON AV,8:58:00 AM,,
150 HUNTINGTON AV,9:00:00 AM,,
150 HUNTINGTON AV,8:58:00 AM,,
150 HUNTINGTON AVE,8:56:00 AM,,
154 NEWBURY ST D-E,10:36:00 AM,,
155 FEDERAL ST,11:26:00 AM,42.3537,-71.0565
155 FEDERAL ST,10:07:00 AM,42.3537,-71.0565
1564 TREMONT ST,8:47:00 AM,42.333,-71.1018
16 NEWBURY ST A-B,11:02:00 AM,,
16 NEWBURY ST A-B,11:01:00 AM,,
164 CANAL ST V-C,10:48:00 AM,,
164 NEWBURY ST,11:23:00 AM,42.3504,-71.0786
165 DARTMOUTH ST,8:59:00 AM,42.348,-71.0758
170 BROOKLINE AV,8:29:00 AM,,
170 BROOKLINE AV,8:28:00 AM,,
170 BROOKLINE AV,11:50:00 AM,,
170 LINCOLN ST,10:11:00 AM,42.3506,-71.0584
173 NEWBURY ST,11:24:00 AM,42.3507,-71.0792
177 NEWBURY ST,10:10:00 AM,42.3507,-71.0794
179 PORTLAND ST V-C,11:10:00 AM,,
179 SOUTH ST,10:15:00 AM,,
179 SOUTH ST,10:16:00 AM,,
180 BERKELEY ST,11:44:00 AM,,
180 BERKELEY ST,11:45:00 AM,,
182 BROOKLINE AV,8:31:00 AM,,
182 BROOKLINE AV,10:57:00 AM,,
184 BROOKLINE AV,10:02:00 AM,,
1884 WASHINGTON ST,10:39:00 AM,42.3348,-71.0787
19 BELVIDERE ST,9:05:00 AM,,
19 DEERFIELD ST,9:26:00 AM,,
19 HARRISON AVE,10:57:00 AM,42.352,-71.0615
19 HARRISON AVE,10:56:00 AM,42.352,-71.0615
1918 BEACON ST,10:21:00 AM,,
1922 BEACON ST,10:21:00 AM,42.3365,-71.1494
1924 BEACON ST,10:22:00 AM,42.3365,-71.1496
1930 BEACON ST,10:23:00 AM,,
1956 BEACON ST,10:24:00 AM,,
197 CALUMET ST,9:05:00 AM,42.3289,-71.1011
197 CALUMET ST,9:04:00 AM,42.3289,-71.1011
197 CALUMET ST,9:13:00 AM,42.3289,-71.1011
2 NEWBURY ST A-B,10:59:00 AM,,
2 OVERLAND ST,10:32:00 AM,,
2 SILBER WY,9:39:00 AM,42.3497,-71.1007
20 NEWBURY ST A-B,11:03:00 AM,,
20 WEST ST,11:59:00 AM,42.2578,-71.1168
200 BERKELEY ST,11:48:00 AM,42.3501,-71.0729
200 LINCOLN ST,10:01:00 AM,42.3503,-71.0586
200 LINCOLN ST,9:59:00 AM,42.3503,-71.0586
200 NEWBURY ST E-F,10:55:00 AM,,
200 PORTLAND ST V-C,11:08:00 AM,,
201 MASSACHUSETTS AVE,11:23:00 AM,,
201 MASSACHUSETTS AVE,11:22:00 AM,,
201 NEWBURY ST,8:59:00 AM,42.3504,-71.0805
205 MASSACHUSETTS AVE,11:23:00 AM,42.3453,-71.0872
209 COLUMBUS AV,10:01:00 AM,42.3485,-71.0724
21 FORSYTH ST,11:45:00 AM,,
213 NEWBURY ST E-F,11:33:00 AM,,
222 BERKELEY ST ST J-B,10:38:00 AM,,
226 NEWBURY ST E-F,10:59:00 AM,,
230 NEWBURY ST E-F,11:00:00 AM,,
231 NEWBURY ST E-F,11:31:00 AM,,
231 NEWBURY ST E-F,11:30:00 AM,,
234 NEWBURY ST E-F,11:01:00 AM,,
236 NEWBURY ST,11:02:00 AM,42.3496,-71.0816
239 NEWBURY ST,11:28:00 AM,,
241 ST BOTOLPH ST,11:16:00 AM,,
244 NEWBURY ST F-G,11:13:00 AM,,
25 KINGSTON ST,10:10:00 AM,42.3537,-71.0592
25 KINGSTON ST,10:12:00 AM,42.3537,-71.0592
254 HARRISON AV,10:25:00 AM,42.3477,-71.0624
256 NEWBURY ST F-G,11:15:00 AM,,
258 HARRISON AV,10:27:00 AM,42.3479,-71.0622
260 BERKELEY ST,8:39:00 AM,42.3526,-71.074
260 BERKELEY ST,11:08:00 AM,42.3526,-71.074
260 BERKELEY ST,10:29:00 AM,42.3526,-71.074
260 BERKELEY ST,8:41:00 AM,42.3526,-71.074
262 NEWBURY ST F-G,11:16:00 AM,,
265 NEWBURY ST F-G,11:26:00 AM,,
270 ATLANTIC AVE,10:22:00 AM,,
270 ATLANTIC AVE,10:23:00 AM,,
270 ATLANTIC AVE,10:21:00 AM,,
270 ATLANTIC AVE,10:21:00 AM,,
270 ATLANTIC AVE,10:22:00 AM,,
270 ATLANTIC AVE,10:20:00 AM,,
270 ATLANTIC AVE,10:22:00 AM,,
270 HUNTINGTON AV,11:07:00 AM,42.3416,-71.0859
270 HUNTINGTON AV,11:07:00 AM,42.3416,-71.0859
271 NEWBURY ST F-G,11:25:00 AM,,
272 NEWBURY ST F-G,11:17:00 AM,,
275 NEWBURY ST,11:24:00 AM,42.3495,-71.0838
279 NEWBURY ST,11:23:00 AM,42.3494,-71.084
279 NEWBURY ST,11:22:00 AM,42.3494,-71.084
282 NEWBURY ST F-G,11:18:00 AM,,
286 NEWBURY ST,10:35:00 AM,42.3489,-71.0844
286 NEWBURY ST,10:32:00 AM,42.3489,-71.0844
29 GLOUCESTER ST,8:46:00 AM,42.3495,-71.0841
30 LANCASTER ST,11:41:00 AM,42.3641,-71.0628
300 NEWBURY ST G-H,10:59:00 AM,,
301 COLUMBUS AV,11:17:00 AM,42.3468,-71.0745
301 COLUMBUS AV,8:51:00 AM,42.3468,-71.0745
301 COLUMBUS AV,11:16:00 AM,42.3468,-71.0745
302 BERKELEY ST,8:17:00 AM,42.3542,-71.0748
308 NEWBURY ST,8:40:00 AM,42.3486,-71.0853
308 NEWBURY ST,8:39:00 AM,42.3486,-71.0853
31 GLOUCESTER ST,8:45:00 AM,42.3495,-71.0841
319 HUNTINGTON AV,10:05:00 AM,42.341,-71.0879
329 HUNTINGTON AV,10:03:00 AM,42.3409,-71.0882
33 GLOUCESTER ST,8:41:00 AM,42.3494,-71.084
33 GLOUCESTER ST,8:44:00 AM,42.3494,-71.084
330 NEWBURY ST H-M,10:49:00 AM,,
335 EVANS WY,10:02:00 AM,,
337 HUNTINGTON AV,10:00:00 AM,,
342 NEWBURY ST,10:40:00 AM,42.3482,-71.0867
348 NEWBURY ST,8:31:00 AM,42.3481,-71.0871
348 NEWBURY ST,10:42:00 AM,42.3481,-71.0871
35 KINGSTON ST,10:14:00 AM,42.3536,-71.0594
355 NEWBURY ST,10:43:00 AM,42.3485,-71.0876
356 BOYLSTON ST B-A,11:23:00 AM,,
40 TRINITY PL,10:50:00 AM,42.3482,-71.0749
40 TRINITY PL,10:49:00 AM,42.3482,-71.0749
400 ATLANTIC AVE,11:02:00 AM,,
400 ATLANTIC AVE,10:11:00 AM,,
400 ATLANTIC AVE,11:03:00 AM,,
408 ATLANTIC AVE,10:10:00 AM,42.3553,-71.0507
408 ATLANTIC AVE,10:09:00 AM,42.3553,-71.0507
408 ATLANTIC AVE,11:02:00 AM,42.3553,-71.0507
408 ATLANTIC AVE,10:10:00 AM,42.3553,-71.0507
42 CHAUNCY ST,10:19:00 AM,42.3537,-71.0598
42 CHAUNCY ST,10:20:00 AM,42.3537,-71.0598
420 BOYLSTON ST,8:34:00 AM,42.3511,-71.0725
440 BOYLSTON ST,10:39:00 AM,,
441 STUART ST,8:42:00 AM,42.3486,-71.076
441 STUART ST,10:46:00 AM,42.3486,-71.076
441 STUART ST,10:45:00 AM,42.3486,-71.076
441 STUART ST,10:47:00 AM,42.3486,-71.076
441 STUART ST,8:40:00 AM,42.3486,-71.076
48 BURBANK ST,11:40:00 AM,42.3442,-71.0883
49 WORTHINGTON ST,8:44:00 AM,42.335,-71.1016
497 BOYLSTON ST C-B,11:32:00 AM,,
497 BOYLSTON ST C-B,11:30:00 AM,,
497 BOYLSTON ST C-B,11:31:00 AM,,
50 COMMONWEALTH AVE,8:23:00 AM,42.3526,-71.074
50 FEDERAL ST,11:21:00 AM,42.3559,-71.0563
50 FISHER AVE,9:32:00 AM,42.3275,-71.1021
500 BOYLSTON ST C-B,10:51:00 AM,,
500 PARKER ST,11:53:00 AM,,
500 PARKER ST,8:23:00 AM,,
500 PARKER ST,11:55:00 AM,,
500 PARKER ST,8:30:00 AM,,
500 PARKER ST,8:27:00 AM,,
500 PARKER ST,8:25:00 AM,,
500 PARKER ST,11:52:00 AM,,
501 BOYLSTON ST,10:16:00 AM,42.3513,-71.0747
501 BOYLSTON ST,10:17:00 AM,42.3513,-71.0747
503 BOYLSTON ST C-B,11:27:00 AM,,
505 BOYLSTON ST,11:28:00 AM,42.3512,-71.0742
505 BOYLSTON ST C-B,11:27:00 AM,,
51 CHARLES ST,10:46:00 AM,42.3001,-71.0642
515 WASHINGTON ST,11:22:00 AM,,
519 ALBANY ST,10:58:00 AM,42.3388,-71.0664
519 ALBANY ST,10:59:00 AM,42.3388,-71.0664
519 ALBANY ST,10:57:00 AM,42.3388,-71.0664
52 CHAUNCY ST,11:49:00 AM,,
545 BOYLSTON ST D-C,11:04:00 AM,,
570 TREMONT ST,10:43:00 AM,42.3434,-71.0723
570 TREMONT ST,10:43:00 AM,42.3434,-71.0723
570 TREMONT ST,10:43:00 AM,42.3434,-71.0723
585 BOYLSTON ST,8:43:00 AM,42.3505,-71.0769
591 BEACON ST,8:26:00 AM,42.3496,-71.0934
601 ALBANY ST,11:15:00 AM,42.3372,-71.0687
607 ALBANY ST,11:15:00 AM,,
607 ALBANY ST,11:16:00 AM,,
609 ALBANY ST,11:15:00 AM,42.337,-71.069
610 BEACON ST,8:22:00 AM,,
610 BEACON ST,8:23:00 AM,,
610 BEACON ST,8:20:00 AM,,
62 CALUMET ST,8:53:00 AM,42.3321,-71.1046
62 COMMONWEALTH AVE,8:25:00 AM,42.3524,-71.0745
632 BEACON ST,8:23:00 AM,42.3497,-71.0949
65 EAST NEWTON ST,11:24:00 AM,42.337,-71.0716
7 EXCHANGE PLACE,10:21:00 AM,,
70 ST BOTOLPH ST,11:02:00 AM,42.3455,-71.0797
703 MASSACHUSETTS AVE,9:49:00 AM,42.335,-71.0755
705 MASSACHUSETTS AVE,9:52:00 AM,42.3349,-71.0754
71 NEWBURY ST B-C,11:16:00 AM,,
711 BOYLSTON ST,10:52:00 AM,42.3496,-71.0799
720 HARRISON AV,11:26:00 AM,42.3377,-71.0709
74 HILLSIDE ST,8:37:00 AM,42.3302,-71.1025
75 BURBANK ST,11:36:00 AM,42.3447,-71.0891
75 EAST NEWTON ST,11:24:00 AM,42.3366,-71.0716
75 EAST NEWTON ST,11:22:00 AM,42.3366,-71.0716
75 EAST NEWTON ST,11:22:00 AM,42.3366,-71.0716
75 EAST NEWTON ST,11:22:00 AM,42.3366,-71.0716
75 FEDERAL ST,11:23:00 AM,42.3553,-71.0568
75 FEDERAL ST,11:23:00 AM,42.3553,-71.0568
75 STATE ST,10:59:00 AM,42.3586,-71.0553
755 BOYLSTON ST,9:04:00 AM,42.3494,-71.0811
755 BOYLSTON ST,9:05:00 AM,42.3494,-71.0811
76 CHARLES ST,10:44:00 AM,42.3581,-71.0707
761 BOYLSTON ST,10:41:00 AM,42.3493,-71.0812
777 BOYLSTON ST,11:46:00 AM,42.3493,-71.0814
79 NEWBURY ST B-C,11:19:00 AM,,
793 BOYLSTON ST,10:39:00 AM,42.3492,-71.0816
8 GARRISON ST,11:00:00 AM,42.3461,-71.0796
8 GARRISON ST,10:58:00 AM,42.3461,-71.0796
80 BEDFORD ST,10:17:00 AM,42.3535,-71.0597
826 HUNTINGTON AVE,9:21:00 AM,42.333,-71.1091
84 STATE ST,11:00:00 AM,42.3591,-71.0557
85 ARCH ST,11:01:00 AM,,
85 EAST NEWTON ST,11:19:00 AM,42.3364,-71.071
85 EAST NEWTON ST,11:21:00 AM,42.3364,-71.071
85 EAST NEWTON ST,11:19:00 AM,42.3364,-71.071
85 MERRIMAC ST,11:48:00 AM,42.3637,-71.0613
85 ST BOTOLPH ST,11:03:00 AM,42.3454,-71.0805
867 BOYLSTON ST G-F,9:11:00 AM,,
87 KILBY ST,10:33:00 AM,42.3573,-71.0554
879 HARRISON AVE,10:36:00 AM,42.3343,-71.0763
88 NEWBURY ST B-C,11:22:00 AM,,
89 SOUTH ST,10:36:00 AM,42.3518,-71.0576
89 SOUTH ST,10:35:00 AM,42.3518,-71.0576
90 CANAL ST NC-V,10:36:00 AM,,
90 CANAL ST NC-V,10:37:00 AM,,
91 ST BOTOLPH ST,10:53:00 AM,42.3453,-71.0806
91 ST BOTOLPH ST,8:29:00 AM,42.3453,-71.0806
92 STATE ST,10:19:00 AM,42.3592,-71.0553
93 HILLSIDE ST,9:02:00 AM,42.3308,-71.1037
955 BOYLSTON ST M-H,11:14:00 AM,,
99 CHARLES ST,10:39:00 AM,42.359,-71.0705
99 MASSACHUSETTS AVE,8:41:00 AM,,
A ST / IRON ST,11:16:00 AM,42.3451,-71.0526
A ST / IRON ST,11:22:00 AM,42.3451,-71.0526
A ST / MT WASHINGTON AVE,11:24:00 AM,42.3465,-71.0515
A STREET / IRON ST,9:59:00 AM,42.3451,-71.0526
A STREET / IRON ST,11:15:00 AM,42.3451,-71.0526
A STREET / IRON ST,11:17:00 AM,42.3451,-71.0526
A STREET / IRON ST,11:20:00 AM,42.3451,-71.0526
A STREET / IRON ST,11:18:00 AM,42.3451,-71.0526
A STREET / IRON ST,11:21:00 AM,42.3451,-71.0526
A STREET / IRON ST,11:17:00 AM,42.3451,-71.0526
A STREET / IRON ST,11:15:00 AM,42.3451,-71.0526
A STREET / IRON ST,11:19:00 AM,42.3451,-71.0526
A STREET / IRON ST,11:19:00 AM,42.3451,-71.0526
A STREET / MT WASHINGTON AVE,11:14:00 AM,42.3465,-71.0515
A STREET / MT WASHINGTON AVE,11:12:00 AM,42.3465,-71.0515
A STREET / MT WASHINGTON AVE,11:12:00 AM,42.3465,-71.0515
A STREET / MT WASHINGTON AVE,11:23:00 AM,42.3465,-71.0515
ALBANY ST / MALDEN ST,10:55:00 AM,42.3392,-71.0655
ALBANY ST / MALDEN ST,10:53:00 AM,42.3392,-71.0655
ASHFORD ST / MALVERN ST,8:54:00 AM,42.3543,-71.1247
ATLANTIC AV / E INDIA ROW,10:18:00 AM,42.3579,-71.0513
ATLANTIC AV / E INDIA ROW,10:15:00 AM,42.3579,-71.0513
ATLANTIC AV / E INDIA ROW,10:16:00 AM,42.3579,-71.0513
ATLANTIC AV / E INDIA ROW,10:17:00 AM,42.3579,-71.0513
ATLANTIC AVE / E INDIA ROW,10:14:00 AM,42.3579,-71.0513
BATTERYMARCH ST / HIGH ST,10:45:00 AM,42.3564,-71.0528
BATTERYMARCH ST / MILK ST,10:39:00 AM,42.3577,-71.0544
BATTERYMARCH ST / MILK ST,10:38:00 AM,42.3577,-71.0544
BATTERYMARCH ST / MILK ST,10:41:00 AM,42.3577,-71.0544
BATTERYMARCH ST / MILK ST,10:42:00 AM,42.3577,-71.0544
BATTERYMARCH ST / MILK ST,10:44:00 AM,42.3577,-71.0544
BEACON ST / SUTHERLAND RD,10:26:00 AM,42.3359,-71.1509
BEACON ST / SUTHERLAND RD,10:24:00 AM,42.3359,-71.1509
BEACON ST / SUTHERLAND RD,10:26:00 AM,42.3359,-71.1509
BERKELEY ST / STUART ST,10:26:00 AM,42.3495,-71.0722
BLAGDEN ST / EXETER ST,10:26:00 AM,42.3487,-71.0791
BLAGDEN ST / EXETER ST,10:28:00 AM,42.3487,-71.0791
BOYLSTON ST / TETLOW ST,9:23:00 AM,,
BOYLSTON ST M-H / DALTON ST,11:11:00 AM,,
BOYLSTON ST ST C-D / ST CECILIA ST,10:48:00 AM,,
CAMBRIA ST / ST CECILIA ST,10:51:00 AM,42.3473,-71.0866
CAUSEWAY ST / CANAL ST,10:51:00 AM,42.3655,-71.0611
CAUSEWAY ST / CANAL ST,10:51:00 AM,42.3655,-71.0611
CAUSEWAY ST / HAVERHILL ST,10:52:00 AM,42.3657,-71.0606
CHARLES ST / BEACON ST,10:52:00 AM,42.3562,-71.0694
CHARLES ST / BOYLSTON ST,11:03:00 AM,42.3525,-71.0675
CHARLES ST / BOYLSTON ST,11:01:00 AM,42.3525,-71.0675
CHARLES ST / BOYLSTON ST,11:06:00 AM,42.3525,-71.0675
CHARLES ST / BOYLSTON ST,11:02:00 AM,42.3525,-71.0675
CHAUNCY ST / SUMMER ST,10:22:00 AM,42.3546,-71.0593
CHESTNUT HILL AV / BEACON ST,9:36:00 AM,42.3359,-71.1509
CLARENDON ST / COLUMBUS AVE,9:48:00 AM,42.3473,-71.0735
COLUMBUS AV / BERKELEY ST,10:09:00 AM,42.3487,-71.0718
COLUMBUS AV / BERKELEY ST,10:08:00 AM,42.3487,-71.0718
COMMONWEALTH AV / GARDNER ST,9:04:00 AM,,
CUMBERLAND ST / HUNTINGTON AVE,10:41:00 AM,42.3443,-71.083
CUMBERLAND ST / HUNTINGTON AVE,9:03:00 AM,42.3443,-71.083
CUMBERLAND ST / HUNTINGTON AVE,11:14:00 AM,42.3443,-71.083
DEERFIELD ST / BAY STATE ROAD,11:56:00 AM,42.3501,-71.0977
EAST NEWTON / HARRISON AVE,11:25:00 AM,42.3375,-71.072
EAST NEWTON / HARRISON AVE,11:24:00 AM,42.3375,-71.072
EAST NEWTON ST / HARRISON AVE,11:25:00 AM,42.3375,-71.072
FORSYTH ST / HEMENWAY ST,9:46:00 AM,42.3408,-71.0912
FORSYTH ST / HEMENWAY ST,9:49:00 AM,42.3408,-71.0912
FORSYTH ST / HEMENWAY ST,9:52:00 AM,42.3408,-71.0912
FORSYTH ST / HUNTINGTON AVE,9:51:00 AM,42.3398,-71.0906
FORSYTH WY / FENWAY,8:37:00 AM,42.3408,-71.0935
FORSYTH WY / HUNTINGTON AVE,8:36:00 AM,42.3391,-71.0923
FRANKLIN ST / OLIVER ST,10:36:00 AM,42.3566,-71.0539
FRANKLIN ST / OLIVER ST,10:41:00 AM,42.3566,-71.0539
FRANKLIN ST / OLIVER ST,10:34:00 AM,42.3566,-71.0539
GRIGGS ST / COMMONWEALTH AVE,10:57:00 AM,42.3486,-71.1341
GRIGGS ST / COMMONWEALTH AVE,10:51:00 AM,42.3486,-71.1341
HARRISON AVE / KNEELAND ST,10:16:00 AM,42.3506,-71.0615
HEMENWAY ST / FAYETTE ST,11:42:00 AM,,
HILLSIDE ST / SACHEM ST,9:10:00 AM,42.331,-71.1051
HUNTINGTON AV / E NEWTON ST,8:51:00 AM,,
HUNTINGTON AV / E NEWTON ST,8:50:00 AM,,
HUNTINGTON AV / E NEWTON ST,11:07:00 AM,,
HUNTINGTON AV / E NEWTON ST,11:07:00 AM,,
HUNTINGTON AV / E NEWTON ST,11:08:00 AM,,
HUNTINGTON AV / E NEWTON ST,8:47:00 AM,,
HUNTINGTON AV / E NEWTON ST,8:50:00 AM,,
HUNTINGTON AV / E NEWTON ST,8:47:00 AM,,
HUNTINGTON AVE / E NEWTON ST,8:48:00 AM,,
INDIA ST / CENTRAL ST,10:58:00 AM,42.3588,-71.0538
INDIA ST / CENTRAL ST,11:00:00 AM,42.3588,-71.0538
KILBY ST / MILK ST,10:35:00 AM,42.3573,-71.0549
MALVERN ST / ASHFORD ST,8:54:00 AM,42.3543,-71.1247
MALVERN ST / ASHFORD ST,8:54:00 AM,42.3543,-71.1247
MALVERN ST / BRIGHTON AVE,8:41:00 AM,42.3522,-71.1252
MALVERN ST / BRIGHTON AVE,8:51:00 AM,42.3522,-71.1252
MALVERN ST / GARDNER ST,8:49:00 AM,42.3534,-71.1249
MALVERN ST / GARDNER ST,8:49:00 AM,42.3534,-71.1249
MARGINAL RD / SHAWMUT AVE,10:34:00 AM,42.3477,-71.0657
MARGINAL RD / TREMONT ST,10:38:00 AM,42.348,-71.068
MARGINAL RD / WASHINGTON ST,10:35:00 AM,42.3473,-71.0644
MARGINAL RD / WASHINGTON ST,10:31:00 AM,42.3473,-71.0644
MEDFORD ST / CAUSEWAY ST,10:52:00 AM,42.3664,-71.0594
MEDFORD ST / N WASHINGTON ST,10:51:00 AM,42.3654,-71.0583
MILK ST / BROAD ST,10:49:00 AM,42.358,-71.054
MILK ST / OLIVER ST,10:22:00 AM,42.3573,-71.0549
NORTH ST / BLACKSTONE ST,11:08:00 AM,42.3612,-71.0555
NORTH ST / BLACKSTONE ST,11:10:00 AM,42.3612,-71.0555
NR 101 PALACE RD,9:18:00 AM,,
NR 19 DEERFIELD ST,11:55:00 AM,,
NR 45 FAIRFIELD ST B-N,11:12:00 AM,,
NR 469 ALBANY ST,10:53:00 AM,,
NR 469 ALBANY ST,10:52:00 AM,,
NR 63 SACHEM ST,11:35:00 AM,,
NR 63 SACHEM ST,11:37:00 AM,,
NR1310 COMMONWEALTH AV,10:52:00 AM,,
NR1377 BOYLSTON ST,11:55:00 AM,,
NR150 HUNTINGTON AV,10:38:00 AM,,
NR150 HUNTINGTON AV,8:51:00 AM,,
NR2 OLIVER ST,10:31:00 AM,,
NR2 OLIVER ST,10:32:00 AM,,
NR50 GARDNER ST,9:04:00 AM,,
NR500 PARKER ST,8:31:00 AM,,
NR7 EXCHANGE PLACE,10:20:00 AM,,
OPERA PL / HUNTINGTON AVE,9:58:00 AM,42.3404,-71.089
OPERA PL / HUNTINGTON AVE,11:34:00 AM,42.3404,-71.089
OPP 16 BURNEY ST,9:26:00 AM,,
OPP 18 KERR WAY,11:16:00 AM,,
OPP 210 CALUMET ST,9:13:00 AM,,
OPP 216 CALUMET ST,9:15:00 AM,,
OPP 28 KERR WAY,11:16:00 AM,,
OPP 34 DELLE AVE,8:24:00 AM,,
OPP 525 NEWBURY ST EXT,10:55:00 AM,,
OPP 531 NEWBURY ST EXT,10:54:00 AM,,
OPP 535 NEWBURY ST EXT,10:52:00 AM,,
OPP 535 NEWBURY ST EXT,10:51:00 AM,,
OPP 68 EDGERLY RD,11:44:00 AM,,
OPP 779 PARKER ST,9:29:00 AM,,
OPP110 CANAL ST V-C,10:26:00 AM,,
OPP110 CANAL ST V-C,10:29:00 AM,,
OPP140 CLARENDON ST,9:44:00 AM,,
OPP145 CHARLES ST,10:29:00 AM,,
OPP179 NEWBURY ST D-E,10:32:00 AM,,
OPP179 NEWBURY ST D-E,10:31:00 AM,,
OPP316 STUART ST,10:21:00 AM,,
OPP320 BOYLSTON ST G-F,10:55:00 AM,,
OPP370 STUART ST,8:29:00 AM,,
OPP370 STUART ST,8:31:00 AM,,
OPP49 GLOUCESTER ST N-B,11:03:00 AM,,
OPP569 BOYLSTON ST,11:06:00 AM,,
OPP569 BOYLSTON ST,11:18:00 AM,,
OPP569 BOYLSTON ST,11:09:00 AM,,
OPP68 EDGERLY RD,11:43:00 AM,,
OPP7 EXCHANGE PLACE,10:19:00 AM,,
OPP71 KILBY ST,10:31:00 AM,,
OPP71 KILBY ST,10:32:00 AM,,
OPP89 CHARLES ST,10:42:00 AM,,
OTIS ST / SUMMER ST,11:54:00 AM,42.3541,-71.0586
RALEIGH ST / BAY STATE ROAD,8:33:00 AM,42.3499,-71.0953
RUGGLES ST / WASHINGTON ST,10:52:00 AM,42.3311,-71.0827
SCOTIA ST / ST CECILIA ST,8:52:00 AM,42.347,-71.0865
SCOTIA ST / ST CECILIA ST,8:47:00 AM,42.347,-71.0865
SCOTIA ST / ST CECILIA ST,8:49:00 AM,42.347,-71.0865
SCOTIA ST / ST CECILIA ST,8:51:00 AM,42.347,-71.0865
SCOTIA ST / ST CECILIA ST,8:51:00 AM,42.347,-71.0865
SILBER WAY / BAY STATE ROAD,9:36:00 AM,42.3503,-71.1004
ST ALPHONSUS ST / CALUMET ST,8:50:00 AM,42.3309,-71.1029
ST ALPHONSUS ST / CALUMET ST,8:50:00 AM,42.3309,-71.1029
ST JAMES AV / BERKELEY ST,10:33:00 AM,42.3504,-71.0726
ST STEPHEN ST / GAINSBOROUGH ST,11:27:00 AM,42.342,-71.0873
STUART ST / CLARENDON ST,8:35:00 AM,42.3489,-71.0744
STUART ST / DARTMOUTH ST,10:32:00 AM,42.3483,-71.0764
STUART ST / DARTMOUTH ST,10:33:00 AM,42.3483,-71.0764
STUART ST / DARTMOUTH ST,10:32:00 AM,42.3483,-71.0764
SURFACE RD / HANOVER ST,11:20:00 AM,42.3622,-71.0565
SURFACE RD / NORTH ST,11:12:00 AM,,
TREMONT ST / WORTHINGTON ST,8:40:00 AM,42.3335,-71.1027
W NEWTON ST / PUBLIC ALLEY NO 403,11:06:00 AM,,
WATER ST / WASHINGTON ST,10:15:00 AM,42.3577,-71.0581
WIGGLESWORTH ST / TREMONT ST,8:41:00 AM,42.3337,-71.1033
X 1 FEDERAL ST,11:19:00 AM,,
X 109 E CANTON ST,11:10:00 AM,,
X 11 FORSYTH ST,9:47:00 AM,,
X 189 DEVONSHIRE ST,11:59:00 AM,,
X 20 EVANS WY,9:32:00 AM,,
X 20 EVANS WY,9:31:00 AM,,
X 20 EVANS WY,9:29:00 AM,,
X 201 DEVONSHIRE ST,11:58:00 AM,,
X 201 DEVONSHIRE ST,11:57:00 AM,,
X 21 FORSYTH ST,9:53:00 AM,,
X 241 ST BOTOLPH ST,11:17:00 AM,,
X 45 FAIRFIELD ST,11:06:00 AM,,
X 46 GLOUCESTER ST N-B,11:20:00 AM,,
X 575 ALBANY ST,11:02:00 AM,,
X 89 E CANTON ST,11:07:00 AM,,
X 99 E CANTON ST,11:09:00 AM,,
X100 ASHFORD ST,8:56:00 AM,,
X100 ASHFORD ST,8:58:00 AM,,
X100 DARTMOUTH ST,8:54:00 AM,,
X109 E CANTON ST,11:08:00 AM,,
X125 HIGH ST,10:48:00 AM,,
X1330 BOYLSTON ST,10:47:00 AM,,
X136 ST BOTOLPH ST,11:16:00 AM,,
X142 BERKELEY ST,11:42:00 AM,,
X145 PROVIDENCE ST,10:46:00 AM,,
X145 PROVIDENCE ST,10:47:00 AM,,
X145 PROVIDENCE ST,10:50:00 AM,,
X145 PROVIDENCE ST,10:51:00 AM,,
X145 PROVIDENCE ST,8:26:00 AM,,
X145 PROVIDENCE ST,10:53:00 AM,,
X145 PROVIDENCE ST,8:23:00 AM,,
X145 PROVIDENCE ST,8:28:00 AM,,
X145 PROVIDENCE ST,10:52:00 AM,,
X15 UNION ST,11:41:00 AM,,
X180 BERKELEY ST,11:39:00 AM,,
X190 HIGH ST,11:48:00 AM,,
X20 EVANS WY,9:31:00 AM,,
X200 BERKELEY ST,11:36:00 AM,,
X232 CLARENDON ST,8:29:00 AM,,
X260 BERKELEY ST,11:10:00 AM,,
X274 FRANKLIN ST,10:43:00 AM,,
X288 COLUMBUS AV,8:48:00 AM,,
X288 COLUMBUS AV,8:50:00 AM,,
X299 BERKELEY ST,8:21:00 AM,,
X299 BERKELEY ST,8:19:00 AM,,
X304 BERKELEY ST,8:16:00 AM,,
X324 CHESTNUT HILL AV,9:33:00 AM,,
X324 CHESTNUT HILL AV,9:27:00 AM,,
X324 CHESTNUT HILL AV,9:28:00 AM,,
X324 CHESTNUT HILL AV,9:29:00 AM,,
X324 CHESTNUT HILL AV,9:26:00 AM,,
X324 CHESTNUT HILL AV,9:32:00 AM,,
X324 CHESTNUT HILL AV,9:30:00 AM,,
X344 CHESTNUT HILL AV,9:27:00 AM,,
X47 WEST ST,11:19:00 AM,,
X543 ALBANY ST,11:02:00 AM,,
X543 ALBANY ST,11:03:00 AM,,
X543 ALBANY ST,11:02:00 AM,,
X545 ALBANY ST,11:02:00 AM,,
X545 ALBANY ST,11:03:00 AM,,
X55 UNION ST,11:29:00 AM,,
X585 BOYLSTON ST D-C,11:32:00 AM,,
X587 BOYLSTON ST D-C,11:36:00 AM,,
X587 BOYLSTON ST D-C,11:33:00 AM,,
X68 EDGERLY RD,11:44:00 AM,,
X69 NEWBURY ST B-C,11:17:00 AM,,
X8 GARRISON ST,8:35:00 AM,,
X8 GARRISON ST,10:56:00 AM,,
X8 GARRISON ST,10:57:00 AM,,
X8 GARRISON ST,8:36:00 AM,,
X8 GARRISON ST,10:56:00 AM,,
X8 GARRISON ST,8:36:00 AM,,
X8 GARRISON ST,10:56:00 AM,,
X89 E CANTON ST,11:08:00 AM,,
X921 BOYLSTON ST H-G,10:42:00 AM,,
X921 BOYLSTON ST H-G,10:41:00 AM,,
X921 BOYLSTON ST H-G,10:43:00 AM,,
YAWKEY WY / BOYLSTON ST,10:45:00 AM,42.3446,-71.0978
YAWKEY WY / VAN NESS ST,10:42:00 AM,42.3454,-71.0982
