location,time,latitude,longitude
location,time,latitude,"longitude"
116 BRIGHTON AVE,10:04:00 PM,42.3526,-71.1306
116 BRIGHTON AVE,10:06:00 PM,42.3526,-71.1306
116 BRIGHTON AVE,10:06:00 PM,42.3526,-71.1306
116 BRIGHTON AVE,10:05:00 PM,42.3526,-71.1306
116 HARVARD AVE,9:09:00 PM,42.3525,-71.1317
1166 WASHINGTON ST,7:29:00 PM,42.3433,-71.066
1166 WASHINGTON ST,7:34:00 PM,42.3433,-71.066
1166 WASHINGTON ST,7:29:00 PM,42.3433,-71.066
120 HARVARD AVE,9:50:00 PM,,
120 HARVARD AVE,9:08:00 PM,,
120 HARVARD AVE,9:07:00 PM,,
120 HARVARD AVE,9:51:00 PM,,
120 HARVARD AVE,9:06:00 PM,,
120 IPSWICH ST,10:03:00 PM,,
120 IPSWICH ST,10:02:00 PM,,
120 IPSWICH ST,10:04:00 PM,,
120 IPSWICH ST,10:08:00 PM,,
120 IPSWICH ST,10:04:00 PM,,
120 IPSWICH ST,10:03:00 PM,,
120 IPSWICH ST,10:02:00 PM,,
120 IPSWICH ST,10:10:00 PM,,
121 CHARLES ST S,9:21:00 PM,42.3597,-71.0705
125 HIGH ST,7:07:00 PM,42.3553,-71.0531
126 HIGH ST,7:09:00 PM,42.3556,-71.0539
132 IPSWICH ST,10:05:00 PM,42.3473,-71.0937
132 IPSWICH ST,10:06:00 PM,42.3473,-71.0937
135 HIGH ST,7:07:00 PM,42.3787,-71.0666
135 PEARL ST,7:06:00 PM,42.3547,-71.0538
136 HARRISON AVE,7:27:00 PM,42.3498,-71.0615
136 HARRISON AVE,7:28:00 PM,42.3498,-71.0615
136 HARRISON AVE,7:27:00 PM,42.3498,-71.0615
136 HARRISON AVE,7:28:00 PM,42.3498,-71.0615
1460 COMMONWEALTH AVE,9:34:00 PM,42.3476,-71.1402
1472 WASHINGTON ST,7:00:00 PM,,
150 HARRISON AVE,7:31:00 PM,42.3494,-71.0618
150 HARRISON AVE,7:32:00 PM,42.3494,-71.0618
150 HARRISON AVE,7:30:00 PM,42.3494,-71.0618
152 MILK ST,7:47:00 PM,42.3587,-71.0529
153 MILK ST,7:43:00 PM,42.3577,-71.0541
1535 WASHINGTON ST,7:38:00 PM,42.3397,-71.0736
1535 WASHINGTON ST,7:39:00 PM,42.3397,-71.0736
1535 WASHINGTON ST,7:39:00 PM,42.3397,-71.0736
1535 WASHINGTON ST,7:42:00 PM,42.3397,-71.0736
1535 WASHINGTON ST,7:38:00 PM,42.3397,-71.0736
1535 WASHINGTON ST,7:38:00 PM,42.3397,-71.0736
1535 WASHINGTON ST,7:42:00 PM,42.3397,-71.0736
1535 WASHINGTON ST,7:40:00 PM,42.3397,-71.0736
155 MILK ST,7:42:00 PM,42.3577,-71.0541
1591 COMMONWEALTH AVE,7:03:00 PM,42.3443,-71.143
16 EXETER ST,8:51:00 PM,42.3522,-71.0806
1695 COMMONWEALTH AVE,7:23:00 PM,42.3419,-71.1469
171 MILK ST,7:45:00 PM,42.3583,-71.0533
1782 COMMONWEALTH AVE,9:27:00 PM,42.3402,-71.1507
183 MASSACHUSETTS AVE,9:15:00 PM,42.3455,-71.0872
200 HARRISON AVE,7:40:00 PM,42.3484,-71.0622
233 HANOVER ST,9:26:00 PM,42.363,-71.055
262 HANOVER ST,9:23:00 PM,42.3636,-71.055
262 HANOVER ST,9:23:00 PM,42.3636,-71.055
262 HANOVER ST,9:23:00 PM,42.3636,-71.055
266 BEACON ST,8:42:00 PM,42.3535,-71.0806
266 BEACON ST,8:43:00 PM,42.3535,-71.0806
267 HANOVER ST,9:25:00 PM,42.3634,-71.0546
267 HANOVER ST,9:24:00 PM,42.3634,-71.0546
272 NEWBURY ST F-G,7:01:00 PM,,
280 BEACON ST,8:44:00 PM,42.3534,-71.0812
285 TREMONT ST,9:05:00 PM,42.3496,-71.0656
287 HANOVER ST,9:08:00 PM,42.3637,-71.0543
290 DARTMOUTH ST,8:22:00 PM,,
290 DARTMOUTH ST,8:21:00 PM,,
293 HANOVER ST,9:24:00 PM,42.3637,-71.0543
294 NEWBURY ST G-H,7:06:00 PM,,
300 COLUMBUS AVE,9:50:00 PM,42.3465,-71.0741
302 HEMENWAY ST,7:57:00 PM,,
314 DARTMOUTH ST,8:29:00 PM,42.3525,-71.0789
317 HANOVER ST,9:09:00 PM,42.364,-71.054
317 HANOVER ST,9:10:00 PM,42.364,-71.054
32 IPSWICH ST,10:07:00 PM,,
32 IPSWICH ST,10:05:00 PM,,
32 IPSWICH ST,10:07:00 PM,,
32 IPSWICH ST,10:05:00 PM,,
32 IPSWICH ST,10:06:00 PM,,
320 CONGRESS ST,10:01:00 PM,42.3513,-71.0495
320 NEWBURY ST,7:10:00 PM,42.3485,-71.0858
326 NEWBURY ST H-M,7:11:00 PM,,
327 HANOVER ST,9:10:00 PM,42.3642,-71.0539
327 HANOVER ST,9:11:00 PM,42.3642,-71.0539
327 HANOVER ST,9:12:00 PM,42.3642,-71.0539
328 HANOVER ST,9:20:00 PM,42.3647,-71.0538
33 GLOUCESTER ST,10:00:00 PM,42.3494,-71.084
33 UNION ST,9:40:00 PM,42.3612,-71.0568
330 CONGRESS ST,10:01:00 PM,42.3513,-71.0494
330 CONGRESS ST,10:00:00 PM,42.3513,-71.0494
330 CONGRESS ST,10:00:00 PM,42.3513,-71.0494
334 SHAWMUT ST,9:10:00 PM,,
339 HANOVER ST,9:11:00 PM,42.3643,-71.0537
342 SHAWMUT ST,9:12:00 PM,,
343 CONGRESS ST,9:58:00 PM,42.3506,-71.0494
343 CONGRESS ST,9:57:00 PM,42.3506,-71.0494
343 HANOVER ST,9:12:00 PM,42.3645,-71.0536
343 HANOVER ST,9:13:00 PM,42.3645,-71.0536
351 HANOVER ST,9:14:00 PM,,
356 HANOVER ST,9:18:00 PM,42.3652,-71.0533
356 HANOVER ST,9:18:00 PM,42.3652,-71.0533
365 HANOVER ST,9:15:00 PM,42.3648,-71.0532
439 TREMONT ST,8:10:00 PM,,
46 WESTLAND AVE,8:17:00 PM,42.3434,-71.088
500 NEWBURY ST,8:01:00 PM,,
53 HEREFORD ST,9:24:00 PM,42.3488,-71.086
56 E BERKELEY ST,10:19:00 PM,,
57 BERKELEY ST,10:20:00 PM,42.3466,-71.0705
64 BRIGHTON AVE,9:00:00 PM,42.3523,-71.1283
732 E BROADWAY,7:05:00 PM,,
778 E BROADWAY,9:35:00 PM,,
81 E BERKELEY ST,7:10:00 PM,,
840 E BROADWAY,9:25:00 PM,,
866 E BROADWAY,10:02:00 PM,,
9 HEREFORD ST,9:29:00 PM,42.3512,-71.087
936 E BROADWAY,9:19:00 PM,,
BERKELEY ST / COLUMBUS AVE,10:02:00 PM,42.3487,-71.0718
BERKELEY ST / COLUMBUS AVE,10:05:00 PM,42.3487,-71.0718
BERKELEY ST / COLUMBUS AVE,10:01:00 PM,42.3487,-71.0718
BERKELEY ST / COLUMBUS AVE,10:03:00 PM,42.3487,-71.0718
BERKELEY ST / COLUMBUS AVE,10:03:00 PM,42.3487,-71.0718
BERKELEY ST / COLUMBUS AVE,10:06:00 PM,42.3487,-71.0718
BERKELEY ST / COLUMBUS AVE,10:01:00 PM,42.3487,-71.0718
BERKELEY ST / COLUMBUS AVE,10:00:00 PM,42.3487,-71.0718
BERKELEY ST / CORTES ST,10:05:00 PM,42.3483,-71.0716
COMMONWEALTH AVE / STRATHMORE RD,7:27:00 PM,42.3389,-71.1524
CROSS ST / SALEM ST,8:09:00 PM,42.363,-71.0563
DARTMOUTH ST / COMMONWEALTH AVE,8:27:00 PM,42.3517,-71.0781
DARTMOUTH ST / MARLBOROUGH ST,8:32:00 PM,42.3529,-71.0787
DARTMOUTH ST / NEWBURY ST,8:17:00 PM,42.3509,-71.0777
E 1ST ST / K ST,10:07:00 PM,42.3381,-71.0375
E BERKELEY ST / CHANDLER ST,10:21:00 PM,,
E BROADWAY / M ST,9:31:00 PM,42.3357,-71.0334
E BROADWAY / N ST,9:29:00 PM,42.3357,-71.0313
EDGERLY RD / BURBANK ST,7:45:00 PM,42.3444,-71.0872
EDGERLY RD / BURBANK ST,7:41:00 PM,42.3444,-71.0872
EXETER ST / MARLBOROUGH ST,8:49:00 PM,42.3523,-71.0809
FAIRFIELD ST / COMMONWEALTH AVE,9:17:00 PM,42.3505,-71.0826
FAIRFIELD ST / NEWBURY ST,9:09:00 PM,42.3497,-71.0822
FAIRFIELD ST / NEWBURY ST,9:09:00 PM,42.3497,-71.0822
FARRAGUT RD / E 5TH ST,9:46:00 PM,42.3341,-71.025
FARRINGTON AVE / BRIGHTON AVE,9:56:00 PM,,
FARRINGTON AVE / BRIGHTON AVE,9:56:00 PM,,
GAINSBOROUGH ST / ST STEPHEN ST,8:07:00 PM,42.342,-71.0873
GARDNER ST / LINDEN ST,10:00:00 PM,42.3536,-71.1301
GLOUCESTER ST / BOYLSTON ST,10:00:00 PM,42.3484,-71.0838
HARVARD AVE / COMMONWEALTH AVE,9:04:00 PM,42.3501,-71.1309
HEREFORD ST / MARLBOROUGH ST,9:28:00 PM,42.3507,-71.0866
HIGH ST / SURFACE RD,7:29:00 PM,42.3569,-71.0512
M ST / E 6TH ST,7:19:00 PM,42.3332,-71.0333
MILK ST / BATTERYMARCH ST,7:41:00 PM,42.3577,-71.0544
NEWBURY EXT / MASSACHUSETTS AVE,7:19:00 PM,42.3481,-71.0881
NR 120 IPSWICH ST,10:02:00 PM,,
NR 120 IPSWICH ST,10:01:00 PM,,
NR 120 IPSWICH ST,10:11:00 PM,,
NR 120 IPSWICH ST,10:03:00 PM,,
NR 121 CHARLES ST S,9:21:00 PM,,
NR 150 HARRISON AVE,7:33:00 PM,,
NR 185 TREMONT ST,9:05:00 PM,,
NR 256 BEACON ST,8:40:00 PM,,
NR 285 TREMONT ST,9:07:00 PM,,
NR 285 TREMONT ST,9:03:00 PM,,
NR 285 TREMONT ST,9:04:00 PM,,
NR 285 TREMONT ST,9:05:00 PM,,
NR 305 NEWBURY EXTENSION,9:14:00 PM,,
NR 375 NEWBURY EXT,7:19:00 PM,,
NR 709 E BROADWAY,9:10:00 PM,,
NR 95 BERKELEY ST,10:01:00 PM,,
NR 95 BERKELEY ST,10:00:00 PM,,
NR 95 BERKELEY ST,10:01:00 PM,,
NR 95 BERKELEY ST,10:02:00 PM,,
NR100 MILK ST,7:40:00 PM,,
OLIVER ST / FRANKLIN ST,7:36:00 PM,42.3566,-71.0539
OLIVER ST / HIGH ST,7:37:00 PM,42.3561,-71.0532
OLIVER ST / HIGH ST,7:36:00 PM,42.3561,-71.0532
OLIVER ST / HIGH ST,7:34:00 PM,42.3561,-71.0532
OLIVER ST / HIGH ST,7:34:00 PM,42.3561,-71.0532
OPP 121 CHARLES ST S,9:17:00 PM,,
OPP 121 CHARLES ST S,9:19:00 PM,,
OPP 1352 HARRISON AVE,7:30:00 PM,,
OPP 1595 WASHINGTON ST,9:40:00 PM,,
OPP 175 HEMENWAY ST,8:00:00 PM,,
OPP 185 HARRISON AVE,7:35:00 PM,,
OPP 54 NEWBURY EXTENSION,9:18:00 PM,,
OPP 54 NEWBURY EXTENSION,9:16:00 PM,,
OPP 78 CHARLES ST S,9:24:00 PM,,
PILGRIM RD / BROOKLINE AVE,7:08:00 PM,42.3426,-71.1034
SCOTIA ST / ST CECILIA ST,7:33:00 PM,42.347,-71.0865
SCOTIA ST / ST CECILIA ST,7:31:00 PM,42.347,-71.0865
SHAWMUT AVE / MARGINAL RD,9:10:00 PM,42.3477,-71.0657
ST CECILIA ST / SCOTIA ST,7:28:00 PM,42.347,-71.0865
STRATHMORE RD / COMMONWEALTH AVE,7:27:00 PM,42.3389,-71.1524
UNION ST / NORTH ST,9:38:00 PM,42.3604,-71.0567
W BROADWAY / *AT PUBLIC LOT,8:59:00 PM,,
WASHINGTON ST / E SPRINGFIELD ST,8:25:00 PM,42.337,-71.0763
X 1180 WASHINGTON ST,7:59:00 PM,,
X 120 IPSWICH ST,10:10:00 PM,,
X 120 IPSWICH ST,10:10:00 PM,,
X 120 IPSWICH ST,10:08:00 PM,,
X 163 HEMENWAY ST,8:01:00 PM,,
X 1688 COLUMBIA RD,7:33:00 PM,,
X 175 HEMENWAY ST,7:59:00 PM,,
X 277 DARTMOUTH ST,8:18:00 PM,,
X 277 DARTMOUTH ST,8:17:00 PM,,
X 283 DARTMOUTH ST,8:19:00 PM,,
X 535 NEWBURY EXTENSION,9:16:00 PM,,
X 535 NEWBURY EXTENSION,9:17:00 PM,,
X 535 NEWBURY EXTENSION,9:14:00 PM,,
X1166 WASHINGTON ST,7:59:00 PM,,
X118 MILK ST,7:41:00 PM,,
X121 CHARLES ST S,9:16:00 PM,,
X121 CHARLES ST S,9:18:00 PM,,
X135 CHARLES ST S,9:19:00 PM,,
X1472 WASHINGTON ST,7:01:00 PM,,
X15 UNION ST,9:38:00 PM,,
X15 UNION ST,9:39:00 PM,,
X15 UNION ST,9:39:00 PM,,
X167 MILK ST,7:44:00 PM,,
X1680 COLUMBIA RD,9:39:00 PM,,
X171 MILK ST,7:44:00 PM,,
X185 HARRISON AVE,7:33:00 PM,,
X1890 COLUMBIA RD,7:36:00 PM,,
X190 HIGH ST,7:26:00 PM,,
X190 HIGH ST,7:26:00 PM,,
X1990 HIGH ST,7:25:00 PM,,
X20 PARMENTER ST,9:06:00 PM,,
X200 HIGH ST,7:29:00 PM,,
X21 UNION ST,9:39:00 PM,,
X277 DARTMOUTH ST,8:18:00 PM,,
X284 HANOVER ST,9:09:00 PM,,
X285 COLUMBUS AVE,9:52:00 PM,,
X343 CONGRESS ST,9:59:00 PM,,
X78 CHARLES ST S,9:25:00 PM,,
