location,time,latitude,longitude
100 WARRENTON ST,11:29:00 PM,42.3508,"-71.0662
"
120 IPSWICH ST,11:06:00 PM,,"
"
120 IPSWICH ST,11:06:00 PM,,"
"
120 IPSWICH ST,11:22:00 PM,,"
"
120 IPSWICH ST,11:21:00 PM,,"
"
120 IPSWICH ST,11:20:00 PM,,"
"
132 IPSWICH ST,11:16:00 PM,42.3473,"-71.0937
"
132 IPSWICH ST,11:12:00 PM,42.3473,"-71.0937
"
132 IPSWICH ST,11:11:00 PM,42.3473,"-71.0937
"
132 IPSWICH ST,11:16:00 PM,42.3473,"-71.0937
"
132 IPSWICH ST,11:14:00 PM,42.3473,"-71.0937
"
132 IPSWICH ST,11:18:00 PM,42.3473,"-71.0937
"
132 IPSWICH ST,11:19:00 PM,42.3473,"-71.0937
"
132 IPSWICH ST,11:15:00 PM,42.3473,"-71.0937
"
141 W BROADWAY,10:29:00 PM,,"
"
1472 WASHINGTON ST,10:46:00 PM,,"
"
1597 WASHINGTON ST,10:39:00 PM,,"
"
180 BRIGHTON AVE,11:52:00 PM,42.353,"-71.1336
"
187 L ST,11:13:00 PM,42.332,"-71.0354
"
19 FROST AVE,11:54:00 PM,42.2907,"-71.0507
"
190 BRIGHTON AVE,11:50:00 PM,42.353,"-71.1339
"
20 AMORY AVE,11:30:00 PM,,"
"
219 L ST,11:15:00 PM,42.3311,"-71.0355
"
221 NEWBURY ST,10:51:00 PM,42.3501,"-71.0815
"
234 L ST,11:22:00 PM,42.3302,"-71.035
"
245 L ST,11:18:00 PM,42.3302,"-71.0354
"
249 L ST,11:19:00 PM,42.33,"-71.0354
"
256 MARKET ST,11:42:00 PM,42.354,"-71.1502
"
263 BEACON ST,11:16:00 PM,42.3532,"-71.0796
"
274 TREMONT ST,11:36:00 PM,42.3499,"-71.065
"
290 TREMONT ST,11:21:00 PM,42.3493,"-71.0648
"
305 W BROADWAY,10:43:00 PM,,"
"
319 DARTMOUTH ST,11:06:00 PM,42.3532,"-71.0786
"
409 W BROADWAY,10:46:00 PM,,"
"
409 W BROADWAY,10:45:00 PM,,"
"
41 BROOKSDALE RD,11:32:00 PM,42.3567,"-71.1592
"
42 L ST,11:34:00 PM,,"
"
54 W NEWTON ST,10:36:00 PM,42.3399,"-71.0751
"
63 E BERKELEY ST,10:58:00 PM,,"
"
65 HEMENWAY ST,11:58:00 PM,42.3448,"-71.0899
"
685 COMMONWEALTH AVE,10:37:00 PM,,"
"
747 E BROADWAY,10:53:00 PM,,"
"
84 W NEWTON ST,10:33:00 PM,42.3405,"-71.0758
"
853 E 1ST ST,11:55:00 PM,42.3381,"-71.0301
"
99 NORWAY ST,11:53:00 PM,42.3454,"-71.0883
"
BABCOCK ST / ASHFORD ST,10:49:00 PM,42.3538,"-71.1209
"
COMMONWEALTH AVE / BABCOCK ST,10:45:00 PM,42.3517,"-71.1213
"
DARTMOUTH ST / COMMONWEALTH AVE,11:01:00 PM,42.3517,"-71.0781
"
DARTMOUTH ST / MARLBOROUGH ST,11:04:00 PM,42.3529,"-71.0787
"
EDGERLY RD / BURBANK ST,11:48:00 PM,42.3444,"-71.0872
"
EDGERLY RD / BURBANK ST,11:47:00 PM,42.3444,"-71.0872
"
EVERETT AVE / STOUGHTON ST,11:24:00 PM,42.316,"-71.0627
"
GLOUCESTER ST / BEACON ST,11:29:00 PM,42.3519,"-71.0855
"
GLOUCESTER ST / COMMONWEALTH AVE,11:32:00 PM,42.35,"-71.0845
"
JERSEY ST / QUEENSBERRY ST,11:43:00 PM,42.3428,"-71.097
"
KILMARNOCK ST / QUEENSBERRY ST,11:48:00 PM,42.3423,"-71.0992
"
MARGINAL RD / WASHINGTON ST,11:14:00 PM,42.3473,"-71.0644
"
NR 100 CHARLES ST S,11:17:00 PM,,"
"
NR88 BERKELEY ST,11:03:00 PM,,"
"
OPP 120 IPSWICH ST,11:03:00 PM,,"
"
OPP 5 PETERBOROUGH ST,11:30:00 PM,,"
"
OPP 80 IPSWICH ST,10:59:00 PM,,"
"
OPP865 E BROADWAY,11:02:00 PM,,"
"
SHAWMUT AVE / OAK ST W,11:24:00 PM,42.3486,"-71.0655
"
STOUGHTON ST / WINDERMERE RD,11:26:00 PM,42.3156,"-71.062
"
W BROADWAY / D ST,10:42:00 PM,42.3388,"-71.0508
"
X 1513 WASHINGTON ST,10:44:00 PM,,"
"
X 25 STUART ST,11:08:00 PM,,"
"
X 359 BEACON ST,11:23:00 PM,,"
"
X 68 EDGERLY RD,11:50:00 PM,,"
"
X 78 W NEWTON ST,10:34:00 PM,,"
"
X 80 IPSWICH ST,11:01:00 PM,,"
"
X15 BURTON ST,11:22:00 PM,,"
"
X1597 WASHINGTON ST,10:42:00 PM,,"
"
X236 BEACON ST,11:09:00 PM,,"
"
X260 TREMONT ST,11:33:00 PM,,"
"
X42 BURTON ST,11:19:00 PM,,"
"
X650 E 1ST ST,11:51:00 PM,,"
"
X75 BERKELEY ST,11:00:00 PM,,"
"
X95 E BERKELEY ST,11:02:00 PM,,"
"
YAWKEY WAY / BROOKLINE AVE,11:55:00 PM,42.3468,"-71.0989
"
